[2026-03-18 14:16:45] [INFO   ]  Custom Logger Initialized 
[2026-03-18 14:16:45] [INFO   ] [NOTICE] TerraformGenerator will suppress the server's watchdog while generating chunks to prevent unnecessary stacktrace warnings. Unless you specifically need thewatchdog now (to take aikar timings or debug lag), you don't need to take any action. 
[2026-03-18 14:16:45] [INFO   ] It is recommended to pregenerate to reduce lag problems. 
[2026-03-18 14:16:45] [INFO   ] Watchdog Thread hooked. 
[2026-03-18 14:16:45] [INFO   ]  bStats Metrics enabled. 
[2026-03-18 14:16:45] [INFO   ]  Detected version: v1_21_R7, packName: v1_21_R7 
[2026-03-18 14:16:45] [INFO   ] Unfreezing biome registry... 
[2026-03-18 14:16:45] [INFO   ] Registered custom biome: muddy_bog 
[2026-03-18 14:16:45] [INFO   ] Registered custom biome: cherry_grove 
[2026-03-18 14:16:45] [INFO   ] Registered custom biome: scarlet_forest 
[2026-03-18 14:16:45] [INFO   ] Registered custom biome: crystalline_cluster 
[2026-03-18 14:16:45] [INFO   ] Freezing biome registry 
[2026-03-18 14:16:45] [INFO   ] [Structure Registry] Registered Large Structure: VillageHousePopulator 
[2026-03-18 14:16:45] [INFO   ] [Structure Registry] Registered Large Structure: VillagePopulator 
[2026-03-18 14:16:45] [INFO   ] [Structure Registry] Registered Large Structure: OutpostPopulator 
[2026-03-18 14:16:45] [INFO   ] [Structure Registry] Registered Large Structure: PyramidPopulator 
[2026-03-18 14:16:45] [INFO   ] [Structure Registry] Registered Large Structure: MonumentPopulator 
[2026-03-18 14:16:45] [INFO   ] [Structure Registry] Registered Large Structure: StrongholdPopulator 
[2026-03-18 14:16:45] [INFO   ] [Structure Registry] Registered Large Structure: MansionPopulator 
[2026-03-18 14:16:45] [INFO   ] [Structure Registry] Registered Large Structure: AncientCityPopulator 
[2026-03-18 14:16:45] [INFO   ] [Structure Registry] Registered Large Structure: TrialChamberPopulator 
[2026-03-18 14:16:45] [INFO   ] [Structure Registry] Registered Large Structure: LargeCavePopulator 
[2026-03-18 14:16:45] [INFO   ] [Structure Registry] Registered Large Structure: MineshaftPopulator 
[2026-03-18 14:16:45] [INFO   ] [Structure Registry] Registered Large Structure: CatacombsPopulator 
[2026-03-18 14:16:45] [INFO   ] [Structure Registry] Registered Large Structure: BadlandsMinePopulator 
[2026-03-18 14:16:45] [INFO   ] [Structure Registry] Registered Large Structure: WarmOceanRuinsPopulator 
[2026-03-18 14:16:45] [INFO   ] [Structure Registry] Registered Large Structure: TrailRuinsPopulator 
[2026-03-18 14:16:45] [INFO   ] [Structure Registry] Registered Small Structure: SmallDungeonPopulator 
[2026-03-18 14:16:45] [INFO   ] [Structure Registry] Registered Small Structure: ShipwreckPopulator 
[2026-03-18 14:16:45] [INFO   ] [Structure Registry] Registered Small Structure: BuriedTreasurePopulator 
[2026-03-18 14:16:45] [INFO   ] [Structure Registry] Registered Small Structure: RuinedPortalPopulator 
[2026-03-18 14:16:45] [INFO   ] [Structure Registry] Registered Small Structure: IglooPopulator 
[2026-03-18 14:16:45] [INFO   ] [Structure Registry] Registered Small Structure: DesertWellPopulator 
[2026-03-18 14:16:45] [INFO   ] [Structure Registry] Registered Small Structure: WitchHutPopulator 
[2026-03-18 14:16:46] [INFO   ] Creating TW instance: world - 8157096416607632898 
[2026-03-18 14:16:46] [INFO   ]  Detected world: world, commencing injection...  
[2026-03-18 14:16:46] [INFO   ] Creating TW instance: world - 8157096416607632898 
[2026-03-18 14:16:46] [INFO   ] NMSChunkGenerator Delegate is of type CustomChunkGenerator 
[2026-03-18 14:16:46] [INFO   ] Post injection: getChunkSource().getChunkGenerator() is of type NMSChunkGenerator 
[2026-03-18 14:16:46] [INFO   ]  Injection success! Proceeding with generation. 
[2026-03-18 14:16:48] [INFO   ]  world loaded. 
[2026-03-18 14:18:15] [INFO   ] Will spawn stronghold at: CoordPair[x=1256, z=634] 
[2026-03-18 14:18:17] [INFO   ] Large Cave at 832,15,-192 has water level > -20 with populator LargeLushCavePopulator 
[2026-03-18 14:18:19] [INFO   ] Spawning MossyCavePopulator at 672,7,-267 
[2026-03-18 14:18:19] [INFO   ] Spawning DeepCavePopulator at 677,-48,-264 
[2026-03-18 14:18:19] [INFO   ] Spawning FrozenCavePopulator at 676,1,-244 
[2026-03-18 14:18:19] [INFO   ] Spawning CaveFluidClusterPopulator at 680,-14,-320 
[2026-03-18 14:18:32] [INFO   ] Spawning CrystallineClusterCavePopulator at 688,74,-344 
[2026-03-18 14:18:36] [INFO   ] Spawning LushClusterCavePopulator at 704,-32,-320 
[2026-03-18 14:18:36] [INFO   ] Spawning DripstoneClusterCavePopulator at 704,16,-448 
[2026-03-18 14:27:08] [INFO   ] Spawning ancient city at: 320,-14,320 
[2026-03-18 14:27:08] [INFO   ] Registered: org.terraform.structure.ancientcity.AncientCityCenterPlatformPopulator at 328 -14 328 in a room of size 46x46 
[2026-03-18 14:27:08] [INFO   ] Registered: org.terraform.structure.ancientcity.AncientCitySchematicPlatform at 337 -14 278 in a room of size 24x24 
[2026-03-18 14:27:08] [INFO   ] Registered: org.terraform.structure.ancientcity.AncientCityRuinsPlatform at 266 -14 334 in a room of size 19x22 
[2026-03-18 14:27:08] [INFO   ] Registered: org.terraform.structure.ancientcity.AncientCityRuinsPlatform at 289 -14 335 in a room of size 20x17 
[2026-03-18 14:27:08] [INFO   ] Registered: org.terraform.structure.ancientcity.AncientCityRuinsPlatform at 363 -14 349 in a room of size 16x24 
[2026-03-18 14:27:08] [INFO   ] Registered: org.terraform.structure.ancientcity.AncientCityLargePillarRoomPopulator at 287 -14 283 in a room of size 16x16 
[2026-03-18 14:27:08] [INFO   ] Registered: org.terraform.structure.ancientcity.AncientCitySchematicPlatform at 264 -14 294 in a room of size 21x24 
[2026-03-18 14:27:08] [INFO   ] Registered: org.terraform.structure.ancientcity.AncientCityAltarPopulator at 352 -14 374 in a room of size 17x16 
[2026-03-18 14:27:08] [INFO   ] Registered: org.terraform.structure.ancientcity.AncientCityRuinsPlatform at 372 -14 289 in a room of size 16x26 
[2026-03-18 14:27:08] [INFO   ] Registered: org.terraform.structure.ancientcity.AncientCityRuinsPlatform at 292 -14 304 in a room of size 19x19 
[2026-03-18 14:27:08] [INFO   ] Registered: org.terraform.structure.ancientcity.AncientCitySchematicPlatform at 284 -14 362 in a room of size 24x24 
[2026-03-18 14:30:01] [INFO   ] Large Cave at 832,50,-704 has water level > -15 with populator MushroomCavePopulator 
[2026-03-18 14:36:03] [INFO   ]  Custom Logger Initialized 
[2026-03-18 14:36:04] [INFO   ] [NOTICE] TerraformGenerator will suppress the server's watchdog while generating chunks to prevent unnecessary stacktrace warnings. Unless you specifically need thewatchdog now (to take aikar timings or debug lag), you don't need to take any action. 
[2026-03-18 14:36:04] [INFO   ] It is recommended to pregenerate to reduce lag problems. 
[2026-03-18 14:36:04] [INFO   ] Watchdog Thread hooked. 
[2026-03-18 14:36:04] [INFO   ]  bStats Metrics enabled. 
[2026-03-18 14:36:04] [INFO   ]  Detected version: v1_21_R7, packName: v1_21_R7 
[2026-03-18 14:36:04] [INFO   ] Unfreezing biome registry... 
[2026-03-18 14:36:04] [INFO   ] Registered custom biome: muddy_bog 
[2026-03-18 14:36:04] [INFO   ] Registered custom biome: cherry_grove 
[2026-03-18 14:36:04] [INFO   ] Registered custom biome: scarlet_forest 
[2026-03-18 14:36:04] [INFO   ] Registered custom biome: crystalline_cluster 
[2026-03-18 14:36:04] [INFO   ] Freezing biome registry 
[2026-03-18 14:36:04] [INFO   ] [Structure Registry] Registered Large Structure: VillageHousePopulator 
[2026-03-18 14:36:04] [INFO   ] [Structure Registry] Registered Large Structure: VillagePopulator 
[2026-03-18 14:36:04] [INFO   ] [Structure Registry] Registered Large Structure: OutpostPopulator 
[2026-03-18 14:36:04] [INFO   ] [Structure Registry] Registered Large Structure: PyramidPopulator 
[2026-03-18 14:36:04] [INFO   ] [Structure Registry] Registered Large Structure: MonumentPopulator 
[2026-03-18 14:36:04] [INFO   ] [Structure Registry] Registered Large Structure: StrongholdPopulator 
[2026-03-18 14:36:04] [INFO   ] [Structure Registry] Registered Large Structure: MansionPopulator 
[2026-03-18 14:36:04] [INFO   ] [Structure Registry] Registered Large Structure: AncientCityPopulator 
[2026-03-18 14:36:04] [INFO   ] [Structure Registry] Registered Large Structure: TrialChamberPopulator 
[2026-03-18 14:36:04] [INFO   ] [Structure Registry] Registered Large Structure: LargeCavePopulator 
[2026-03-18 14:36:04] [INFO   ] [Structure Registry] Registered Large Structure: MineshaftPopulator 
[2026-03-18 14:36:04] [INFO   ] [Structure Registry] Registered Large Structure: CatacombsPopulator 
[2026-03-18 14:36:04] [INFO   ] [Structure Registry] Registered Large Structure: BadlandsMinePopulator 
[2026-03-18 14:36:04] [INFO   ] [Structure Registry] Registered Large Structure: WarmOceanRuinsPopulator 
[2026-03-18 14:36:04] [INFO   ] [Structure Registry] Registered Large Structure: TrailRuinsPopulator 
[2026-03-18 14:36:04] [INFO   ] [Structure Registry] Registered Small Structure: SmallDungeonPopulator 
[2026-03-18 14:36:04] [INFO   ] [Structure Registry] Registered Small Structure: ShipwreckPopulator 
[2026-03-18 14:36:04] [INFO   ] [Structure Registry] Registered Small Structure: BuriedTreasurePopulator 
[2026-03-18 14:36:04] [INFO   ] [Structure Registry] Registered Small Structure: RuinedPortalPopulator 
[2026-03-18 14:36:04] [INFO   ] [Structure Registry] Registered Small Structure: IglooPopulator 
[2026-03-18 14:36:04] [INFO   ] [Structure Registry] Registered Small Structure: DesertWellPopulator 
[2026-03-18 14:36:04] [INFO   ] [Structure Registry] Registered Small Structure: WitchHutPopulator 
[2026-03-18 14:36:04] [INFO   ] Creating TW instance: world - 8157096416607632898 
[2026-03-18 14:36:04] [INFO   ]  Detected world: world, commencing injection...  
[2026-03-18 14:36:04] [INFO   ] Creating TW instance: world - 8157096416607632898 
[2026-03-18 14:36:04] [INFO   ] NMSChunkGenerator Delegate is of type CustomChunkGenerator 
[2026-03-18 14:36:04] [INFO   ] Post injection: getChunkSource().getChunkGenerator() is of type NMSChunkGenerator 
[2026-03-18 14:36:04] [INFO   ]  Injection success! Proceeding with generation. 
[2026-03-18 14:36:04] [INFO   ]  world loaded. 
[2026-03-18 14:37:13] [INFO   ]  Custom Logger Initialized 
[2026-03-18 14:37:14] [INFO   ] [NOTICE] TerraformGenerator will suppress the server's watchdog while generating chunks to prevent unnecessary stacktrace warnings. Unless you specifically need thewatchdog now (to take aikar timings or debug lag), you don't need to take any action. 
[2026-03-18 14:37:14] [INFO   ] It is recommended to pregenerate to reduce lag problems. 
[2026-03-18 14:37:14] [INFO   ] Watchdog Thread hooked. 
[2026-03-18 14:37:14] [INFO   ]  bStats Metrics enabled. 
[2026-03-18 14:37:14] [INFO   ]  Detected version: v1_21_R7, packName: v1_21_R7 
[2026-03-18 14:37:14] [INFO   ] Unfreezing biome registry... 
[2026-03-18 14:37:14] [INFO   ] Registered custom biome: muddy_bog 
[2026-03-18 14:37:14] [INFO   ] Registered custom biome: cherry_grove 
[2026-03-18 14:37:14] [INFO   ] Registered custom biome: scarlet_forest 
[2026-03-18 14:37:14] [INFO   ] Registered custom biome: crystalline_cluster 
[2026-03-18 14:37:14] [INFO   ] Freezing biome registry 
[2026-03-18 14:37:14] [INFO   ] [Structure Registry] Registered Large Structure: VillageHousePopulator 
[2026-03-18 14:37:14] [INFO   ] [Structure Registry] Registered Large Structure: VillagePopulator 
[2026-03-18 14:37:14] [INFO   ] [Structure Registry] Registered Large Structure: OutpostPopulator 
[2026-03-18 14:37:14] [INFO   ] [Structure Registry] Registered Large Structure: PyramidPopulator 
[2026-03-18 14:37:14] [INFO   ] [Structure Registry] Registered Large Structure: MonumentPopulator 
[2026-03-18 14:37:14] [INFO   ] [Structure Registry] Registered Large Structure: StrongholdPopulator 
[2026-03-18 14:37:14] [INFO   ] [Structure Registry] Registered Large Structure: MansionPopulator 
[2026-03-18 14:37:14] [INFO   ] [Structure Registry] Registered Large Structure: AncientCityPopulator 
[2026-03-18 14:37:14] [INFO   ] [Structure Registry] Registered Large Structure: TrialChamberPopulator 
[2026-03-18 14:37:14] [INFO   ] [Structure Registry] Registered Large Structure: LargeCavePopulator 
[2026-03-18 14:37:14] [INFO   ] [Structure Registry] Registered Large Structure: MineshaftPopulator 
[2026-03-18 14:37:14] [INFO   ] [Structure Registry] Registered Large Structure: CatacombsPopulator 
[2026-03-18 14:37:14] [INFO   ] [Structure Registry] Registered Large Structure: BadlandsMinePopulator 
[2026-03-18 14:37:14] [INFO   ] [Structure Registry] Registered Large Structure: WarmOceanRuinsPopulator 
[2026-03-18 14:37:14] [INFO   ] [Structure Registry] Registered Large Structure: TrailRuinsPopulator 
[2026-03-18 14:37:14] [INFO   ] [Structure Registry] Registered Small Structure: SmallDungeonPopulator 
[2026-03-18 14:37:14] [INFO   ] [Structure Registry] Registered Small Structure: ShipwreckPopulator 
[2026-03-18 14:37:14] [INFO   ] [Structure Registry] Registered Small Structure: BuriedTreasurePopulator 
[2026-03-18 14:37:14] [INFO   ] [Structure Registry] Registered Small Structure: RuinedPortalPopulator 
[2026-03-18 14:37:14] [INFO   ] [Structure Registry] Registered Small Structure: IglooPopulator 
[2026-03-18 14:37:14] [INFO   ] [Structure Registry] Registered Small Structure: DesertWellPopulator 
[2026-03-18 14:37:14] [INFO   ] [Structure Registry] Registered Small Structure: WitchHutPopulator 
[2026-03-18 14:37:14] [INFO   ] Creating TW instance: world - 8157096416607632898 
[2026-03-18 14:37:14] [INFO   ]  Detected world: world, commencing injection...  
[2026-03-18 14:37:14] [INFO   ] Creating TW instance: world - 8157096416607632898 
[2026-03-18 14:37:14] [INFO   ] NMSChunkGenerator Delegate is of type CustomChunkGenerator 
[2026-03-18 14:37:14] [INFO   ] Post injection: getChunkSource().getChunkGenerator() is of type NMSChunkGenerator 
[2026-03-18 14:37:14] [INFO   ]  Injection success! Proceeding with generation. 
[2026-03-18 14:37:15] [INFO   ]  world loaded. 
[2026-03-18 14:39:06] [INFO   ] Will spawn stronghold at: CoordPair[x=1256, z=634] 
[2026-03-18 14:39:07] [INFO   ] Large Cave at 832,50,-704 has water level > -15 with populator MushroomCavePopulator 
[2026-03-18 14:39:08] [INFO   ] Spawning MossyCavePopulator at 704,19,-544 
[2026-03-18 14:39:08] [INFO   ] Spawning DeepCavePopulator at 715,-49,-560 
[2026-03-18 14:39:25] [INFO   ] Large Cave at 832,15,-192 has water level > -20 with populator LargeLushCavePopulator 
[2026-03-18 14:39:28] [INFO   ] Spawning CaveFluidClusterPopulator at 760,5,-320 
[2026-03-18 14:39:28] [INFO   ] Spawning FrozenCavePopulator at 752,-5,-247 
[2026-03-18 14:39:29] [INFO   ] Spawning DripstoneClusterCavePopulator at 768,6,-320 
[2026-03-18 14:39:29] [INFO   ] Spawning CrystallineClusterCavePopulator at 774,9,-344 
[2026-03-18 14:39:29] [INFO   ] Spawning LushClusterCavePopulator at 768,-25,-384 
[2026-03-18 14:58:29] [INFO   ] Spawning Creaking Heart at -412,66,-213 
[2026-03-18 14:58:29] [INFO   ] Generating org.terraform.structure.small.dungeon.SmallDungeonPopulator at chunk: -26,-19 
[2026-03-18 14:58:29] [INFO   ] Spawning Underground Dungeon at -409,43,-294 
[2026-03-18 14:58:55] [INFO   ] Generating org.terraform.structure.small.buriedtreasure.BuriedTreasurePopulator at chunk: -27,-16 
[2026-03-18 14:58:55] [INFO   ] Generating org.terraform.structure.small.dungeon.SmallDungeonPopulator at chunk: -27,-25 
[2026-03-18 14:58:55] [INFO   ] Spawning Underground Dungeon at -426,20,-400 
[2026-03-18 14:59:26] [INFO   ] Registered: org.terraform.structure.mineshaft.SmeltingHallPopulator at -242 18 -656 in a room of size 14x14 
[2026-03-18 14:59:26] [INFO   ] Registered: org.terraform.structure.mineshaft.SmeltingHallPopulator at -165 18 -638 in a room of size 14x13 
[2026-03-18 14:59:26] [INFO   ] Registered: org.terraform.structure.mineshaft.SmeltingHallPopulator at -201 18 -752 in a room of size 15x14 
[2026-03-18 14:59:26] [INFO   ] Registered: org.terraform.structure.mineshaft.CaveSpiderDenPopulator at -232 18 -715 in a room of size 15x15 
[2026-03-18 14:59:26] [INFO   ] Registered: org.terraform.structure.mineshaft.SmeltingHallPopulator at -140 18 -632 in a room of size 14x14 
[2026-03-18 14:59:26] [INFO   ] Registered: org.terraform.structure.mineshaft.SmeltingHallPopulator at -177 18 -744 in a room of size 13x14 
[2026-03-18 14:59:26] [INFO   ] Registered: org.terraform.structure.mineshaft.SmeltingHallPopulator at -182 18 -771 in a room of size 15x15 
[2026-03-18 14:59:26] [INFO   ] Registered: org.terraform.structure.mineshaft.CaveSpiderDenPopulator at -150 18 -714 in a room of size 15x13 
[2026-03-18 14:59:26] [INFO   ] Registered: org.terraform.structure.mineshaft.SmeltingHallPopulator at -253 18 -716 in a room of size 13x13 
[2026-03-18 14:59:33] [INFO   ] Spawning Creaking Heart at -486,73,-196 
[2026-03-18 15:37:59] [INFO   ]  Custom Logger Initialized 
[2026-03-18 15:38:00] [INFO   ] [NOTICE] TerraformGenerator will suppress the server's watchdog while generating chunks to prevent unnecessary stacktrace warnings. Unless you specifically need thewatchdog now (to take aikar timings or debug lag), you don't need to take any action. 
[2026-03-18 15:38:00] [INFO   ] It is recommended to pregenerate to reduce lag problems. 
[2026-03-18 15:38:00] [INFO   ] Watchdog Thread hooked. 
[2026-03-18 15:38:00] [INFO   ]  bStats Metrics enabled. 
[2026-03-18 15:38:00] [INFO   ]  Detected version: v1_21_R7, packName: v1_21_R7 
[2026-03-18 15:38:00] [INFO   ] Unfreezing biome registry... 
[2026-03-18 15:38:00] [INFO   ] Registered custom biome: muddy_bog 
[2026-03-18 15:38:00] [INFO   ] Registered custom biome: cherry_grove 
[2026-03-18 15:38:00] [INFO   ] Registered custom biome: scarlet_forest 
[2026-03-18 15:38:00] [INFO   ] Registered custom biome: crystalline_cluster 
[2026-03-18 15:38:00] [INFO   ] Freezing biome registry 
[2026-03-18 15:38:00] [INFO   ] [Structure Registry] Registered Large Structure: VillageHousePopulator 
[2026-03-18 15:38:00] [INFO   ] [Structure Registry] Registered Large Structure: VillagePopulator 
[2026-03-18 15:38:00] [INFO   ] [Structure Registry] Registered Large Structure: OutpostPopulator 
[2026-03-18 15:38:00] [INFO   ] [Structure Registry] Registered Large Structure: PyramidPopulator 
[2026-03-18 15:38:00] [INFO   ] [Structure Registry] Registered Large Structure: MonumentPopulator 
[2026-03-18 15:38:00] [INFO   ] [Structure Registry] Registered Large Structure: StrongholdPopulator 
[2026-03-18 15:38:00] [INFO   ] [Structure Registry] Registered Large Structure: MansionPopulator 
[2026-03-18 15:38:00] [INFO   ] [Structure Registry] Registered Large Structure: AncientCityPopulator 
[2026-03-18 15:38:00] [INFO   ] [Structure Registry] Registered Large Structure: TrialChamberPopulator 
[2026-03-18 15:38:00] [INFO   ] [Structure Registry] Registered Large Structure: LargeCavePopulator 
[2026-03-18 15:38:00] [INFO   ] [Structure Registry] Registered Large Structure: MineshaftPopulator 
[2026-03-18 15:38:00] [INFO   ] [Structure Registry] Registered Large Structure: CatacombsPopulator 
[2026-03-18 15:38:00] [INFO   ] [Structure Registry] Registered Large Structure: BadlandsMinePopulator 
[2026-03-18 15:38:00] [INFO   ] [Structure Registry] Registered Large Structure: WarmOceanRuinsPopulator 
[2026-03-18 15:38:00] [INFO   ] [Structure Registry] Registered Large Structure: TrailRuinsPopulator 
[2026-03-18 15:38:00] [INFO   ] [Structure Registry] Registered Small Structure: SmallDungeonPopulator 
[2026-03-18 15:38:00] [INFO   ] [Structure Registry] Registered Small Structure: ShipwreckPopulator 
[2026-03-18 15:38:00] [INFO   ] [Structure Registry] Registered Small Structure: BuriedTreasurePopulator 
[2026-03-18 15:38:00] [INFO   ] [Structure Registry] Registered Small Structure: RuinedPortalPopulator 
[2026-03-18 15:38:00] [INFO   ] [Structure Registry] Registered Small Structure: IglooPopulator 
[2026-03-18 15:38:00] [INFO   ] [Structure Registry] Registered Small Structure: DesertWellPopulator 
[2026-03-18 15:38:00] [INFO   ] [Structure Registry] Registered Small Structure: WitchHutPopulator 
[2026-03-18 15:38:01] [INFO   ] Creating TW instance: world - 8157096416607632898 
[2026-03-18 15:38:01] [INFO   ]  Detected world: world, commencing injection...  
[2026-03-18 15:38:01] [INFO   ] Creating TW instance: world - 8157096416607632898 
[2026-03-18 15:38:01] [INFO   ] NMSChunkGenerator Delegate is of type CustomChunkGenerator 
[2026-03-18 15:38:01] [INFO   ] Post injection: getChunkSource().getChunkGenerator() is of type NMSChunkGenerator 
[2026-03-18 15:38:01] [INFO   ]  Injection success! Proceeding with generation. 
[2026-03-18 15:38:01] [INFO   ]  world loaded. 
[2026-03-18 15:40:47] [INFO   ] Will spawn stronghold at: CoordPair[x=1256, z=634] 
[2026-03-18 15:40:48] [INFO   ] Large Cave at 832,50,-704 has water level > -15 with populator MushroomCavePopulator 
[2026-03-18 15:42:48] [INFO   ] Spawning MossyCavePopulator at 688,32,-656 
[2026-03-18 15:42:48] [INFO   ] Spawning DeepCavePopulator at 688,-51,-648 
[2026-03-18 15:42:48] [INFO   ] Spawning CrystallineClusterCavePopulator at 688,7,-602 
[2026-03-18 15:42:51] [INFO   ] Spawning LushClusterCavePopulator at 704,-23,-704 
[2026-03-18 15:42:51] [INFO   ] Spawning DripstoneClusterCavePopulator at 704,-32,-768 
[2026-03-18 15:42:54] [INFO   ] Spawning CaveFluidClusterPopulator at 720,33,-640 
[2026-03-18 15:43:58] [INFO   ] Large Cave at 832,15,-192 has water level > -20 with populator LargeLushCavePopulator 
[2026-03-18 15:44:07] [INFO   ] Generating org.terraform.structure.small.shipwreck.ShipwreckPopulator at chunk: 47,-52 
[2026-03-18 15:44:07] [INFO   ] Spawning shipwreck at 761, 49, -825 with rotation of SOUTH 
[2026-03-18 15:46:32] [INFO   ] Large Cave at 320,18,-704 has water level > -25 with populator GenericLargeCavePopulator 
[2026-03-18 15:46:53] [INFO   ] Spawning FrozenCavePopulator at 677,4,-1008 
[2026-03-18 15:47:06] [INFO   ] Large Cave at 320,24,-1216 has water level > -16 with populator MushroomCavePopulator 
[2026-03-18 15:47:20] [INFO   ] Generating org.terraform.structure.small.ruinedportal.RuinedPortalPopulator at chunk: 40,-69 
[2026-03-18 15:47:20] [INFO   ] Generating org.terraform.structure.small.dungeon.SmallDungeonPopulator at chunk: 25,-69 
[2026-03-18 15:47:20] [INFO   ] Spawning Underground Dungeon at 407,23,-1101 
[2026-03-18 15:49:18] [INFO   ] Generating org.terraform.structure.caves.LargeCavePopulator at chunk: 20,-76 
[2026-03-18 15:50:34] [INFO   ] Registered: org.terraform.structure.mineshaft.CaveSpiderDenPopulator at -232 -2 -715 in a room of size 15x15 
[2026-03-18 15:50:34] [INFO   ] Registered: org.terraform.structure.mineshaft.CaveSpiderDenPopulator at -242 -2 -656 in a room of size 14x14 
[2026-03-18 15:50:34] [INFO   ] Registered: org.terraform.structure.mineshaft.CaveSpiderDenPopulator at -150 -2 -714 in a room of size 15x13 
[2026-03-18 15:50:34] [INFO   ] Registered: org.terraform.structure.mineshaft.CaveSpiderDenPopulator at -177 -2 -744 in a room of size 13x14 
[2026-03-18 15:50:34] [INFO   ] Registered: org.terraform.structure.mineshaft.CaveSpiderDenPopulator at -253 -2 -716 in a room of size 13x13 
[2026-03-18 15:50:34] [INFO   ] Registered: org.terraform.structure.mineshaft.SmeltingHallPopulator at -165 -2 -638 in a room of size 14x13 
[2026-03-18 15:50:34] [INFO   ] Registered: org.terraform.structure.mineshaft.SmeltingHallPopulator at -182 -2 -771 in a room of size 15x15 
[2026-03-18 15:50:34] [INFO   ] Registered: org.terraform.structure.mineshaft.CaveSpiderDenPopulator at -201 -2 -752 in a room of size 15x14 
[2026-03-18 15:50:34] [INFO   ] Registered: org.terraform.structure.mineshaft.SmeltingHallPopulator at -140 -2 -632 in a room of size 14x14 
[2026-03-18 15:54:28] [INFO   ] Spawning ancient city at: 320,-15,320 
[2026-03-18 15:54:28] [INFO   ] Registered: org.terraform.structure.ancientcity.AncientCityCenterPlatformPopulator at 328 -15 328 in a room of size 46x46 
[2026-03-18 15:54:28] [INFO   ] Registered: org.terraform.structure.ancientcity.AncientCityRuinsPlatform at 261 -15 342 in a room of size 19x22 
[2026-03-18 15:54:28] [INFO   ] Registered: org.terraform.structure.ancientcity.AncientCityAltarPopulator at 363 -15 373 in a room of size 21x21 
[2026-03-18 15:54:28] [INFO   ] Registered: org.terraform.structure.ancientcity.AncientCityLargePillarRoomPopulator at 380 -15 349 in a room of size 20x17 
[2026-03-18 15:54:28] [INFO   ] Registered: org.terraform.structure.ancientcity.AncientCityRuinsPlatform at 285 -15 355 in a room of size 18x21 
[2026-03-18 15:54:28] [INFO   ] Registered: org.terraform.structure.ancientcity.AncientCityAltarPopulator at 264 -15 313 in a room of size 23x26 
[2026-03-18 15:54:28] [INFO   ] Registered: org.terraform.structure.ancientcity.AncientCitySchematicPlatform at 264 -15 365 in a room of size 23x18 
[2026-03-18 15:54:28] [INFO   ] Registered: org.terraform.structure.ancientcity.AncientCityAltarPopulator at 324 -15 287 in a room of size 16x19 
[2026-03-18 15:54:28] [INFO   ] Registered: org.terraform.structure.ancientcity.AncientCityLargePillarRoomPopulator at 358 -15 276 in a room of size 18x19 
[2026-03-18 15:54:28] [INFO   ] Registered: org.terraform.structure.ancientcity.AncientCityLargePillarRoomPopulator at 364 -15 303 in a room of size 17x17 
[2026-03-18 15:54:28] [INFO   ] Registered: org.terraform.structure.ancientcity.AncientCitySchematicPlatform at 266 -15 287 in a room of size 17x19 
[2026-03-18 15:54:28] [INFO   ] Registered: org.terraform.structure.ancientcity.AncientCityAltarPopulator at 335 -15 373 in a room of size 21x18 
[2026-03-18 15:54:28] [INFO   ] Registered: org.terraform.structure.ancientcity.AncientCitySchematicPlatform at 289 -15 266 in a room of size 18x18 
[2026-03-18 15:55:09] [INFO   ] Small Schematic 
[2026-03-18 15:55:10] [INFO   ] Generating org.terraform.structure.small.dungeon.SmallDungeonPopulator at chunk: 22,13 
[2026-03-18 15:55:10] [INFO   ] Spawning Underground Dungeon at 364,162,208 
[2026-03-18 15:55:22] [INFO   ] Small Schematic 
[2026-03-18 16:00:23] [INFO   ] Large Cave at -704,12,-192 has water level > -32 with populator GenericLargeCavePopulator 
[2026-03-18 16:00:23] [INFO   ] Spawning ancient city at: -704,-10,-704 
[2026-03-18 16:00:23] [INFO   ] Registered: org.terraform.structure.ancientcity.AncientCityRuinsPlatform at -682 -10 -744 in a room of size 23x16 
[2026-03-18 16:00:23] [INFO   ] Registered: org.terraform.structure.ancientcity.AncientCityAltarPopulator at -665 -10 -648 in a room of size 23x16 
[2026-03-18 16:00:23] [INFO   ] Registered: org.terraform.structure.ancientcity.AncientCityLargePillarRoomPopulator at -744 -10 -709 in a room of size 20x20 
[2026-03-18 16:00:23] [INFO   ] Registered: org.terraform.structure.ancientcity.AncientCityAltarPopulator at -650 -10 -714 in a room of size 26x21 
[2026-03-18 16:00:23] [INFO   ] Registered: org.terraform.structure.ancientcity.AncientCitySchematicPlatform at -706 -10 -659 in a room of size 21x21 
[2026-03-18 16:00:23] [INFO   ] Registered: org.terraform.structure.ancientcity.AncientCityCenterPlatformPopulator at -696 -10 -696 in a room of size 46x46 
[2026-03-18 16:00:23] [INFO   ] Registered: org.terraform.structure.ancientcity.AncientCitySchematicPlatform at -645 -10 -755 in a room of size 22x16 
[2026-03-18 16:00:23] [INFO   ] Registered: org.terraform.structure.ancientcity.AncientCityAltarPopulator at -749 -10 -738 in a room of size 23x16 
[2026-03-18 16:00:23] [INFO   ] Registered: org.terraform.structure.ancientcity.AncientCityRuinsPlatform at -650 -10 -679 in a room of size 19x20 
[2026-03-18 16:00:23] [INFO   ] Registered: org.terraform.structure.ancientcity.AncientCitySchematicPlatform at -733 -10 -659 in a room of size 26x26 
[2026-03-18 16:00:23] [INFO   ] Registered: org.terraform.structure.ancientcity.AncientCitySchematicPlatform at -740 -10 -764 in a room of size 20x26 
[2026-03-18 16:01:06] [INFO   ] Medium Schematic 
[2026-03-18 16:01:07] [INFO   ] Generating org.terraform.structure.ancientcity.AncientCityPopulator at chunk: -44,-44 
[2026-03-18 16:01:09] [INFO   ] Large Schematic 
[2026-03-18 16:02:05] [INFO   ] Generating org.terraform.structure.small.dungeon.SmallDungeonPopulator at chunk: -54,-21 
[2026-03-18 16:02:05] [INFO   ] Spawning Underground Dungeon at -862,29,-329 
[2026-03-18 16:02:16] [INFO   ] Generating org.terraform.structure.small.dungeon.SmallDungeonPopulator at chunk: -55,-28 
[2026-03-18 16:02:16] [INFO   ] Spawning Underground Dungeon at -880,33,-433 
[2026-03-18 16:02:23] [INFO   ] Generating org.terraform.structure.small.dungeon.SmallDungeonPopulator at chunk: -56,-38 
[2026-03-18 16:02:23] [INFO   ] Spawning Underground Dungeon at -886,24,-602 
[2026-03-18 16:02:53] [INFO   ] Spawning ancient city at: -1216,-17,-192 
[2026-03-18 16:02:53] [INFO   ] Registered: org.terraform.structure.ancientcity.AncientCityCenterPlatformPopulator at -1208 -17 -184 in a room of size 46x46 
[2026-03-18 16:02:53] [INFO   ] Registered: org.terraform.structure.ancientcity.AncientCityRuinsPlatform at -1220 -17 -152 in a room of size 21x18 
[2026-03-18 16:02:53] [INFO   ] Registered: org.terraform.structure.ancientcity.AncientCityAltarPopulator at -1275 -17 -206 in a room of size 23x16 
[2026-03-18 16:02:53] [INFO   ] Registered: org.terraform.structure.ancientcity.AncientCitySchematicPlatform at -1255 -17 -228 in a room of size 21x25 
[2026-03-18 16:02:53] [INFO   ] Registered: org.terraform.structure.ancientcity.AncientCityRuinsPlatform at -1272 -17 -251 in a room of size 16x18 
[2026-03-18 16:02:53] [INFO   ] Registered: org.terraform.structure.ancientcity.AncientCityRuinsPlatform at -1179 -17 -237 in a room of size 17x16 
[2026-03-18 16:02:53] [INFO   ] Registered: org.terraform.structure.ancientcity.AncientCitySchematicPlatform at -1253 -17 -170 in a room of size 23x25 
[2026-03-18 16:02:53] [INFO   ] Registered: org.terraform.structure.ancientcity.AncientCityRuinsPlatform at -1240 -17 -201 in a room of size 18x20 
[2026-03-18 16:02:53] [INFO   ] Registered: org.terraform.structure.ancientcity.AncientCitySchematicPlatform at -1175 -17 -149 in a room of size 21x23 
[2026-03-18 16:02:53] [INFO   ] Registered: org.terraform.structure.ancientcity.AncientCitySchematicPlatform at -1232 -17 -228 in a room of size 23x23 
[2026-03-18 16:02:53] [INFO   ] Registered: org.terraform.structure.ancientcity.AncientCitySchematicPlatform at -1256 -17 -137 in a room of size 21x16 
[2026-03-18 16:02:53] [INFO   ] Large Cave at -1216,25,-704 has water level > -9 with populator LargeLushCavePopulator 
[2026-03-18 16:03:14] [INFO   ] Generating org.terraform.structure.small.buriedtreasure.BuriedTreasurePopulator at chunk: -68,-27 
[2026-03-18 16:03:19] [INFO   ] Generating org.terraform.structure.small.dungeon.SmallDungeonPopulator at chunk: -69,-42 
[2026-03-18 16:03:19] [INFO   ] Spawning Underground Dungeon at -1097,20,-659 
[2026-03-18 16:03:54] [INFO   ] Generating org.terraform.structure.small.dungeon.SmallDungeonPopulator at chunk: -73,-9 
[2026-03-18 16:03:54] [INFO   ] Spawning Underground Dungeon at -1163,33,-133 
[2026-03-18 16:03:58] [INFO   ] Medium Schematic 
[2026-03-18 16:04:10] [INFO   ] Generating org.terraform.structure.small.dungeon.SmallDungeonPopulator at chunk: -71,-5 
[2026-03-18 16:04:10] [INFO   ] Spawning Underground Dungeon at -1123,40,-67 
[2026-03-18 16:04:27] [INFO   ] Large Schematic 
[2026-03-18 16:04:28] [INFO   ] Generating org.terraform.structure.ancientcity.AncientCityPopulator at chunk: -76,-12 
[2026-03-18 16:04:54] [INFO   ] Large Schematic 
[2026-03-18 16:04:54] [INFO   ] Medium Schematic 
[2026-03-18 16:04:54] [INFO   ] Medium Schematic 
[2026-03-18 16:05:12] [INFO   ] Large Cave at -1216,24,320 has water level > -13 with populator GenericLargeCavePopulator 
[2026-03-18 16:06:38] [INFO   ] Generating org.terraform.structure.small.dungeon.SmallDungeonPopulator at chunk: -82,5 
[2026-03-18 16:06:38] [INFO   ] Spawning Underground Dungeon at -1299,37,88 
[2026-03-18 16:09:08] [INFO   ] Generating org.terraform.structure.small.dungeon.SmallDungeonPopulator at chunk: -72,10 
[2026-03-18 16:09:08] [INFO   ] Spawning Underground Dungeon at -1151,20,170 
[2026-03-18 16:11:17] [INFO   ] Generating org.terraform.structure.small.dungeon.SmallDungeonPopulator at chunk: -55,9 
[2026-03-18 16:11:17] [INFO   ] Spawning Underground Dungeon at -868,23,145 
[2026-03-18 16:11:18] [INFO   ] Spawning Creaking Heart at -871,70,217 
[2026-03-18 16:11:18] [INFO   ] Spawning Creaking Heart at -869,72,247 
[2026-03-18 16:11:20] [INFO   ] -44,20 will spawn a vanilla structure, with tryGenerateStructure == true 
[2026-03-18 16:11:21] [INFO   ] Spawning Creaking Heart at -862,72,167 
[2026-03-18 16:11:21] [INFO   ] Spawning Creaking Heart at -863,73,228 
[2026-03-18 16:11:27] [INFO   ] Generating org.terraform.structure.small.ruinedportal.RuinedPortalPopulator at chunk: -53,11 
[2026-03-18 16:11:27] [INFO   ] Spawning Creaking Heart at -843,72,209 
[2026-03-18 16:11:38] [INFO   ] Spawning Creaking Heart at -815,76,155 
[2026-03-18 16:11:48] [INFO   ] Spawning Creaking Heart at -798,70,247 
[2026-03-18 16:11:48] [INFO   ] Spawning Creaking Heart at -793,70,248 
[2026-03-18 21:51:33] [INFO   ]  Custom Logger Initialized 
[2026-03-18 21:51:34] [INFO   ] [NOTICE] TerraformGenerator will suppress the server's watchdog while generating chunks to prevent unnecessary stacktrace warnings. Unless you specifically need thewatchdog now (to take aikar timings or debug lag), you don't need to take any action. 
[2026-03-18 21:51:34] [INFO   ] It is recommended to pregenerate to reduce lag problems. 
[2026-03-18 21:51:34] [INFO   ] Watchdog Thread hooked. 
[2026-03-18 21:51:34] [INFO   ]  bStats Metrics enabled. 
[2026-03-18 21:51:34] [INFO   ]  Detected version: v1_21_R7, packName: v1_21_R7 
[2026-03-18 21:51:34] [INFO   ] Unfreezing biome registry... 
[2026-03-18 21:51:34] [INFO   ] Registered custom biome: muddy_bog 
[2026-03-18 21:51:34] [INFO   ] Registered custom biome: cherry_grove 
[2026-03-18 21:51:34] [INFO   ] Registered custom biome: scarlet_forest 
[2026-03-18 21:51:34] [INFO   ] Registered custom biome: crystalline_cluster 
[2026-03-18 21:51:34] [INFO   ] Freezing biome registry 
[2026-03-18 21:51:34] [INFO   ] [Structure Registry] Registered Large Structure: VillageHousePopulator 
[2026-03-18 21:51:34] [INFO   ] [Structure Registry] Registered Large Structure: VillagePopulator 
[2026-03-18 21:51:34] [INFO   ] [Structure Registry] Registered Large Structure: OutpostPopulator 
[2026-03-18 21:51:34] [INFO   ] [Structure Registry] Registered Large Structure: PyramidPopulator 
[2026-03-18 21:51:34] [INFO   ] [Structure Registry] Registered Large Structure: MonumentPopulator 
[2026-03-18 21:51:34] [INFO   ] [Structure Registry] Registered Large Structure: StrongholdPopulator 
[2026-03-18 21:51:34] [INFO   ] [Structure Registry] Registered Large Structure: MansionPopulator 
[2026-03-18 21:51:34] [INFO   ] [Structure Registry] Registered Large Structure: AncientCityPopulator 
[2026-03-18 21:51:34] [INFO   ] [Structure Registry] Registered Large Structure: TrialChamberPopulator 
[2026-03-18 21:51:34] [INFO   ] [Structure Registry] Registered Large Structure: LargeCavePopulator 
[2026-03-18 21:51:34] [INFO   ] [Structure Registry] Registered Large Structure: MineshaftPopulator 
[2026-03-18 21:51:34] [INFO   ] [Structure Registry] Registered Large Structure: CatacombsPopulator 
[2026-03-18 21:51:34] [INFO   ] [Structure Registry] Registered Large Structure: BadlandsMinePopulator 
[2026-03-18 21:51:34] [INFO   ] [Structure Registry] Registered Large Structure: WarmOceanRuinsPopulator 
[2026-03-18 21:51:34] [INFO   ] [Structure Registry] Registered Large Structure: TrailRuinsPopulator 
[2026-03-18 21:51:34] [INFO   ] [Structure Registry] Registered Small Structure: SmallDungeonPopulator 
[2026-03-18 21:51:34] [INFO   ] [Structure Registry] Registered Small Structure: ShipwreckPopulator 
[2026-03-18 21:51:34] [INFO   ] [Structure Registry] Registered Small Structure: BuriedTreasurePopulator 
[2026-03-18 21:51:34] [INFO   ] [Structure Registry] Registered Small Structure: RuinedPortalPopulator 
[2026-03-18 21:51:34] [INFO   ] [Structure Registry] Registered Small Structure: IglooPopulator 
[2026-03-18 21:51:34] [INFO   ] [Structure Registry] Registered Small Structure: DesertWellPopulator 
[2026-03-18 21:51:34] [INFO   ] [Structure Registry] Registered Small Structure: WitchHutPopulator 
[2026-03-18 21:51:34] [INFO   ] Creating TW instance: world - 8157096416607632898 
[2026-03-18 21:51:34] [INFO   ]  Detected world: world, commencing injection...  
[2026-03-18 21:51:34] [INFO   ] Creating TW instance: world - 8157096416607632898 
[2026-03-18 21:51:34] [INFO   ] NMSChunkGenerator Delegate is of type CustomChunkGenerator 
[2026-03-18 21:51:34] [INFO   ] Post injection: getChunkSource().getChunkGenerator() is of type NMSChunkGenerator 
[2026-03-18 21:51:34] [INFO   ]  Injection success! Proceeding with generation. 
[2026-03-18 21:51:34] [INFO   ]  world loaded. 
[2026-03-18 22:18:06] [INFO   ]  Custom Logger Initialized 
[2026-03-18 22:18:07] [INFO   ] [NOTICE] TerraformGenerator will suppress the server's watchdog while generating chunks to prevent unnecessary stacktrace warnings. Unless you specifically need thewatchdog now (to take aikar timings or debug lag), you don't need to take any action. 
[2026-03-18 22:18:07] [INFO   ] It is recommended to pregenerate to reduce lag problems. 
[2026-03-18 22:18:07] [INFO   ] Watchdog Thread hooked. 
[2026-03-18 22:18:07] [INFO   ]  bStats Metrics enabled. 
[2026-03-18 22:18:07] [INFO   ]  Detected version: v1_21_R7, packName: v1_21_R7 
[2026-03-18 22:18:07] [INFO   ] Unfreezing biome registry... 
[2026-03-18 22:18:07] [INFO   ] Registered custom biome: muddy_bog 
[2026-03-18 22:18:07] [INFO   ] Registered custom biome: cherry_grove 
[2026-03-18 22:18:07] [INFO   ] Registered custom biome: scarlet_forest 
[2026-03-18 22:18:07] [INFO   ] Registered custom biome: crystalline_cluster 
[2026-03-18 22:18:07] [INFO   ] Freezing biome registry 
[2026-03-18 22:18:07] [INFO   ] [Structure Registry] Registered Large Structure: VillageHousePopulator 
[2026-03-18 22:18:07] [INFO   ] [Structure Registry] Registered Large Structure: VillagePopulator 
[2026-03-18 22:18:07] [INFO   ] [Structure Registry] Registered Large Structure: OutpostPopulator 
[2026-03-18 22:18:07] [INFO   ] [Structure Registry] Registered Large Structure: PyramidPopulator 
[2026-03-18 22:18:07] [INFO   ] [Structure Registry] Registered Large Structure: MonumentPopulator 
[2026-03-18 22:18:07] [INFO   ] [Structure Registry] Registered Large Structure: StrongholdPopulator 
[2026-03-18 22:18:07] [INFO   ] [Structure Registry] Registered Large Structure: MansionPopulator 
[2026-03-18 22:18:07] [INFO   ] [Structure Registry] Registered Large Structure: AncientCityPopulator 
[2026-03-18 22:18:07] [INFO   ] [Structure Registry] Registered Large Structure: TrialChamberPopulator 
[2026-03-18 22:18:07] [INFO   ] [Structure Registry] Registered Large Structure: LargeCavePopulator 
[2026-03-18 22:18:07] [INFO   ] [Structure Registry] Registered Large Structure: MineshaftPopulator 
[2026-03-18 22:18:07] [INFO   ] [Structure Registry] Registered Large Structure: CatacombsPopulator 
[2026-03-18 22:18:07] [INFO   ] [Structure Registry] Registered Large Structure: BadlandsMinePopulator 
[2026-03-18 22:18:07] [INFO   ] [Structure Registry] Registered Large Structure: WarmOceanRuinsPopulator 
[2026-03-18 22:18:07] [INFO   ] [Structure Registry] Registered Large Structure: TrailRuinsPopulator 
[2026-03-18 22:18:07] [INFO   ] [Structure Registry] Registered Small Structure: SmallDungeonPopulator 
[2026-03-18 22:18:07] [INFO   ] [Structure Registry] Registered Small Structure: ShipwreckPopulator 
[2026-03-18 22:18:07] [INFO   ] [Structure Registry] Registered Small Structure: BuriedTreasurePopulator 
[2026-03-18 22:18:07] [INFO   ] [Structure Registry] Registered Small Structure: RuinedPortalPopulator 
[2026-03-18 22:18:07] [INFO   ] [Structure Registry] Registered Small Structure: IglooPopulator 
[2026-03-18 22:18:07] [INFO   ] [Structure Registry] Registered Small Structure: DesertWellPopulator 
[2026-03-18 22:18:07] [INFO   ] [Structure Registry] Registered Small Structure: WitchHutPopulator 
[2026-03-18 22:18:07] [INFO   ] Creating TW instance: world - 8157096416607632898 
[2026-03-18 22:18:07] [INFO   ]  Detected world: world, commencing injection...  
[2026-03-18 22:18:07] [INFO   ] Creating TW instance: world - 8157096416607632898 
[2026-03-18 22:18:07] [INFO   ] NMSChunkGenerator Delegate is of type CustomChunkGenerator 
[2026-03-18 22:18:07] [INFO   ] Post injection: getChunkSource().getChunkGenerator() is of type NMSChunkGenerator 
[2026-03-18 22:18:07] [INFO   ]  Injection success! Proceeding with generation. 
[2026-03-18 22:18:08] [INFO   ]  world loaded. 
[2026-03-18 22:25:46] [INFO   ] Will spawn stronghold at: CoordPair[x=1256, z=634] 
[2026-03-18 22:25:46] [INFO   ] Large Cave at -704,12,-192 has water level > -32 with populator GenericLargeCavePopulator 
[2026-03-18 22:27:45] [INFO   ] Spawning MossyCavePopulator at -768,37,16 
[2026-03-18 22:27:45] [INFO   ] Spawning DeepCavePopulator at -768,-49,24 
[2026-03-18 22:27:45] [INFO   ] Spawning DripstoneClusterCavePopulator at -768,-30,0 
[2026-03-18 22:27:45] [INFO   ] Spawning CaveFluidClusterPopulator at -760,-31,0 
[2026-03-18 22:27:46] [INFO   ] Spawning LushClusterCavePopulator at -768,-15,64 
[2026-03-18 22:27:47] [INFO   ] Spawning Creaking Heart at -737,72,2 
[2026-03-18 22:27:49] [INFO   ] Spawning Creaking Heart at -732,75,53 
[2026-03-18 22:27:49] [INFO   ] Spawning Creaking Heart at -733,73,109 
[2026-03-18 22:28:13] [INFO   ] Spawning Creaking Heart at -697,74,92 
[2026-03-18 22:28:14] [INFO   ] Spawning FrozenCavePopulator at -673,-6,-97 
[2026-03-18 22:28:14] [INFO   ] Spawning CrystallineClusterCavePopulator at -688,12,-86 
[2026-03-18 22:28:14] [INFO   ] Spawning Creaking Heart at -675,72,5 
[2026-03-18 22:28:14] [INFO   ] Generating org.terraform.structure.caves.LargeCavePopulator at chunk: -44,-12 
[2026-03-18 22:28:14] [INFO   ] Spawning Creaking Heart at -677,72,109 
[2026-03-18 22:28:15] [INFO   ] Spawning Creaking Heart at -658,72,97 
[2026-03-18 22:28:18] [INFO   ] Spawning Creaking Heart at -507,76,-202 
[2026-03-18 22:28:37] [INFO   ] [Locate Biome] Located at X: -1600 Z: -192 
[2026-03-18 22:29:08] [INFO   ] Generating org.terraform.structure.village.VillagePopulator at chunk: -108,-12 
[2026-03-18 22:29:08] [INFO   ] Spawning plains village at -1728,50,-192 
[2026-03-18 22:29:09] [INFO   ] Registered: org.terraform.structure.village.plains.PlainsVillageFountainPopulator at -1708 0 -206 in a room of size 10x8 
[2026-03-18 22:29:09] [INFO   ] Registered: org.terraform.structure.village.plains.PlainsVillageCropFarmPopulator at -1696 0 -126 in a room of size 19x16 
[2026-03-18 22:29:09] [INFO   ] Registered: org.terraform.structure.village.plains.PlainsVillageTownhallPopulator at -1728 74 -192 in a room of size 24x24 
[2026-03-18 22:29:09] [INFO   ] Spawning farmhouse at -1728,72,-192 with rotation of EAST 
[2026-03-18 22:29:09] [INFO   ] Registered: org.terraform.structure.village.plains.PlainsVillageForgePopulator at -1726 0 -213 in a room of size 19x18 
[2026-03-18 22:29:09] [INFO   ] Registered: org.terraform.structure.village.plains.PlainsVillageAnimalPenPopulator at -1704 0 -174 in a room of size 19x16 
[2026-03-18 22:29:09] [INFO   ] Registered: org.terraform.structure.village.plains.PlainsVillageStandardHousePopulator at -1732 0 -243 in a room of size 18x17 
[2026-03-18 22:29:09] [INFO   ] Registered: org.terraform.structure.village.plains.PlainsVillageTemplePopulator at -1752 0 -242 in a room of size 15x19 
[2026-03-18 22:29:09] [INFO   ] Registered: org.terraform.structure.village.plains.PlainsVillageAnimalPenPopulator at -1727 0 -170 in a room of size 20x15 
[2026-03-18 22:29:09] [INFO   ] Registered: org.terraform.structure.village.plains.PlainsVillageStandardHousePopulator at -1714 0 -153 in a room of size 19x20 
[2026-03-18 22:29:09] [INFO   ] Registered: org.terraform.structure.village.plains.PlainsVillagePondPopulator at -1699 0 -159 in a room of size 10x9 
[2026-03-18 22:29:09] [INFO   ] Registered: org.terraform.structure.village.plains.PlainsVillageStandardHousePopulator at -1703 0 -221 in a room of size 20x19 
[2026-03-18 22:29:09] [INFO   ] Registered: org.terraform.structure.village.plains.PlainsVillagePondPopulator at -1726 0 -229 in a room of size 10x8 
[2026-03-18 22:29:09] [INFO   ] Registered: org.terraform.structure.village.plains.PlainsVillageAnimalPenPopulator at -1687 0 -174 in a room of size 16x15 
[2026-03-18 22:29:09] [INFO   ] Registered: org.terraform.structure.village.plains.PlainsVillageStandardHousePopulator at -1704 0 -190 in a room of size 18x16 
[2026-03-18 22:29:13] [INFO   ] Spawning ancient city at: -1216,-15,-192 
[2026-03-18 22:29:13] [INFO   ] Registered: org.terraform.structure.ancientcity.AncientCityRuinsPlatform at -1204 -15 -243 in a room of size 19x17 
[2026-03-18 22:29:13] [INFO   ] Registered: org.terraform.structure.ancientcity.AncientCityAltarPopulator at -1236 -15 -242 in a room of size 26x21 
[2026-03-18 22:29:13] [INFO   ] Registered: org.terraform.structure.ancientcity.AncientCitySchematicPlatform at -1166 -15 -156 in a room of size 25x21 
[2026-03-18 22:29:13] [INFO   ] Registered: org.terraform.structure.ancientcity.AncientCityAltarPopulator at -1271 -15 -160 in a room of size 20x23 
[2026-03-18 22:29:13] [INFO   ] Registered: org.terraform.structure.ancientcity.AncientCityRuinsPlatform at -1210 -15 -151 in a room of size 21x19 
[2026-03-18 22:29:13] [INFO   ] Registered: org.terraform.structure.ancientcity.AncientCitySchematicPlatform at -1276 -15 -194 in a room of size 26x20 
[2026-03-18 22:29:13] [INFO   ] Registered: org.terraform.structure.ancientcity.AncientCityCenterPlatformPopulator at -1208 -15 -184 in a room of size 46x46 
[2026-03-18 22:29:13] [INFO   ] Registered: org.terraform.structure.ancientcity.AncientCitySchematicPlatform at -1248 -15 -209 in a room of size 18x17 
[2026-03-18 22:29:13] [INFO   ] Registered: org.terraform.structure.ancientcity.AncientCitySchematicPlatform at -1244 -15 -164 in a room of size 16x22 
[2026-03-18 22:29:13] [INFO   ] Registered: org.terraform.structure.ancientcity.AncientCitySchematicPlatform at -1266 -15 -235 in a room of size 19x22 
[2026-03-18 22:29:13] [INFO   ] Registered: org.terraform.structure.ancientcity.AncientCityRuinsPlatform at -1260 -15 -135 in a room of size 26x17 
[2026-03-18 22:29:13] [INFO   ] Registered: org.terraform.structure.ancientcity.AncientCityAltarPopulator at -1182 -15 -234 in a room of size 19x18 
[2026-03-18 22:29:13] [INFO   ] Registered: org.terraform.structure.ancientcity.AncientCityRuinsPlatform at -1159 -15 -212 in a room of size 16x21 
[2026-03-18 22:29:15] [INFO   ] Spawning ancient city at: -1728,-14,320 
[2026-03-18 22:29:15] [INFO   ] Registered: org.terraform.structure.ancientcity.AncientCityAltarPopulator at -1710 -14 291 in a room of size 20x17 
[2026-03-18 22:29:15] [INFO   ] Registered: org.terraform.structure.ancientcity.AncientCitySchematicPlatform at -1674 -14 309 in a room of size 24x23 
[2026-03-18 22:29:15] [INFO   ] Registered: org.terraform.structure.ancientcity.AncientCityAltarPopulator at -1678 -14 361 in a room of size 18x19 
[2026-03-18 22:29:15] [INFO   ] Registered: org.terraform.structure.ancientcity.AncientCityCenterPlatformPopulator at -1720 -14 328 in a room of size 46x46 
[2026-03-18 22:29:15] [INFO   ] Registered: org.terraform.structure.ancientcity.AncientCityAltarPopulator at -1741 -14 283 in a room of size 24x23 
[2026-03-18 22:29:15] [INFO   ] Registered: org.terraform.structure.ancientcity.AncientCityRuinsPlatform at -1761 -14 336 in a room of size 20x18 
[2026-03-18 22:29:15] [INFO   ] Registered: org.terraform.structure.ancientcity.AncientCityAltarPopulator at -1755 -14 361 in a room of size 21x17 
[2026-03-18 22:29:15] [INFO   ] Registered: org.terraform.structure.ancientcity.AncientCitySchematicPlatform at -1760 -14 379 in a room of size 18x20 
[2026-03-18 22:29:15] [INFO   ] Registered: org.terraform.structure.ancientcity.AncientCityLargePillarRoomPopulator at -1687 -14 337 in a room of size 19x16 
[2026-03-18 22:29:15] [INFO   ] Registered: org.terraform.structure.ancientcity.AncientCitySchematicPlatform at -1757 -14 309 in a room of size 21x20 
[2026-03-18 22:29:15] [INFO   ] Registered: org.terraform.structure.ancientcity.AncientCityAltarPopulator at -1670 -14 261 in a room of size 22x23 
[2026-03-18 22:29:15] [INFO   ] Registered: org.terraform.structure.ancientcity.AncientCitySchematicPlatform at -1783 -14 314 in a room of size 24x19 
[2026-03-18 22:29:15] [INFO   ] Registered: org.terraform.structure.ancientcity.AncientCityRuinsPlatform at -1697 -14 369 in a room of size 18x23 
[2026-03-18 22:29:15] [INFO   ] Registered: org.terraform.structure.ancientcity.AncientCityAltarPopulator at -1726 -14 370 in a room of size 25x24 
[2026-03-18 22:29:15] [INFO   ] Registered: org.terraform.structure.ancientcity.AncientCitySchematicPlatform at -1770 -14 269 in a room of size 26x24 
[2026-03-18 22:29:15] [INFO   ] Registered: org.terraform.structure.ancientcity.AncientCitySchematicPlatform at -1788 -14 360 in a room of size 23x17 
[2026-03-18 22:29:21] [INFO   ] Generating org.terraform.structure.small.ruinedportal.RuinedPortalPopulator at chunk: -100,-25 
[2026-03-18 22:29:22] [INFO   ] Large Cave at -1216,24,320 has water level > -13 with populator GenericLargeCavePopulator 
[2026-03-18 22:29:40] [INFO   ] Generating org.terraform.structure.small.dungeon.SmallDungeonPopulator at chunk: -122,-14 
[2026-03-18 22:29:40] [INFO   ] Spawning Underground Dungeon at -1951,21,-212 
[2026-03-18 22:37:24] [INFO   ]  Custom Logger Initialized 
[2026-03-18 22:37:24] [INFO   ] [NOTICE] TerraformGenerator will suppress the server's watchdog while generating chunks to prevent unnecessary stacktrace warnings. Unless you specifically need thewatchdog now (to take aikar timings or debug lag), you don't need to take any action. 
[2026-03-18 22:37:24] [INFO   ] It is recommended to pregenerate to reduce lag problems. 
[2026-03-18 22:37:24] [INFO   ] Watchdog Thread hooked. 
[2026-03-18 22:37:24] [INFO   ]  bStats Metrics enabled. 
[2026-03-18 22:37:24] [INFO   ]  Detected version: v1_21_R7, packName: v1_21_R7 
[2026-03-18 22:37:24] [INFO   ] Unfreezing biome registry... 
[2026-03-18 22:37:24] [INFO   ] Registered custom biome: muddy_bog 
[2026-03-18 22:37:24] [INFO   ] Registered custom biome: cherry_grove 
[2026-03-18 22:37:24] [INFO   ] Registered custom biome: scarlet_forest 
[2026-03-18 22:37:24] [INFO   ] Registered custom biome: crystalline_cluster 
[2026-03-18 22:37:24] [INFO   ] Freezing biome registry 
[2026-03-18 22:37:24] [INFO   ] [Structure Registry] Registered Large Structure: VillageHousePopulator 
[2026-03-18 22:37:24] [INFO   ] [Structure Registry] Registered Large Structure: VillagePopulator 
[2026-03-18 22:37:24] [INFO   ] [Structure Registry] Registered Large Structure: OutpostPopulator 
[2026-03-18 22:37:24] [INFO   ] [Structure Registry] Registered Large Structure: PyramidPopulator 
[2026-03-18 22:37:24] [INFO   ] [Structure Registry] Registered Large Structure: MonumentPopulator 
[2026-03-18 22:37:24] [INFO   ] [Structure Registry] Registered Large Structure: StrongholdPopulator 
[2026-03-18 22:37:24] [INFO   ] [Structure Registry] Registered Large Structure: MansionPopulator 
[2026-03-18 22:37:24] [INFO   ] [Structure Registry] Registered Large Structure: AncientCityPopulator 
[2026-03-18 22:37:24] [INFO   ] [Structure Registry] Registered Large Structure: TrialChamberPopulator 
[2026-03-18 22:37:24] [INFO   ] [Structure Registry] Registered Large Structure: LargeCavePopulator 
[2026-03-18 22:37:24] [INFO   ] [Structure Registry] Registered Large Structure: MineshaftPopulator 
[2026-03-18 22:37:24] [INFO   ] [Structure Registry] Registered Large Structure: CatacombsPopulator 
[2026-03-18 22:37:24] [INFO   ] [Structure Registry] Registered Large Structure: BadlandsMinePopulator 
[2026-03-18 22:37:24] [INFO   ] [Structure Registry] Registered Large Structure: WarmOceanRuinsPopulator 
[2026-03-18 22:37:24] [INFO   ] [Structure Registry] Registered Large Structure: TrailRuinsPopulator 
[2026-03-18 22:37:24] [INFO   ] [Structure Registry] Registered Small Structure: SmallDungeonPopulator 
[2026-03-18 22:37:24] [INFO   ] [Structure Registry] Registered Small Structure: ShipwreckPopulator 
[2026-03-18 22:37:24] [INFO   ] [Structure Registry] Registered Small Structure: BuriedTreasurePopulator 
[2026-03-18 22:37:24] [INFO   ] [Structure Registry] Registered Small Structure: RuinedPortalPopulator 
[2026-03-18 22:37:24] [INFO   ] [Structure Registry] Registered Small Structure: IglooPopulator 
[2026-03-18 22:37:24] [INFO   ] [Structure Registry] Registered Small Structure: DesertWellPopulator 
[2026-03-18 22:37:24] [INFO   ] [Structure Registry] Registered Small Structure: WitchHutPopulator 
[2026-03-18 22:37:25] [INFO   ] Creating TW instance: world - 8157096416607632898 
[2026-03-18 22:37:25] [INFO   ]  Detected world: world, commencing injection...  
[2026-03-18 22:37:25] [INFO   ] Creating TW instance: world - 8157096416607632898 
[2026-03-18 22:37:25] [INFO   ] NMSChunkGenerator Delegate is of type CustomChunkGenerator 
[2026-03-18 22:37:25] [INFO   ] Post injection: getChunkSource().getChunkGenerator() is of type NMSChunkGenerator 
[2026-03-18 22:37:25] [INFO   ]  Injection success! Proceeding with generation. 
[2026-03-18 22:37:25] [INFO   ]  world loaded. 
[2026-03-18 22:47:17] [INFO   ] Will spawn stronghold at: CoordPair[x=1256, z=634] 
[2026-03-18 22:47:48] [INFO   ] Generating org.terraform.structure.small.dungeon.SmallDungeonPopulator at chunk: -15,17 
[2026-03-18 22:47:48] [INFO   ] Spawning Drowned Dungeon at -231,287 
[2026-03-18 22:47:49] [INFO   ] Spawning MossyCavePopulator at -256,-1,272 
[2026-03-18 22:47:50] [INFO   ] Spawning ancient city at: 320,-10,320 
[2026-03-18 22:47:51] [INFO   ] Registered: org.terraform.structure.ancientcity.AncientCityCenterPlatformPopulator at 328 -10 328 in a room of size 46x46 
[2026-03-18 22:47:51] [INFO   ] Registered: org.terraform.structure.ancientcity.AncientCityAltarPopulator at 325 -10 266 in a room of size 19x20 
[2026-03-18 22:47:51] [INFO   ] Registered: org.terraform.structure.ancientcity.AncientCityAltarPopulator at 262 -10 363 in a room of size 25x19 
[2026-03-18 22:47:51] [INFO   ] Registered: org.terraform.structure.ancientcity.AncientCitySchematicPlatform at 379 -10 282 in a room of size 22x21 
[2026-03-18 22:47:51] [INFO   ] Registered: org.terraform.structure.ancientcity.AncientCityAltarPopulator at 351 -10 371 in a room of size 21x24 
[2026-03-18 22:47:51] [INFO   ] Registered: org.terraform.structure.ancientcity.AncientCityLargePillarRoomPopulator at 374 -10 351 in a room of size 20x20 
[2026-03-18 22:47:51] [INFO   ] Registered: org.terraform.structure.ancientcity.AncientCityAltarPopulator at 293 -10 356 in a room of size 17x24 
[2026-03-18 22:47:51] [INFO   ] Registered: org.terraform.structure.ancientcity.AncientCityRuinsPlatform at 303 -10 261 in a room of size 17x19 
[2026-03-18 22:47:51] [INFO   ] Registered: org.terraform.structure.ancientcity.AncientCitySchematicPlatform at 274 -10 289 in a room of size 22x19 
[2026-03-18 22:47:51] [INFO   ] Registered: org.terraform.structure.ancientcity.AncientCityRuinsPlatform at 331 -10 365 in a room of size 18x22 
[2026-03-18 22:47:51] [INFO   ] Registered: org.terraform.structure.ancientcity.AncientCityAltarPopulator at 272 -10 322 in a room of size 26x25 
[2026-03-18 22:47:51] [INFO   ] Registered: org.terraform.structure.ancientcity.AncientCityAltarPopulator at 345 -10 270 in a room of size 21x23 
[2026-03-18 22:47:53] [INFO   ] Spawning DeepCavePopulator at -32,-44,304 
[2026-03-18 22:47:58] [INFO   ] Spawning CaveFluidClusterPopulator at -40,-30,320 
[2026-03-18 22:47:58] [INFO   ] Spawning DripstoneClusterCavePopulator at -64,0,320 
[2026-03-18 22:47:58] [INFO   ] Spawning LushClusterCavePopulator at -128,-12,320 
[2026-03-18 22:48:00] [INFO   ] Spawning CrystallineClusterCavePopulator at 0,6,344 
[2026-03-18 22:48:00] [INFO   ] Generating org.terraform.structure.trialchamber.TrialChamberPopulator at chunk: -12,20 
[2026-03-18 22:48:16] [INFO   ] Generating org.terraform.structure.small.dungeon.SmallDungeonPopulator at chunk: -19,16 
[2026-03-18 22:48:16] [INFO   ] Spawning Underground Dungeon at -304,10,256 
[2026-03-18 22:50:03] [INFO   ] Generating org.terraform.structure.small.ruinedportal.RuinedPortalPopulator at chunk: -20,35 
[2026-03-18 22:56:58] [INFO   ] Medium Schematic 
[2026-03-18 22:59:48] [INFO   ] Spawning FrozenCavePopulator at -528,2,161 
[2026-03-18 23:00:03] [INFO   ] Spawning Creaking Heart at -543,70,168 
[2026-03-18 23:00:15] [INFO   ] Spawning Creaking Heart at -559,72,187 
[2026-03-18 23:00:23] [INFO   ] Spawning Creaking Heart at -570,70,173 
[2026-03-18 23:06:33] [INFO   ] Generating org.terraform.structure.ancientcity.AncientCityPopulator at chunk: 20,20 
[2026-03-18 23:09:08] [INFO   ] Spawning Creaking Heart at -606,73,144 
[2026-03-18 23:09:08] [INFO   ] Spawning Creaking Heart at -580,68,153 
[2026-03-18 23:09:57] [INFO   ]  Custom Logger Initialized 
[2026-03-18 23:09:57] [INFO   ] [NOTICE] TerraformGenerator will suppress the server's watchdog while generating chunks to prevent unnecessary stacktrace warnings. Unless you specifically need thewatchdog now (to take aikar timings or debug lag), you don't need to take any action. 
[2026-03-18 23:09:57] [INFO   ] It is recommended to pregenerate to reduce lag problems. 
[2026-03-18 23:09:57] [INFO   ] Watchdog Thread hooked. 
[2026-03-18 23:09:57] [INFO   ]  bStats Metrics enabled. 
[2026-03-18 23:09:57] [INFO   ]  Detected version: v1_21_R7, packName: v1_21_R7 
[2026-03-18 23:09:57] [INFO   ] Unfreezing biome registry... 
[2026-03-18 23:09:57] [INFO   ] Registered custom biome: muddy_bog 
[2026-03-18 23:09:57] [INFO   ] Registered custom biome: cherry_grove 
[2026-03-18 23:09:57] [INFO   ] Registered custom biome: scarlet_forest 
[2026-03-18 23:09:57] [INFO   ] Registered custom biome: crystalline_cluster 
[2026-03-18 23:09:57] [INFO   ] Freezing biome registry 
[2026-03-18 23:09:57] [INFO   ] [Structure Registry] Registered Large Structure: VillageHousePopulator 
[2026-03-18 23:09:57] [INFO   ] [Structure Registry] Registered Large Structure: VillagePopulator 
[2026-03-18 23:09:57] [INFO   ] [Structure Registry] Registered Large Structure: OutpostPopulator 
[2026-03-18 23:09:57] [INFO   ] [Structure Registry] Registered Large Structure: PyramidPopulator 
[2026-03-18 23:09:57] [INFO   ] [Structure Registry] Registered Large Structure: MonumentPopulator 
[2026-03-18 23:09:57] [INFO   ] [Structure Registry] Registered Large Structure: StrongholdPopulator 
[2026-03-18 23:09:57] [INFO   ] [Structure Registry] Registered Large Structure: MansionPopulator 
[2026-03-18 23:09:57] [INFO   ] [Structure Registry] Registered Large Structure: AncientCityPopulator 
[2026-03-18 23:09:57] [INFO   ] [Structure Registry] Registered Large Structure: TrialChamberPopulator 
[2026-03-18 23:09:57] [INFO   ] [Structure Registry] Registered Large Structure: LargeCavePopulator 
[2026-03-18 23:09:57] [INFO   ] [Structure Registry] Registered Large Structure: MineshaftPopulator 
[2026-03-18 23:09:57] [INFO   ] [Structure Registry] Registered Large Structure: CatacombsPopulator 
[2026-03-18 23:09:57] [INFO   ] [Structure Registry] Registered Large Structure: BadlandsMinePopulator 
[2026-03-18 23:09:57] [INFO   ] [Structure Registry] Registered Large Structure: WarmOceanRuinsPopulator 
[2026-03-18 23:09:57] [INFO   ] [Structure Registry] Registered Large Structure: TrailRuinsPopulator 
[2026-03-18 23:09:57] [INFO   ] [Structure Registry] Registered Small Structure: SmallDungeonPopulator 
[2026-03-18 23:09:57] [INFO   ] [Structure Registry] Registered Small Structure: ShipwreckPopulator 
[2026-03-18 23:09:57] [INFO   ] [Structure Registry] Registered Small Structure: BuriedTreasurePopulator 
[2026-03-18 23:09:57] [INFO   ] [Structure Registry] Registered Small Structure: RuinedPortalPopulator 
[2026-03-18 23:09:57] [INFO   ] [Structure Registry] Registered Small Structure: IglooPopulator 
[2026-03-18 23:09:57] [INFO   ] [Structure Registry] Registered Small Structure: DesertWellPopulator 
[2026-03-18 23:09:57] [INFO   ] [Structure Registry] Registered Small Structure: WitchHutPopulator 
[2026-03-18 23:09:58] [INFO   ] Creating TW instance: world - 8157096416607632898 
[2026-03-18 23:09:58] [INFO   ]  Detected world: world, commencing injection...  
[2026-03-18 23:09:58] [INFO   ] Creating TW instance: world - 8157096416607632898 
[2026-03-18 23:09:58] [INFO   ] NMSChunkGenerator Delegate is of type CustomChunkGenerator 
[2026-03-18 23:09:58] [INFO   ] Post injection: getChunkSource().getChunkGenerator() is of type NMSChunkGenerator 
[2026-03-18 23:09:58] [INFO   ]  Injection success! Proceeding with generation. 
[2026-03-18 23:09:58] [INFO   ]  world loaded. 
[2026-03-18 23:10:33] [INFO   ] Will spawn stronghold at: CoordPair[x=1256, z=634] 
[2026-03-18 23:10:35] [INFO   ] Spawning ancient city at: 320,-15,320 
[2026-03-18 23:10:35] [INFO   ] Registered: org.terraform.structure.ancientcity.AncientCitySchematicPlatform at 289 -15 266 in a room of size 18x18 
[2026-03-18 23:10:35] [INFO   ] Registered: org.terraform.structure.ancientcity.AncientCityRuinsPlatform at 285 -15 355 in a room of size 18x21 
[2026-03-18 23:10:35] [INFO   ] Registered: org.terraform.structure.ancientcity.AncientCityRuinsPlatform at 261 -15 342 in a room of size 19x22 
[2026-03-18 23:10:35] [INFO   ] Registered: org.terraform.structure.ancientcity.AncientCityLargePillarRoomPopulator at 364 -15 303 in a room of size 17x17 
[2026-03-18 23:10:35] [INFO   ] Registered: org.terraform.structure.ancientcity.AncientCitySchematicPlatform at 266 -15 287 in a room of size 17x19 
[2026-03-18 23:10:35] [INFO   ] Registered: org.terraform.structure.ancientcity.AncientCityAltarPopulator at 324 -15 287 in a room of size 16x19 
[2026-03-18 23:10:35] [INFO   ] Registered: org.terraform.structure.ancientcity.AncientCityAltarPopulator at 335 -15 373 in a room of size 21x18 
[2026-03-18 23:10:35] [INFO   ] Registered: org.terraform.structure.ancientcity.AncientCityLargePillarRoomPopulator at 358 -15 276 in a room of size 18x19 
[2026-03-18 23:10:35] [INFO   ] Registered: org.terraform.structure.ancientcity.AncientCitySchematicPlatform at 264 -15 365 in a room of size 23x18 
[2026-03-18 23:10:35] [INFO   ] Registered: org.terraform.structure.ancientcity.AncientCityLargePillarRoomPopulator at 380 -15 349 in a room of size 20x17 
[2026-03-18 23:10:35] [INFO   ] Registered: org.terraform.structure.ancientcity.AncientCityAltarPopulator at 363 -15 373 in a room of size 21x21 
[2026-03-18 23:10:35] [INFO   ] Registered: org.terraform.structure.ancientcity.AncientCityAltarPopulator at 264 -15 313 in a room of size 23x26 
[2026-03-18 23:10:35] [INFO   ] Registered: org.terraform.structure.ancientcity.AncientCityCenterPlatformPopulator at 328 -15 328 in a room of size 46x46 
[2026-03-18 23:10:45] [INFO   ] Spawning LushClusterCavePopulator at -704,30,192 
[2026-03-18 23:10:45] [INFO   ] Spawning MossyCavePopulator at -704,-20,192 
[2026-03-18 23:10:45] [INFO   ] Spawning DeepCavePopulator at -704,-46,192 
[2026-03-18 23:10:45] [INFO   ] Spawning CaveFluidClusterPopulator at -680,7,200 
[2026-03-18 23:12:36] [INFO   ] Large Cave at -1216,24,320 has water level > -13 with populator GenericLargeCavePopulator 
[2026-03-18 23:12:49] [INFO   ] Spawning CrystallineClusterCavePopulator at -1290,21,344 
[2026-03-18 23:12:49] [INFO   ] Generating org.terraform.structure.caves.LargeCavePopulator at chunk: -76,20 
[2026-03-18 23:15:31] [INFO   ] Spawning DripstoneClusterCavePopulator at -896,-25,384 
[2026-03-18 23:16:47] [INFO   ]  Custom Logger Initialized 
[2026-03-18 23:16:47] [INFO   ] [NOTICE] TerraformGenerator will suppress the server's watchdog while generating chunks to prevent unnecessary stacktrace warnings. Unless you specifically need thewatchdog now (to take aikar timings or debug lag), you don't need to take any action. 
[2026-03-18 23:16:47] [INFO   ] It is recommended to pregenerate to reduce lag problems. 
[2026-03-18 23:16:47] [INFO   ] Watchdog Thread hooked. 
[2026-03-18 23:16:47] [INFO   ]  bStats Metrics enabled. 
[2026-03-18 23:16:47] [INFO   ]  Detected version: v1_21_R7, packName: v1_21_R7 
[2026-03-18 23:16:47] [INFO   ] Unfreezing biome registry... 
[2026-03-18 23:16:47] [INFO   ] Registered custom biome: muddy_bog 
[2026-03-18 23:16:47] [INFO   ] Registered custom biome: cherry_grove 
[2026-03-18 23:16:47] [INFO   ] Registered custom biome: scarlet_forest 
[2026-03-18 23:16:47] [INFO   ] Registered custom biome: crystalline_cluster 
[2026-03-18 23:16:47] [INFO   ] Freezing biome registry 
[2026-03-18 23:16:47] [INFO   ] [Structure Registry] Registered Large Structure: VillageHousePopulator 
[2026-03-18 23:16:47] [INFO   ] [Structure Registry] Registered Large Structure: VillagePopulator 
[2026-03-18 23:16:47] [INFO   ] [Structure Registry] Registered Large Structure: OutpostPopulator 
[2026-03-18 23:16:47] [INFO   ] [Structure Registry] Registered Large Structure: PyramidPopulator 
[2026-03-18 23:16:47] [INFO   ] [Structure Registry] Registered Large Structure: MonumentPopulator 
[2026-03-18 23:16:47] [INFO   ] [Structure Registry] Registered Large Structure: StrongholdPopulator 
[2026-03-18 23:16:47] [INFO   ] [Structure Registry] Registered Large Structure: MansionPopulator 
[2026-03-18 23:16:47] [INFO   ] [Structure Registry] Registered Large Structure: AncientCityPopulator 
[2026-03-18 23:16:47] [INFO   ] [Structure Registry] Registered Large Structure: TrialChamberPopulator 
[2026-03-18 23:16:47] [INFO   ] [Structure Registry] Registered Large Structure: LargeCavePopulator 
[2026-03-18 23:16:47] [INFO   ] [Structure Registry] Registered Large Structure: MineshaftPopulator 
[2026-03-18 23:16:47] [INFO   ] [Structure Registry] Registered Large Structure: CatacombsPopulator 
[2026-03-18 23:16:47] [INFO   ] [Structure Registry] Registered Large Structure: BadlandsMinePopulator 
[2026-03-18 23:16:47] [INFO   ] [Structure Registry] Registered Large Structure: WarmOceanRuinsPopulator 
[2026-03-18 23:16:47] [INFO   ] [Structure Registry] Registered Large Structure: TrailRuinsPopulator 
[2026-03-18 23:16:47] [INFO   ] [Structure Registry] Registered Small Structure: SmallDungeonPopulator 
[2026-03-18 23:16:47] [INFO   ] [Structure Registry] Registered Small Structure: ShipwreckPopulator 
[2026-03-18 23:16:47] [INFO   ] [Structure Registry] Registered Small Structure: BuriedTreasurePopulator 
[2026-03-18 23:16:47] [INFO   ] [Structure Registry] Registered Small Structure: RuinedPortalPopulator 
[2026-03-18 23:16:47] [INFO   ] [Structure Registry] Registered Small Structure: IglooPopulator 
[2026-03-18 23:16:47] [INFO   ] [Structure Registry] Registered Small Structure: DesertWellPopulator 
[2026-03-18 23:16:47] [INFO   ] [Structure Registry] Registered Small Structure: WitchHutPopulator 
[2026-03-18 23:16:47] [INFO   ] Creating TW instance: world - 8157096416607632898 
[2026-03-18 23:16:48] [INFO   ]  Detected world: world, commencing injection...  
[2026-03-18 23:16:48] [INFO   ] Creating TW instance: world - 8157096416607632898 
[2026-03-18 23:16:48] [INFO   ] NMSChunkGenerator Delegate is of type CustomChunkGenerator 
[2026-03-18 23:16:48] [INFO   ] Post injection: getChunkSource().getChunkGenerator() is of type NMSChunkGenerator 
[2026-03-18 23:16:48] [INFO   ]  Injection success! Proceeding with generation. 
[2026-03-18 23:16:48] [INFO   ]  world loaded. 
[2026-03-18 23:17:14] [INFO   ] Will spawn stronghold at: CoordPair[x=1256, z=634] 
[2026-03-18 23:17:16] [INFO   ] Large Cave at -1216,24,320 has water level > -13 with populator GenericLargeCavePopulator 
[2026-03-18 23:17:18] [INFO   ] Spawning MossyCavePopulator at -976,41,416 
[2026-03-18 23:17:18] [INFO   ] Spawning DeepCavePopulator at -965,-38,424 
[2026-03-18 23:17:18] [INFO   ] Spawning CrystallineClusterCavePopulator at -946,-9,430 
[2026-03-18 23:17:19] [INFO   ] Spawning CaveFluidClusterPopulator at -1080,22,440 
[2026-03-18 23:17:20] [INFO   ] Spawning DripstoneClusterCavePopulator at -1088,39,448 
[2026-03-18 23:17:21] [INFO   ] Spawning LushClusterCavePopulator at -1024,29,448 
[2026-03-18 23:17:22] [INFO   ] Registered: org.terraform.structure.mineshaft.ShaftRoomPopulator at -1249 20 804 in a room of size 15x14 
[2026-03-18 23:17:22] [INFO   ] Registered: org.terraform.structure.mineshaft.ShaftRoomPopulator at -1287 20 846 in a room of size 13x14 
[2026-03-18 23:17:22] [INFO   ] Registered: org.terraform.structure.mineshaft.CaveSpiderDenPopulator at -1234 20 849 in a room of size 14x15 
[2026-03-18 23:17:22] [INFO   ] Registered: org.terraform.structure.mineshaft.SmeltingHallPopulator at -1166 20 794 in a room of size 14x13 
[2026-03-18 23:17:22] [INFO   ] Registered: org.terraform.structure.mineshaft.ShaftRoomPopulator at -1203 20 834 in a room of size 15x13 
[2026-03-18 23:17:22] [INFO   ] Registered: org.terraform.structure.mineshaft.CaveSpiderDenPopulator at -1162 20 807 in a room of size 13x13 
[2026-03-18 23:17:22] [INFO   ] Registered: org.terraform.structure.mineshaft.ShaftRoomPopulator at -1262 20 759 in a room of size 14x15 
[2026-03-18 23:17:22] [INFO   ] Registered: org.terraform.structure.mineshaft.SmeltingHallPopulator at -1289 20 771 in a room of size 14x15 
[2026-03-18 23:17:22] [INFO   ] Registered: org.terraform.structure.mineshaft.SmeltingHallPopulator at -1291 20 810 in a room of size 14x14 
[2026-03-18 23:17:22] [INFO   ] Registered: org.terraform.structure.mineshaft.CaveSpiderDenPopulator at -1234 35 874 in a room of size 13x13 
[2026-03-18 23:17:22] [INFO   ] Registered: org.terraform.structure.mineshaft.SmeltingHallPopulator at -1277 35 757 in a room of size 14x13 
[2026-03-18 23:17:22] [INFO   ] Registered: org.terraform.structure.mineshaft.ShaftTopPopulator at -1249 35 804 in a room of size 15x7 
[2026-03-18 23:17:22] [INFO   ] Registered: org.terraform.structure.mineshaft.ShaftTopPopulator at -1203 35 834 in a room of size 15x6 
[2026-03-18 23:17:22] [INFO   ] Registered: org.terraform.structure.mineshaft.ShaftTopPopulator at -1262 35 759 in a room of size 14x7 
[2026-03-18 23:17:22] [INFO   ] Registered: org.terraform.structure.mineshaft.CaveSpiderDenPopulator at -1230 35 785 in a room of size 13x15 
[2026-03-18 23:17:22] [INFO   ] Registered: org.terraform.structure.mineshaft.SmeltingHallPopulator at -1171 35 812 in a room of size 14x14 
[2026-03-18 23:17:22] [INFO   ] Registered: org.terraform.structure.mineshaft.SmeltingHallPopulator at -1201 35 770 in a room of size 13x14 
[2026-03-18 23:17:22] [INFO   ] Registered: org.terraform.structure.mineshaft.SmeltingHallPopulator at -1271 35 787 in a room of size 14x14 
[2026-03-18 23:17:22] [INFO   ] Registered: org.terraform.structure.mineshaft.CaveSpiderDenPopulator at -1149 35 826 in a room of size 13x14 
[2026-03-18 23:17:22] [INFO   ] Registered: org.terraform.structure.mineshaft.ShaftTopPopulator at -1287 35 846 in a room of size 13x7 
[2026-03-18 23:17:22] [INFO   ] Registered: org.terraform.structure.mineshaft.SmeltingHallPopulator at -1176 35 901 in a room of size 14x13 
[2026-03-18 23:17:23] [INFO   ] Spawning ancient city at: -704,-12,832 
[2026-03-18 23:17:23] [INFO   ] Registered: org.terraform.structure.ancientcity.AncientCityRuinsPlatform at -705 -12 796 in a room of size 19x16 
[2026-03-18 23:17:23] [INFO   ] Registered: org.terraform.structure.ancientcity.AncientCityAltarPopulator at -733 -12 806 in a room of size 24x21 
[2026-03-18 23:17:23] [INFO   ] Registered: org.terraform.structure.ancientcity.AncientCityCenterPlatformPopulator at -696 -12 840 in a room of size 46x46 
[2026-03-18 23:17:23] [INFO   ] Registered: org.terraform.structure.ancientcity.AncientCityAltarPopulator at -652 -12 826 in a room of size 21x22 
[2026-03-18 23:17:23] [INFO   ] Registered: org.terraform.structure.ancientcity.AncientCitySchematicPlatform at -727 -12 884 in a room of size 24x16 
[2026-03-18 23:17:23] [INFO   ] Registered: org.terraform.structure.ancientcity.AncientCitySchematicPlatform at -648 -12 881 in a room of size 26x22 
[2026-03-18 23:17:23] [INFO   ] Registered: org.terraform.structure.ancientcity.AncientCityRuinsPlatform at -748 -12 851 in a room of size 22x17 
[2026-03-18 23:17:23] [INFO   ] Registered: org.terraform.structure.ancientcity.AncientCityAltarPopulator at -742 -12 829 in a room of size 16x17 
[2026-03-18 23:17:23] [INFO   ] Registered: org.terraform.structure.ancientcity.AncientCitySchematicPlatform at -763 -12 796 in a room of size 24x25 
[2026-03-18 23:17:23] [INFO   ] Registered: org.terraform.structure.ancientcity.AncientCityAltarPopulator at -653 -12 848 in a room of size 23x21 
[2026-03-18 23:17:24] [INFO   ] Spawning ForestedMountainsCavePopulator at -986,5,520 
[2026-03-18 23:17:24] [INFO   ] Spawning FrozenCavePopulator at -1292,32,463 
[2026-03-18 23:17:52] [INFO   ] Generating Stronghold at chunk: -87,17 
[2026-03-18 23:17:53] [INFO   ] Registered: org.terraform.structure.stronghold.LibraryRoomPopulator at -1427 10 242 in a room of size 24x24 
[2026-03-18 23:17:53] [INFO   ] Registered: org.terraform.structure.stronghold.SilverfishDenPopulator at -1379 10 253 in a room of size 13x21 
[2026-03-18 23:17:53] [INFO   ] Registered: org.terraform.structure.stronghold.HallwayPopulator at -1397 10 231 in a room of size 14x21 
[2026-03-18 23:17:53] [INFO   ] Registered: org.terraform.structure.stronghold.HallwayPopulator at -1384 10 302 in a room of size 27x26 
[2026-03-18 23:17:53] [INFO   ] Registered: org.terraform.structure.stronghold.SupplyRoomPopulator at -1381 10 270 in a room of size 20x13 
[2026-03-18 23:17:53] [INFO   ] Registered: org.terraform.structure.stronghold.LibraryRoomPopulator at -1350 10 310 in a room of size 20x28 
[2026-03-18 23:17:53] [INFO   ] Registered: org.terraform.structure.stronghold.NetherPortalRoomPopulator at -1338 10 247 in a room of size 26x26 
[2026-03-18 23:17:53] [INFO   ] Registered: org.terraform.structure.stronghold.StairwayRoomPopulator at -1343 10 228 in a room of size 5x5 
[2026-03-18 23:17:53] [INFO   ] Registered: org.terraform.structure.stronghold.SilverfishDenPopulator at -1398 10 252 in a room of size 20x13 
[2026-03-18 23:17:53] [INFO   ] Registered: org.terraform.structure.stronghold.PortalRoomPopulator at -1355 10 272 in a room of size 25x25 
[2026-03-18 23:17:53] [INFO   ] Registered: org.terraform.structure.stronghold.PrisonRoomPopulator at -1430 10 274 in a room of size 22x15 
[2026-03-18 23:17:53] [INFO   ] Registered: org.terraform.structure.stronghold.HallwayPopulator at -1414 10 318 in a room of size 16x21 
[2026-03-18 23:17:53] [INFO   ] Registered: org.terraform.structure.stronghold.PrisonRoomPopulator at -1404 10 273 in a room of size 18x17 
[2026-03-18 23:17:53] [INFO   ] Registered: org.terraform.structure.stronghold.HallwayPopulator at -1417 10 297 in a room of size 20x10 
[2026-03-18 23:17:54] [INFO   ] Registered: org.terraform.structure.stronghold.StairwayTopPopulator at -1343 28 228 in a room of size 5x5 
[2026-03-18 23:17:54] [INFO   ] Registered: org.terraform.structure.stronghold.HallwayPopulator at -1373 28 283 in a room of size 26x26 
[2026-03-18 23:17:54] [INFO   ] Registered: org.terraform.structure.stronghold.HallwayPopulator at -1429 28 307 in a room of size 20x13 
[2026-03-18 23:17:54] [INFO   ] Registered: org.terraform.structure.stronghold.HallwayPopulator at -1333 28 242 in a room of size 14x17 
[2026-03-18 23:17:54] [INFO   ] Registered: org.terraform.structure.stronghold.PrisonRoomPopulator at -1341 28 270 in a room of size 29x17 
[2026-03-18 23:17:54] [INFO   ] Registered: org.terraform.structure.stronghold.SupplyRoomPopulator at -1346 28 319 in a room of size 12x13 
[2026-03-18 23:17:54] [INFO   ] Registered: org.terraform.structure.stronghold.PrisonRoomPopulator at -1379 28 327 in a room of size 21x15 
[2026-03-18 23:17:54] [INFO   ] Registered: org.terraform.structure.stronghold.PrisonRoomPopulator at -1370 28 251 in a room of size 25x24 
[2026-03-18 23:17:54] [INFO   ] Registered: org.terraform.structure.stronghold.PrisonRoomPopulator at -1411 28 292 in a room of size 15x16 
[2026-03-18 23:17:54] [INFO   ] Registered: org.terraform.structure.stronghold.HallwayPopulator at -1417 28 266 in a room of size 29x15 
[2026-03-18 23:17:54] [INFO   ] Registered: org.terraform.structure.stronghold.HallwayPopulator at -1362 28 323 in a room of size 12x21 
[2026-03-18 23:17:54] [INFO   ] Registered: org.terraform.structure.stronghold.PrisonRoomPopulator at -1396 28 229 in a room of size 25x16 
[2026-03-18 23:17:54] [INFO   ] Registered: org.terraform.structure.stronghold.HallwayPopulator at -1407 28 251 in a room of size 29x14 
[2026-03-18 23:17:54] [INFO   ] Registered: org.terraform.structure.stronghold.LibraryRoomPopulator at -1406 28 313 in a room of size 25x26 
[2026-03-18 23:17:54] [INFO   ] Registered: org.terraform.structure.stronghold.SupplyRoomPopulator at -1349 28 289 in a room of size 12x12 
[2026-03-18 23:17:55] [INFO   ] Spawning ancient city at: -1216,-14,-192 
[2026-03-18 23:17:55] [INFO   ] Registered: org.terraform.structure.ancientcity.AncientCityCenterPlatformPopulator at -1208 -14 -184 in a room of size 46x46 
[2026-03-18 23:17:55] [INFO   ] Registered: org.terraform.structure.ancientcity.AncientCitySchematicPlatform at -1238 -14 -248 in a room of size 21x24 
[2026-03-18 23:17:55] [INFO   ] Registered: org.terraform.structure.ancientcity.AncientCityAltarPopulator at -1165 -14 -239 in a room of size 17x20 
[2026-03-18 23:17:55] [INFO   ] Registered: org.terraform.structure.ancientcity.AncientCityAltarPopulator at -1242 -14 -179 in a room of size 18x19 
[2026-03-18 23:17:55] [INFO   ] Registered: org.terraform.structure.ancientcity.AncientCityRuinsPlatform at -1208 -14 -226 in a room of size 19x25 
[2026-03-18 23:17:55] [INFO   ] Registered: org.terraform.structure.ancientcity.AncientCityRuinsPlatform at -1163 -14 -193 in a room of size 21x17 
[2026-03-18 23:17:55] [INFO   ] Registered: org.terraform.structure.ancientcity.AncientCityRuinsPlatform at -1251 -14 -209 in a room of size 22x18 
[2026-03-18 23:17:55] [INFO   ] Registered: org.terraform.structure.ancientcity.AncientCityAltarPopulator at -1189 -14 -221 in a room of size 19x26 
[2026-03-18 23:17:55] [INFO   ] Registered: org.terraform.structure.ancientcity.AncientCityAltarPopulator at -1210 -14 -142 in a room of size 17x23 
[2026-03-18 23:17:55] [INFO   ] Registered: org.terraform.structure.ancientcity.AncientCityAltarPopulator at -1185 -14 -147 in a room of size 23x17 
[2026-03-18 23:17:55] [INFO   ] Registered: org.terraform.structure.ancientcity.AncientCityLargePillarRoomPopulator at -1255 -14 -161 in a room of size 17x18 
[2026-03-18 23:17:55] [INFO   ] Registered: org.terraform.structure.ancientcity.AncientCitySchematicPlatform at -1262 -14 -248 in a room of size 24x24 
[2026-03-18 23:17:55] [INFO   ] Generating Stronghold at chunk: -88,-5 
[2026-03-18 23:17:56] [INFO   ] Registered: org.terraform.structure.stronghold.NetherPortalRoomPopulator at -1367 3 -41 in a room of size 27x19 
[2026-03-18 23:17:56] [INFO   ] Registered: org.terraform.structure.stronghold.HallwayPopulator at -1409 3 -40 in a room of size 13x15 
[2026-03-18 23:17:56] [INFO   ] Registered: org.terraform.structure.stronghold.HallwayPopulator at -1380 3 -83 in a room of size 29x16 
[2026-03-18 23:17:56] [INFO   ] Registered: org.terraform.structure.stronghold.HallwayPopulator at -1454 3 -105 in a room of size 16x20 
[2026-03-18 23:17:56] [INFO   ] Registered: org.terraform.structure.stronghold.HallwayPopulator at -1435 3 -30 in a room of size 22x14 
[2026-03-18 23:17:56] [INFO   ] Registered: org.terraform.structure.stronghold.PortalRoomPopulator at -1449 3 -55 in a room of size 25x25 
[2026-03-18 23:17:56] [INFO   ] Registered: org.terraform.structure.stronghold.PrisonRoomPopulator at -1383 3 -99 in a room of size 25x16 
[2026-03-18 23:17:56] [INFO   ] Registered: org.terraform.structure.stronghold.StairwayRoomPopulator at -1402 3 -114 in a room of size 5x5 
[2026-03-18 23:17:56] [INFO   ] Registered: org.terraform.structure.stronghold.HallwayPopulator at -1433 3 -112 in a room of size 22x27 
[2026-03-18 23:17:56] [INFO   ] Registered: org.terraform.structure.stronghold.SilverfishDenPopulator at -1387 3 -121 in a room of size 10x15 
[2026-03-18 23:17:56] [INFO   ] Registered: org.terraform.structure.stronghold.PrisonRoomPopulator at -1406 3 -86 in a room of size 15x18 
[2026-03-18 23:17:56] [INFO   ] Registered: org.terraform.structure.stronghold.SilverfishDenPopulator at -1384 3 -24 in a room of size 17x10 
[2026-03-18 23:17:56] [INFO   ] Registered: org.terraform.structure.stronghold.PrisonRoomPopulator at -1388 3 -62 in a room of size 25x22 
[2026-03-18 23:17:56] [INFO   ] Registered: org.terraform.structure.stronghold.PrisonRoomPopulator at -1428 3 -63 in a room of size 17x22 
[2026-03-18 23:17:57] [INFO   ] Registered: org.terraform.structure.stronghold.SilverfishDenPopulator at -1384 21 -35 in a room of size 18x15 
[2026-03-18 23:17:57] [INFO   ] Registered: org.terraform.structure.stronghold.StairwayTopPopulator at -1402 21 -114 in a room of size 5x5 
[2026-03-18 23:17:57] [INFO   ] Registered: org.terraform.structure.stronghold.HallwayPopulator at -1377 21 -55 in a room of size 14x23 
[2026-03-18 23:17:57] [INFO   ] Registered: org.terraform.structure.stronghold.TrapChestRoomPopulator at -1364 21 -98 in a room of size 23x12 
[2026-03-18 23:17:57] [INFO   ] Registered: org.terraform.structure.stronghold.HallwayPopulator at -1363 21 -77 in a room of size 19x13 
[2026-03-18 23:17:57] [INFO   ] Registered: org.terraform.structure.stronghold.HallwayPopulator at -1452 21 -51 in a room of size 23x25 
[2026-03-18 23:17:57] [INFO   ] Registered: org.terraform.structure.stronghold.TrapChestRoomPopulator at -1358 21 -53 in a room of size 19x13 
[2026-03-18 23:17:57] [INFO   ] Registered: org.terraform.structure.stronghold.SilverfishDenPopulator at -1424 21 -37 in a room of size 17x14 
[2026-03-18 23:17:57] [INFO   ] Registered: org.terraform.structure.stronghold.TrapChestRoomPopulator at -1418 21 -53 in a room of size 16x12 
[2026-03-18 23:17:57] [INFO   ] Registered: org.terraform.structure.stronghold.HallwayPopulator at -1391 21 -79 in a room of size 14x18 
[2026-03-18 23:17:57] [INFO   ] Registered: org.terraform.structure.stronghold.HallwayPopulator at -1427 21 -75 in a room of size 15x24 
[2026-03-18 23:17:57] [INFO   ] Registered: org.terraform.structure.stronghold.HallwayPopulator at -1370 21 -116 in a room of size 15x23 
[2026-03-18 23:17:57] [INFO   ] Registered: org.terraform.structure.stronghold.TrapChestRoomPopulator at -1451 21 -92 in a room of size 10x16 
[2026-03-18 23:17:57] [INFO   ] Registered: org.terraform.structure.stronghold.SupplyRoomPopulator at -1395 21 -99 in a room of size 15x12 
[2026-03-18 23:17:57] [INFO   ] Registered: org.terraform.structure.stronghold.LibraryRoomPopulator at -1453 21 -114 in a room of size 27x20 
[2026-03-18 23:17:57] [INFO   ] Registered: org.terraform.structure.stronghold.SilverfishDenPopulator at -1446 21 -72 in a room of size 16x10 
[2026-03-18 23:17:57] [INFO   ] Registered: org.terraform.structure.stronghold.SilverfishDenPopulator at -1429 21 -96 in a room of size 17x11 
[2026-03-18 23:22:04] [INFO   ] Generating org.terraform.structure.small.dungeon.SmallDungeonPopulator at chunk: -75,36 
[2026-03-18 23:22:04] [INFO   ] Spawning Underground Dungeon at -1188,15,577 
[2026-03-18 23:22:11] [INFO   ] Spawning ancient city at: -1728,-10,320 
[2026-03-18 23:22:11] [INFO   ] Registered: org.terraform.structure.ancientcity.AncientCityAltarPopulator at -1723 -10 370 in a room of size 20x17 
[2026-03-18 23:22:11] [INFO   ] Registered: org.terraform.structure.ancientcity.AncientCitySchematicPlatform at -1685 -10 326 in a room of size 16x22 
[2026-03-18 23:22:11] [INFO   ] Registered: org.terraform.structure.ancientcity.AncientCitySchematicPlatform at -1668 -10 311 in a room of size 19x22 
[2026-03-18 23:22:11] [INFO   ] Registered: org.terraform.structure.ancientcity.AncientCitySchematicPlatform at -1758 -10 341 in a room of size 21x19 
[2026-03-18 23:22:11] [INFO   ] Registered: org.terraform.structure.ancientcity.AncientCitySchematicPlatform at -1709 -10 261 in a room of size 22x20 
[2026-03-18 23:22:11] [INFO   ] Registered: org.terraform.structure.ancientcity.AncientCitySchematicPlatform at -1676 -10 289 in a room of size 17x19 
[2026-03-18 23:22:11] [INFO   ] Registered: org.terraform.structure.ancientcity.AncientCityAltarPopulator at -1787 -10 283 in a room of size 17x17 
[2026-03-18 23:22:11] [INFO   ] Registered: org.terraform.structure.ancientcity.AncientCitySchematicPlatform at -1741 -10 260 in a room of size 17x22 
[2026-03-18 23:22:11] [INFO   ] Registered: org.terraform.structure.ancientcity.AncientCitySchematicPlatform at -1760 -10 298 in a room of size 23x21 
[2026-03-18 23:22:11] [INFO   ] Registered: org.terraform.structure.ancientcity.AncientCitySchematicPlatform at -1676 -10 380 in a room of size 24x20 
[2026-03-18 23:22:11] [INFO   ] Registered: org.terraform.structure.ancientcity.AncientCityCenterPlatformPopulator at -1720 -10 328 in a room of size 46x46 
[2026-03-18 23:22:11] [INFO   ] Registered: org.terraform.structure.ancientcity.AncientCitySchematicPlatform at -1745 -10 366 in a room of size 20x26 
[2026-03-18 23:22:11] [INFO   ] Registered: org.terraform.structure.ancientcity.AncientCitySchematicPlatform at -1680 -10 270 in a room of size 21x16 
[2026-03-18 23:23:32] [INFO   ] -108,52 will spawn a vanilla structure, with tryGenerateStructure == true 
[2026-03-18 23:23:36] [INFO   ] Medium Schematic 
[2026-03-18 23:23:37] [INFO   ] Medium Schematic 
[2026-03-18 23:23:37] [INFO   ] Medium Schematic 
[2026-03-18 23:23:37] [INFO   ] Small Schematic 
[2026-03-18 23:23:51] [INFO   ] Small Schematic 
[2026-03-18 23:24:20] [INFO   ]  Custom Logger Initialized 
[2026-03-18 23:24:20] [INFO   ] [NOTICE] TerraformGenerator will suppress the server's watchdog while generating chunks to prevent unnecessary stacktrace warnings. Unless you specifically need thewatchdog now (to take aikar timings or debug lag), you don't need to take any action. 
[2026-03-18 23:24:20] [INFO   ] It is recommended to pregenerate to reduce lag problems. 
[2026-03-18 23:24:20] [INFO   ] Watchdog Thread hooked. 
[2026-03-18 23:24:20] [INFO   ]  bStats Metrics enabled. 
[2026-03-18 23:24:20] [INFO   ]  Detected version: v1_21_R7, packName: v1_21_R7 
[2026-03-18 23:24:20] [INFO   ] Unfreezing biome registry... 
[2026-03-18 23:24:20] [INFO   ] Registered custom biome: muddy_bog 
[2026-03-18 23:24:20] [INFO   ] Registered custom biome: cherry_grove 
[2026-03-18 23:24:20] [INFO   ] Registered custom biome: scarlet_forest 
[2026-03-18 23:24:20] [INFO   ] Registered custom biome: crystalline_cluster 
[2026-03-18 23:24:20] [INFO   ] Freezing biome registry 
[2026-03-18 23:24:20] [INFO   ] [Structure Registry] Registered Large Structure: VillageHousePopulator 
[2026-03-18 23:24:20] [INFO   ] [Structure Registry] Registered Large Structure: VillagePopulator 
[2026-03-18 23:24:20] [INFO   ] [Structure Registry] Registered Large Structure: OutpostPopulator 
[2026-03-18 23:24:20] [INFO   ] [Structure Registry] Registered Large Structure: PyramidPopulator 
[2026-03-18 23:24:20] [INFO   ] [Structure Registry] Registered Large Structure: MonumentPopulator 
[2026-03-18 23:24:20] [INFO   ] [Structure Registry] Registered Large Structure: StrongholdPopulator 
[2026-03-18 23:24:20] [INFO   ] [Structure Registry] Registered Large Structure: MansionPopulator 
[2026-03-18 23:24:20] [INFO   ] [Structure Registry] Registered Large Structure: AncientCityPopulator 
[2026-03-18 23:24:20] [INFO   ] [Structure Registry] Registered Large Structure: TrialChamberPopulator 
[2026-03-18 23:24:20] [INFO   ] [Structure Registry] Registered Large Structure: LargeCavePopulator 
[2026-03-18 23:24:20] [INFO   ] [Structure Registry] Registered Large Structure: MineshaftPopulator 
[2026-03-18 23:24:20] [INFO   ] [Structure Registry] Registered Large Structure: CatacombsPopulator 
[2026-03-18 23:24:20] [INFO   ] [Structure Registry] Registered Large Structure: BadlandsMinePopulator 
[2026-03-18 23:24:20] [INFO   ] [Structure Registry] Registered Large Structure: WarmOceanRuinsPopulator 
[2026-03-18 23:24:20] [INFO   ] [Structure Registry] Registered Large Structure: TrailRuinsPopulator 
[2026-03-18 23:24:20] [INFO   ] [Structure Registry] Registered Small Structure: SmallDungeonPopulator 
[2026-03-18 23:24:20] [INFO   ] [Structure Registry] Registered Small Structure: ShipwreckPopulator 
[2026-03-18 23:24:20] [INFO   ] [Structure Registry] Registered Small Structure: BuriedTreasurePopulator 
[2026-03-18 23:24:20] [INFO   ] [Structure Registry] Registered Small Structure: RuinedPortalPopulator 
[2026-03-18 23:24:20] [INFO   ] [Structure Registry] Registered Small Structure: IglooPopulator 
[2026-03-18 23:24:20] [INFO   ] [Structure Registry] Registered Small Structure: DesertWellPopulator 
[2026-03-18 23:24:20] [INFO   ] [Structure Registry] Registered Small Structure: WitchHutPopulator 
[2026-03-18 23:24:20] [INFO   ] Creating TW instance: world - 8157096416607632898 
[2026-03-18 23:24:20] [INFO   ]  Detected world: world, commencing injection...  
[2026-03-18 23:24:20] [INFO   ] Creating TW instance: world - 8157096416607632898 
[2026-03-18 23:24:20] [INFO   ] NMSChunkGenerator Delegate is of type CustomChunkGenerator 
[2026-03-18 23:24:20] [INFO   ] Post injection: getChunkSource().getChunkGenerator() is of type NMSChunkGenerator 
[2026-03-18 23:24:20] [INFO   ]  Injection success! Proceeding with generation. 
[2026-03-18 23:24:20] [INFO   ]  world loaded. 
[2026-03-18 23:24:57] [INFO   ] Spawning ancient city at: -1728,-18,320 
[2026-03-18 23:24:57] [INFO   ] Registered: org.terraform.structure.ancientcity.AncientCitySchematicPlatform at -1713 -18 363 in a room of size 20x21 
[2026-03-18 23:24:57] [INFO   ] Registered: org.terraform.structure.ancientcity.AncientCitySchematicPlatform at -1671 -18 342 in a room of size 26x26 
[2026-03-18 23:24:57] [INFO   ] Registered: org.terraform.structure.ancientcity.AncientCityAltarPopulator at -1761 -18 290 in a room of size 17x26 
[2026-03-18 23:24:57] [INFO   ] Registered: org.terraform.structure.ancientcity.AncientCityCenterPlatformPopulator at -1720 -18 328 in a room of size 46x46 
[2026-03-18 23:24:57] [INFO   ] Registered: org.terraform.structure.ancientcity.AncientCityRuinsPlatform at -1788 -18 262 in a room of size 25x18 
[2026-03-18 23:24:57] [INFO   ] Registered: org.terraform.structure.ancientcity.AncientCityRuinsPlatform at -1769 -18 312 in a room of size 21x17 
[2026-03-18 23:24:57] [INFO   ] Registered: org.terraform.structure.ancientcity.AncientCitySchematicPlatform at -1688 -18 375 in a room of size 26x23 
[2026-03-18 23:24:57] [INFO   ] Registered: org.terraform.structure.ancientcity.AncientCitySchematicPlatform at -1787 -18 324 in a room of size 16x17 
[2026-03-18 23:24:57] [INFO   ] Registered: org.terraform.structure.ancientcity.AncientCitySchematicPlatform at -1673 -18 305 in a room of size 26x23 
[2026-03-18 23:24:57] [INFO   ] Registered: org.terraform.structure.ancientcity.AncientCityAltarPopulator at -1763 -18 364 in a room of size 17x20 
[2026-03-18 23:24:57] [INFO   ] Registered: org.terraform.structure.ancientcity.AncientCitySchematicPlatform at -1746 -18 375 in a room of size 16x20 
[2026-03-18 23:24:57] [INFO   ] Registered: org.terraform.structure.ancientcity.AncientCityRuinsPlatform at -1686 -18 268 in a room of size 26x18 
[2026-03-18 23:25:00] [INFO   ] Will spawn stronghold at: CoordPair[x=1256, z=634] 
[2026-03-18 23:25:03] [INFO   ] Spawning MossyCavePopulator at -1712,-5,688 
[2026-03-18 23:25:03] [INFO   ] Spawning DeepCavePopulator at -1712,-35,688 
[2026-03-18 23:25:06] [INFO   ] Spawning FrozenCavePopulator at -1728,207,480 
[2026-03-18 23:25:06] [INFO   ] Spawning CaveFluidClusterPopulator at -1720,137,480 
[2026-03-18 23:25:06] [INFO   ] Spawning LushClusterCavePopulator at -1728,-24,448 
[2026-03-18 23:25:06] [INFO   ] Spawning CrystallineClusterCavePopulator at -1720,134,430 
[2026-03-18 23:25:06] [INFO   ] Medium Schematic 
[2026-03-18 23:25:10] [INFO   ] Generating org.terraform.structure.ancientcity.AncientCityPopulator at chunk: -108,20 
[2026-03-18 23:25:11] [INFO   ] Registered: org.terraform.structure.mineshaft.ShaftRoomPopulator at -1234 3 849 in a room of size 14x15 
[2026-03-18 23:25:11] [INFO   ] Registered: org.terraform.structure.mineshaft.CaveSpiderDenPopulator at -1162 3 807 in a room of size 13x13 
[2026-03-18 23:25:11] [INFO   ] Registered: org.terraform.structure.mineshaft.SmeltingHallPopulator at -1289 3 771 in a room of size 14x15 
[2026-03-18 23:25:11] [INFO   ] Registered: org.terraform.structure.mineshaft.CaveSpiderDenPopulator at -1291 3 810 in a room of size 14x14 
[2026-03-18 23:25:11] [INFO   ] Registered: org.terraform.structure.mineshaft.SmeltingHallPopulator at -1287 3 846 in a room of size 13x14 
[2026-03-18 23:25:11] [INFO   ] Registered: org.terraform.structure.mineshaft.CaveSpiderDenPopulator at -1262 3 759 in a room of size 14x15 
[2026-03-18 23:25:11] [INFO   ] Registered: org.terraform.structure.mineshaft.SmeltingHallPopulator at -1249 3 804 in a room of size 15x14 
[2026-03-18 23:25:11] [INFO   ] Registered: org.terraform.structure.mineshaft.SmeltingHallPopulator at -1166 3 794 in a room of size 14x13 
[2026-03-18 23:25:11] [INFO   ] Registered: org.terraform.structure.mineshaft.ShaftRoomPopulator at -1203 3 834 in a room of size 15x13 
[2026-03-18 23:25:11] [INFO   ] Registered: org.terraform.structure.mineshaft.CaveSpiderDenPopulator at -1271 18 787 in a room of size 14x14 
[2026-03-18 23:25:11] [INFO   ] Registered: org.terraform.structure.mineshaft.SmeltingHallPopulator at -1277 18 757 in a room of size 14x13 
[2026-03-18 23:25:11] [INFO   ] Registered: org.terraform.structure.mineshaft.ShaftTopPopulator at -1234 18 849 in a room of size 14x7 
[2026-03-18 23:25:11] [INFO   ] Registered: org.terraform.structure.mineshaft.SmeltingHallPopulator at -1171 18 812 in a room of size 14x14 
[2026-03-18 23:25:11] [INFO   ] Registered: org.terraform.structure.mineshaft.ShaftTopPopulator at -1203 18 834 in a room of size 15x6 
[2026-03-18 23:25:11] [INFO   ] Registered: org.terraform.structure.mineshaft.SmeltingHallPopulator at -1230 18 785 in a room of size 13x15 
[2026-03-18 23:25:11] [INFO   ] Registered: org.terraform.structure.mineshaft.SmeltingHallPopulator at -1201 18 770 in a room of size 13x14 
[2026-03-18 23:25:11] [INFO   ] Registered: org.terraform.structure.mineshaft.CaveSpiderDenPopulator at -1234 18 874 in a room of size 13x13 
[2026-03-18 23:25:11] [INFO   ] Registered: org.terraform.structure.mineshaft.SmeltingHallPopulator at -1176 18 901 in a room of size 14x13 
[2026-03-18 23:25:11] [INFO   ] Registered: org.terraform.structure.mineshaft.CaveSpiderDenPopulator at -1149 18 826 in a room of size 13x14 
[2026-03-18 23:25:29] [INFO   ] Medium Schematic 
[2026-03-18 23:25:50] [INFO   ] Spawning DripstoneClusterCavePopulator at -1728,20,768 
[2026-03-18 23:25:55] [INFO   ] Generating org.terraform.structure.small.dungeon.SmallDungeonPopulator at chunk: -112,41 
[2026-03-18 23:25:55] [INFO   ] Spawning Underground Dungeon at -1787,20,671 
[2026-03-18 23:25:56] [INFO   ] Large Cave at -1216,24,320 has water level > -13 with populator GenericLargeCavePopulator 
[2026-03-18 23:26:07] [INFO   ] Generating org.terraform.structure.small.dungeon.SmallDungeonPopulator at chunk: -114,39 
[2026-03-18 23:26:07] [INFO   ] Spawning Underground Dungeon at -1809,55,633 
[2026-03-18 23:27:24] [INFO   ] Small Schematic 
[2026-03-18 23:42:39] [INFO   ] Generating org.terraform.structure.trialchamber.TrialChamberPopulator at chunk: -108,52 
[2026-03-18 23:42:49] [INFO   ] -108,84 will spawn a vanilla structure, with tryGenerateStructure == true 
[2026-03-18 23:46:26] [INFO   ] [Locate] Completed Locate task (30ms) 
[2026-03-18 23:46:26] [INFO   ] Registered: org.terraform.structure.mineshaft.ShaftRoomPopulator at -2252 14 822 in a room of size 15x13 
[2026-03-18 23:46:26] [INFO   ] Registered: org.terraform.structure.mineshaft.ShaftRoomPopulator at -2231 14 848 in a room of size 14x15 
[2026-03-18 23:46:26] [INFO   ] Registered: org.terraform.structure.mineshaft.SmeltingHallPopulator at -2184 14 767 in a room of size 14x13 
[2026-03-18 23:46:26] [INFO   ] Registered: org.terraform.structure.mineshaft.CaveSpiderDenPopulator at -2308 14 793 in a room of size 15x14 
[2026-03-18 23:46:26] [INFO   ] Registered: org.terraform.structure.mineshaft.CaveSpiderDenPopulator at -2307 14 770 in a room of size 13x13 
[2026-03-18 23:46:26] [INFO   ] Registered: org.terraform.structure.mineshaft.ShaftRoomPopulator at -2174 14 787 in a room of size 13x13 
[2026-03-18 23:46:26] [INFO   ] Registered: org.terraform.structure.mineshaft.ShaftRoomPopulator at -2277 14 792 in a room of size 14x14 
[2026-03-18 23:46:26] [INFO   ] Registered: org.terraform.structure.mineshaft.CaveSpiderDenPopulator at -2302 14 907 in a room of size 14x15 
[2026-03-18 23:46:26] [INFO   ] Registered: org.terraform.structure.mineshaft.SmeltingHallPopulator at -2220 29 763 in a room of size 13x14 
[2026-03-18 23:46:26] [INFO   ] Registered: org.terraform.structure.mineshaft.ShaftTopPopulator at -2174 29 787 in a room of size 13x6 
[2026-03-18 23:46:26] [INFO   ] Registered: org.terraform.structure.mineshaft.CaveSpiderDenPopulator at -2242 29 780 in a room of size 14x15 
[2026-03-18 23:46:26] [INFO   ] Registered: org.terraform.structure.mineshaft.CaveSpiderDenPopulator at -2301 29 834 in a room of size 15x15 
[2026-03-18 23:46:26] [INFO   ] Registered: org.terraform.structure.mineshaft.SmeltingHallPopulator at -2294 29 862 in a room of size 14x14 
[2026-03-18 23:46:26] [INFO   ] Registered: org.terraform.structure.mineshaft.CaveSpiderDenPopulator at -2184 29 828 in a room of size 13x15 
[2026-03-18 23:46:26] [INFO   ] Registered: org.terraform.structure.mineshaft.ShaftTopPopulator at -2231 29 848 in a room of size 14x7 
[2026-03-18 23:46:26] [INFO   ] Registered: org.terraform.structure.mineshaft.CaveSpiderDenPopulator at -2210 29 904 in a room of size 15x14 
[2026-03-18 23:46:26] [INFO   ] Registered: org.terraform.structure.mineshaft.SmeltingHallPopulator at -2176 29 857 in a room of size 13x15 
[2026-03-18 23:46:26] [INFO   ] Registered: org.terraform.structure.mineshaft.ShaftTopPopulator at -2277 29 792 in a room of size 14x7 
[2026-03-18 23:46:26] [INFO   ] Registered: org.terraform.structure.mineshaft.CaveSpiderDenPopulator at -2255 29 907 in a room of size 13x15 
[2026-03-18 23:46:26] [INFO   ] Registered: org.terraform.structure.mineshaft.ShaftTopPopulator at -2252 29 822 in a room of size 15x5 
[2026-03-18 23:46:26] [INFO   ] Minecart with chest at: -2229, 14, 833 
[2026-03-18 23:46:27] [INFO   ] Minecart with chest at: -2251, 14, 822 
[2026-03-18 23:46:27] [INFO   ] Minecart with chest at: -2241, 14, 822 
[2026-03-18 23:46:27] [INFO   ] Generating org.terraform.structure.mineshaft.MineshaftPopulator at chunk: -140,52 
[2026-03-18 23:46:27] [INFO   ] [Locate] [MineshaftPopulator] Located at X: -2240 Z: 832 
[2026-03-18 23:46:40] [INFO   ] Minecart with chest at: -2277, 14, 822 
[2026-03-18 23:46:42] [INFO   ] Minecart with chest at: -2175, 29, 848 
[2026-03-18 23:46:42] [INFO   ] Minecart with chest at: -2304, 14, 792 
[2026-03-18 23:46:42] [INFO   ] Minecart with chest at: -2182, 29, 903 
[2026-03-18 23:46:43] [INFO   ] Minecart with chest at: -2216, 29, 762 
[2026-03-18 23:46:43] [INFO   ] Minecart with chest at: -2172, 29, 767 
[2026-03-18 23:46:49] [INFO   ] Large Cave at -2240,13,1344 has water level > -21 with populator LargeLushCavePopulator 
[2026-03-18 23:46:57] [INFO   ] Generating org.terraform.structure.trialchamber.TrialChamberPopulator at chunk: -108,84 
[2026-03-19 00:08:58] [INFO   ] Spawning ancient city at: 320,-19,320 
[2026-03-19 00:08:58] [INFO   ] Registered: org.terraform.structure.ancientcity.AncientCityRuinsPlatform at 310 -19 371 in a room of size 26x17 
[2026-03-19 00:08:58] [INFO   ] Registered: org.terraform.structure.ancientcity.AncientCitySchematicPlatform at 264 -19 264 in a room of size 26x20 
[2026-03-19 00:08:58] [INFO   ] Registered: org.terraform.structure.ancientcity.AncientCityRuinsPlatform at 273 -19 371 in a room of size 17x24 
[2026-03-19 00:08:58] [INFO   ] Registered: org.terraform.structure.ancientcity.AncientCitySchematicPlatform at 337 -19 293 in a room of size 20x22 
[2026-03-19 00:08:58] [INFO   ] Registered: org.terraform.structure.ancientcity.AncientCitySchematicPlatform at 288 -19 274 in a room of size 22x18 
[2026-03-19 00:08:58] [INFO   ] Registered: org.terraform.structure.ancientcity.AncientCityAltarPopulator at 340 -19 267 in a room of size 24x23 
[2026-03-19 00:08:58] [INFO   ] Registered: org.terraform.structure.ancientcity.AncientCityAltarPopulator at 373 -19 351 in a room of size 22x21 
[2026-03-19 00:08:58] [INFO   ] Registered: org.terraform.structure.ancientcity.AncientCitySchematicPlatform at 262 -19 318 in a room of size 16x22 
[2026-03-19 00:08:58] [INFO   ] Registered: org.terraform.structure.ancientcity.AncientCityAltarPopulator at 366 -19 328 in a room of size 21x23 
[2026-03-19 00:08:58] [INFO   ] Registered: org.terraform.structure.ancientcity.AncientCityAltarPopulator at 280 -19 320 in a room of size 16x25 
[2026-03-19 00:08:58] [INFO   ] Registered: org.terraform.structure.ancientcity.AncientCityRuinsPlatform at 293 -19 343 in a room of size 24x16 
[2026-03-19 00:08:58] [INFO   ] Registered: org.terraform.structure.ancientcity.AncientCityCenterPlatformPopulator at 328 -19 328 in a room of size 46x46 
[2026-03-19 00:08:58] [INFO   ] Registered: org.terraform.structure.ancientcity.AncientCitySchematicPlatform at 347 -19 369 in a room of size 25x17 
[2026-03-19 00:08:58] [INFO   ] Medium Schematic 
[2026-03-19 00:14:45] [INFO   ]  Custom Logger Initialized 
[2026-03-19 00:14:45] [INFO   ] [NOTICE] TerraformGenerator will suppress the server's watchdog while generating chunks to prevent unnecessary stacktrace warnings. Unless you specifically need thewatchdog now (to take aikar timings or debug lag), you don't need to take any action. 
[2026-03-19 00:14:45] [INFO   ] It is recommended to pregenerate to reduce lag problems. 
[2026-03-19 00:14:45] [INFO   ] Watchdog Thread hooked. 
[2026-03-19 00:14:45] [INFO   ]  bStats Metrics enabled. 
[2026-03-19 00:14:45] [INFO   ]  Detected version: v1_21_R7, packName: v1_21_R7 
[2026-03-19 00:14:45] [INFO   ] Unfreezing biome registry... 
[2026-03-19 00:14:45] [INFO   ] Registered custom biome: muddy_bog 
[2026-03-19 00:14:45] [INFO   ] Registered custom biome: cherry_grove 
[2026-03-19 00:14:45] [INFO   ] Registered custom biome: scarlet_forest 
[2026-03-19 00:14:45] [INFO   ] Registered custom biome: crystalline_cluster 
[2026-03-19 00:14:45] [INFO   ] Freezing biome registry 
[2026-03-19 00:14:45] [INFO   ] [Structure Registry] Registered Large Structure: VillageHousePopulator 
[2026-03-19 00:14:45] [INFO   ] [Structure Registry] Registered Large Structure: VillagePopulator 
[2026-03-19 00:14:45] [INFO   ] [Structure Registry] Registered Large Structure: OutpostPopulator 
[2026-03-19 00:14:45] [INFO   ] [Structure Registry] Registered Large Structure: PyramidPopulator 
[2026-03-19 00:14:45] [INFO   ] [Structure Registry] Registered Large Structure: MonumentPopulator 
[2026-03-19 00:14:45] [INFO   ] [Structure Registry] Registered Large Structure: StrongholdPopulator 
[2026-03-19 00:14:45] [INFO   ] [Structure Registry] Registered Large Structure: MansionPopulator 
[2026-03-19 00:14:45] [INFO   ] [Structure Registry] Registered Large Structure: AncientCityPopulator 
[2026-03-19 00:14:45] [INFO   ] [Structure Registry] Registered Large Structure: TrialChamberPopulator 
[2026-03-19 00:14:45] [INFO   ] [Structure Registry] Registered Large Structure: LargeCavePopulator 
[2026-03-19 00:14:45] [INFO   ] [Structure Registry] Registered Large Structure: MineshaftPopulator 
[2026-03-19 00:14:45] [INFO   ] [Structure Registry] Registered Large Structure: CatacombsPopulator 
[2026-03-19 00:14:45] [INFO   ] [Structure Registry] Registered Large Structure: BadlandsMinePopulator 
[2026-03-19 00:14:45] [INFO   ] [Structure Registry] Registered Large Structure: WarmOceanRuinsPopulator 
[2026-03-19 00:14:45] [INFO   ] [Structure Registry] Registered Large Structure: TrailRuinsPopulator 
[2026-03-19 00:14:45] [INFO   ] [Structure Registry] Registered Small Structure: SmallDungeonPopulator 
[2026-03-19 00:14:45] [INFO   ] [Structure Registry] Registered Small Structure: ShipwreckPopulator 
[2026-03-19 00:14:45] [INFO   ] [Structure Registry] Registered Small Structure: BuriedTreasurePopulator 
[2026-03-19 00:14:45] [INFO   ] [Structure Registry] Registered Small Structure: RuinedPortalPopulator 
[2026-03-19 00:14:45] [INFO   ] [Structure Registry] Registered Small Structure: IglooPopulator 
[2026-03-19 00:14:45] [INFO   ] [Structure Registry] Registered Small Structure: DesertWellPopulator 
[2026-03-19 00:14:45] [INFO   ] [Structure Registry] Registered Small Structure: WitchHutPopulator 
[2026-03-19 00:14:45] [INFO   ] Creating TW instance: world - 8157096416607632898 
[2026-03-19 00:14:46] [INFO   ]  Detected world: world, commencing injection...  
[2026-03-19 00:14:46] [INFO   ] Creating TW instance: world - 8157096416607632898 
[2026-03-19 00:14:46] [INFO   ] NMSChunkGenerator Delegate is of type CustomChunkGenerator 
[2026-03-19 00:14:46] [INFO   ] Post injection: getChunkSource().getChunkGenerator() is of type NMSChunkGenerator 
[2026-03-19 00:14:46] [INFO   ]  Injection success! Proceeding with generation. 
[2026-03-19 00:14:46] [INFO   ]  world loaded. 
[2026-03-19 00:30:09] [INFO   ] Will spawn stronghold at: CoordPair[x=1256, z=634] 
[2026-03-19 00:30:21] [INFO   ] Spawning MossyCavePopulator at -1504,27,1360 
[2026-03-19 00:30:24] [INFO   ] Spawning CaveFluidClusterPopulator at -1480,-30,1360 
[2026-03-19 00:30:24] [INFO   ] Spawning DeepCavePopulator at -1477,-33,1360 
[2026-03-19 00:30:30] [INFO   ] Spawning CrystallineClusterCavePopulator at -1462,-16,1376 
[2026-03-19 00:30:36] [INFO   ] Registered: org.terraform.structure.mineshaft.ShaftRoomPopulator at -1162 23 807 in a room of size 13x13 
[2026-03-19 00:30:36] [INFO   ] Registered: org.terraform.structure.mineshaft.ShaftRoomPopulator at -1289 23 771 in a room of size 14x15 
[2026-03-19 00:30:36] [INFO   ] Registered: org.terraform.structure.mineshaft.SmeltingHallPopulator at -1234 23 849 in a room of size 14x15 
[2026-03-19 00:30:36] [INFO   ] Registered: org.terraform.structure.mineshaft.SmeltingHallPopulator at -1249 23 804 in a room of size 15x14 
[2026-03-19 00:30:36] [INFO   ] Registered: org.terraform.structure.mineshaft.CaveSpiderDenPopulator at -1291 23 810 in a room of size 14x14 
[2026-03-19 00:30:36] [INFO   ] Registered: org.terraform.structure.mineshaft.ShaftRoomPopulator at -1287 23 846 in a room of size 13x14 
[2026-03-19 00:30:36] [INFO   ] Registered: org.terraform.structure.mineshaft.SmeltingHallPopulator at -1166 23 794 in a room of size 14x13 
[2026-03-19 00:30:36] [INFO   ] Registered: org.terraform.structure.mineshaft.ShaftRoomPopulator at -1262 23 759 in a room of size 14x15 
[2026-03-19 00:30:36] [INFO   ] Registered: org.terraform.structure.mineshaft.ShaftRoomPopulator at -1203 23 834 in a room of size 15x13 
[2026-03-19 00:30:36] [INFO   ] Registered: org.terraform.structure.mineshaft.SmeltingHallPopulator at -1234 38 874 in a room of size 13x13 
[2026-03-19 00:30:36] [INFO   ] Registered: org.terraform.structure.mineshaft.SmeltingHallPopulator at -1230 38 785 in a room of size 13x15 
[2026-03-19 00:30:36] [INFO   ] Registered: org.terraform.structure.mineshaft.ShaftTopPopulator at -1262 38 759 in a room of size 14x7 
[2026-03-19 00:30:36] [INFO   ] Registered: org.terraform.structure.mineshaft.SmeltingHallPopulator at -1201 38 770 in a room of size 13x14 
[2026-03-19 00:30:36] [INFO   ] Registered: org.terraform.structure.mineshaft.CaveSpiderDenPopulator at -1149 38 826 in a room of size 13x14 
[2026-03-19 00:30:36] [INFO   ] Registered: org.terraform.structure.mineshaft.SmeltingHallPopulator at -1176 38 901 in a room of size 14x13 
[2026-03-19 00:30:36] [INFO   ] Registered: org.terraform.structure.mineshaft.ShaftTopPopulator at -1203 38 834 in a room of size 15x6 
[2026-03-19 00:30:36] [INFO   ] Registered: org.terraform.structure.mineshaft.SmeltingHallPopulator at -1277 38 757 in a room of size 14x13 
[2026-03-19 00:30:36] [INFO   ] Registered: org.terraform.structure.mineshaft.ShaftTopPopulator at -1289 38 771 in a room of size 14x7 
[2026-03-19 00:30:36] [INFO   ] Registered: org.terraform.structure.mineshaft.ShaftTopPopulator at -1162 38 807 in a room of size 13x6 
[2026-03-19 00:30:36] [INFO   ] Registered: org.terraform.structure.mineshaft.ShaftTopPopulator at -1287 38 846 in a room of size 13x7 
[2026-03-19 00:30:36] [INFO   ] Registered: org.terraform.structure.mineshaft.SmeltingHallPopulator at -1271 38 787 in a room of size 14x14 
[2026-03-19 00:30:44] [INFO   ] Spawning DripstoneClusterCavePopulator at -1664,36,1408 
[2026-03-19 00:30:44] [INFO   ] Spawning LushClusterCavePopulator at -1600,-14,1408 
[2026-03-19 00:37:35] [INFO   ] Generating org.terraform.structure.small.buriedtreasure.BuriedTreasurePopulator at chunk: -104,90 
[2026-03-19 00:37:58] [INFO   ] -76,84 will spawn a vanilla structure, with tryGenerateStructure == true 
[2026-03-19 00:46:36] [INFO   ] Large Cave at 832,22,832 has water level > -20 with populator GenericLargeCavePopulator 
[2026-03-19 00:46:39] [INFO   ] Spawning ancient city at: 832,-12,1344 
[2026-03-19 00:46:39] [INFO   ] Registered: org.terraform.structure.ancientcity.AncientCityRuinsPlatform at 882 -12 1284 in a room of size 24x19 
[2026-03-19 00:46:39] [INFO   ] Registered: org.terraform.structure.ancientcity.AncientCitySchematicPlatform at 880 -12 1375 in a room of size 26x18 
[2026-03-19 00:46:39] [INFO   ] Registered: org.terraform.structure.ancientcity.AncientCitySchematicPlatform at 782 -12 1375 in a room of size 16x18 
[2026-03-19 00:46:39] [INFO   ] Registered: org.terraform.structure.ancientcity.AncientCityAltarPopulator at 794 -12 1355 in a room of size 25x17 
[2026-03-19 00:46:39] [INFO   ] Registered: org.terraform.structure.ancientcity.AncientCityAltarPopulator at 783 -12 1394 in a room of size 20x19 
[2026-03-19 00:46:39] [INFO   ] Registered: org.terraform.structure.ancientcity.AncientCityAltarPopulator at 815 -12 1396 in a room of size 18x19 
[2026-03-19 00:46:39] [INFO   ] Registered: org.terraform.structure.ancientcity.AncientCityAltarPopulator at 829 -12 1316 in a room of size 23x20 
[2026-03-19 00:46:39] [INFO   ] Registered: org.terraform.structure.ancientcity.AncientCityCenterPlatformPopulator at 840 -12 1352 in a room of size 46x46 
[2026-03-19 00:46:39] [INFO   ] Registered: org.terraform.structure.ancientcity.AncientCityRuinsPlatform at 872 -12 1314 in a room of size 17x26 
[2026-03-19 00:46:39] [INFO   ] Registered: org.terraform.structure.ancientcity.AncientCityAltarPopulator at 794 -12 1313 in a room of size 22x21 
[2026-03-19 00:46:39] [INFO   ] Registered: org.terraform.structure.ancientcity.AncientCitySchematicPlatform at 851 -12 1313 in a room of size 22x16 
[2026-03-19 00:46:39] [INFO   ] Registered: org.terraform.structure.ancientcity.AncientCityAltarPopulator at 892 -12 1334 in a room of size 21x24 
[2026-03-19 00:46:39] [INFO   ] Registered: org.terraform.structure.ancientcity.AncientCitySchematicPlatform at 876 -12 1397 in a room of size 26x16 
[2026-03-19 00:46:39] [INFO   ] Large Cave at 1344,15,832 has water level > -19 with populator MushroomCavePopulator 
[2026-03-19 00:46:39] [INFO   ] Large Cave at 1344,14,1344 has water level > -8 with populator MushroomCavePopulator 
[2026-03-19 00:46:47] [INFO   ] Generating org.terraform.structure.small.ruinedportal.RuinedPortalPopulator at chunk: 52,59 
[2026-03-19 00:46:55] [INFO   ] Generating org.terraform.structure.small.dungeon.SmallDungeonPopulator at chunk: 48,69 
[2026-03-19 00:46:55] [INFO   ] Spawning Underground Dungeon at 768,32,1108 
[2026-03-19 00:46:59] [INFO   ] Generating org.terraform.structure.caves.LargeCavePopulator at chunk: 52,52 
[2026-03-19 00:49:00] [INFO   ]  Custom Logger Initialized 
[2026-03-19 00:49:00] [INFO   ] [NOTICE] TerraformGenerator will suppress the server's watchdog while generating chunks to prevent unnecessary stacktrace warnings. Unless you specifically need thewatchdog now (to take aikar timings or debug lag), you don't need to take any action. 
[2026-03-19 00:49:00] [INFO   ] It is recommended to pregenerate to reduce lag problems. 
[2026-03-19 00:49:00] [INFO   ] Watchdog Thread hooked. 
[2026-03-19 00:49:00] [INFO   ]  bStats Metrics enabled. 
[2026-03-19 00:49:00] [INFO   ]  Detected version: v1_21_R7, packName: v1_21_R7 
[2026-03-19 00:49:00] [INFO   ] Unfreezing biome registry... 
[2026-03-19 00:49:00] [INFO   ] Registered custom biome: muddy_bog 
[2026-03-19 00:49:00] [INFO   ] Registered custom biome: cherry_grove 
[2026-03-19 00:49:00] [INFO   ] Registered custom biome: scarlet_forest 
[2026-03-19 00:49:00] [INFO   ] Registered custom biome: crystalline_cluster 
[2026-03-19 00:49:00] [INFO   ] Freezing biome registry 
[2026-03-19 00:49:00] [INFO   ] [Structure Registry] Registered Large Structure: VillageHousePopulator 
[2026-03-19 00:49:01] [INFO   ] [Structure Registry] Registered Large Structure: VillagePopulator 
[2026-03-19 00:49:01] [INFO   ] [Structure Registry] Registered Large Structure: OutpostPopulator 
[2026-03-19 00:49:01] [INFO   ] [Structure Registry] Registered Large Structure: PyramidPopulator 
[2026-03-19 00:49:01] [INFO   ] [Structure Registry] Registered Large Structure: MonumentPopulator 
[2026-03-19 00:49:01] [INFO   ] [Structure Registry] Registered Large Structure: StrongholdPopulator 
[2026-03-19 00:49:01] [INFO   ] [Structure Registry] Registered Large Structure: MansionPopulator 
[2026-03-19 00:49:01] [INFO   ] [Structure Registry] Registered Large Structure: AncientCityPopulator 
[2026-03-19 00:49:01] [INFO   ] [Structure Registry] Registered Large Structure: TrialChamberPopulator 
[2026-03-19 00:49:01] [INFO   ] [Structure Registry] Registered Large Structure: LargeCavePopulator 
[2026-03-19 00:49:01] [INFO   ] [Structure Registry] Registered Large Structure: MineshaftPopulator 
[2026-03-19 00:49:01] [INFO   ] [Structure Registry] Registered Large Structure: CatacombsPopulator 
[2026-03-19 00:49:01] [INFO   ] [Structure Registry] Registered Large Structure: BadlandsMinePopulator 
[2026-03-19 00:49:01] [INFO   ] [Structure Registry] Registered Large Structure: WarmOceanRuinsPopulator 
[2026-03-19 00:49:01] [INFO   ] [Structure Registry] Registered Large Structure: TrailRuinsPopulator 
[2026-03-19 00:49:01] [INFO   ] [Structure Registry] Registered Small Structure: SmallDungeonPopulator 
[2026-03-19 00:49:01] [INFO   ] [Structure Registry] Registered Small Structure: ShipwreckPopulator 
[2026-03-19 00:49:01] [INFO   ] [Structure Registry] Registered Small Structure: BuriedTreasurePopulator 
[2026-03-19 00:49:01] [INFO   ] [Structure Registry] Registered Small Structure: RuinedPortalPopulator 
[2026-03-19 00:49:01] [INFO   ] [Structure Registry] Registered Small Structure: IglooPopulator 
[2026-03-19 00:49:01] [INFO   ] [Structure Registry] Registered Small Structure: DesertWellPopulator 
[2026-03-19 00:49:01] [INFO   ] [Structure Registry] Registered Small Structure: WitchHutPopulator 
[2026-03-19 00:49:01] [INFO   ] Creating TW instance: world - 8157096416607632898 
[2026-03-19 00:49:01] [INFO   ]  Detected world: world, commencing injection...  
[2026-03-19 00:49:01] [INFO   ] Creating TW instance: world - 8157096416607632898 
[2026-03-19 00:49:01] [INFO   ] NMSChunkGenerator Delegate is of type CustomChunkGenerator 
[2026-03-19 00:49:01] [INFO   ] Post injection: getChunkSource().getChunkGenerator() is of type NMSChunkGenerator 
[2026-03-19 00:49:01] [INFO   ]  Injection success! Proceeding with generation. 
[2026-03-19 00:49:01] [INFO   ]  world loaded. 
[2026-03-19 00:49:28] [INFO   ] Will spawn stronghold at: CoordPair[x=1256, z=634] 
[2026-03-19 00:49:30] [INFO   ] Spawning MossyCavePopulator at 992,51,992 
[2026-03-19 00:49:30] [INFO   ] Spawning DeepCavePopulator at 992,-51,992 
[2026-03-19 00:49:30] [INFO   ] Spawning CaveFluidClusterPopulator at 1000,39,1000 
[2026-03-19 00:49:30] [INFO   ] Large Cave at 832,22,832 has water level > -20 with populator GenericLargeCavePopulator 
[2026-03-19 00:49:32] [INFO   ] Large Cave at 1344,15,832 has water level > -19 with populator MushroomCavePopulator 
[2026-03-19 00:49:32] [INFO   ] Spawning ancient city at: 832,-12,1344 
[2026-03-19 00:49:33] [INFO   ] Registered: org.terraform.structure.ancientcity.AncientCityAltarPopulator at 794 -12 1355 in a room of size 25x17 
[2026-03-19 00:49:33] [INFO   ] Registered: org.terraform.structure.ancientcity.AncientCitySchematicPlatform at 880 -12 1375 in a room of size 26x18 
[2026-03-19 00:49:33] [INFO   ] Registered: org.terraform.structure.ancientcity.AncientCityAltarPopulator at 783 -12 1394 in a room of size 20x19 
[2026-03-19 00:49:33] [INFO   ] Registered: org.terraform.structure.ancientcity.AncientCitySchematicPlatform at 782 -12 1375 in a room of size 16x18 
[2026-03-19 00:49:33] [INFO   ] Registered: org.terraform.structure.ancientcity.AncientCityAltarPopulator at 815 -12 1396 in a room of size 18x19 
[2026-03-19 00:49:33] [INFO   ] Registered: org.terraform.structure.ancientcity.AncientCityCenterPlatformPopulator at 840 -12 1352 in a room of size 46x46 
[2026-03-19 00:49:33] [INFO   ] Registered: org.terraform.structure.ancientcity.AncientCityAltarPopulator at 892 -12 1334 in a room of size 21x24 
[2026-03-19 00:49:33] [INFO   ] Registered: org.terraform.structure.ancientcity.AncientCityRuinsPlatform at 882 -12 1284 in a room of size 24x19 
[2026-03-19 00:49:33] [INFO   ] Registered: org.terraform.structure.ancientcity.AncientCitySchematicPlatform at 876 -12 1397 in a room of size 26x16 
[2026-03-19 00:49:33] [INFO   ] Registered: org.terraform.structure.ancientcity.AncientCityAltarPopulator at 829 -12 1316 in a room of size 23x20 
[2026-03-19 00:49:33] [INFO   ] Registered: org.terraform.structure.ancientcity.AncientCityAltarPopulator at 794 -12 1313 in a room of size 22x21 
[2026-03-19 00:49:33] [INFO   ] Registered: org.terraform.structure.ancientcity.AncientCitySchematicPlatform at 851 -12 1313 in a room of size 22x16 
[2026-03-19 00:49:33] [INFO   ] Registered: org.terraform.structure.ancientcity.AncientCityRuinsPlatform at 872 -12 1314 in a room of size 17x26 
[2026-03-19 00:49:33] [INFO   ] Spawning DripstoneClusterCavePopulator at 1024,29,960 
[2026-03-19 00:49:33] [INFO   ] Spawning CrystallineClusterCavePopulator at 1032,-15,1032 
[2026-03-19 00:49:33] [INFO   ] Large Cave at 1344,14,1344 has water level > -8 with populator MushroomCavePopulator 
[2026-03-19 00:49:34] [INFO   ] Spawning LushClusterCavePopulator at 960,-28,1088 
[2026-03-19 00:49:46] [INFO   ] Generating org.terraform.structure.small.ruinedportal.RuinedPortalPopulator at chunk: 52,59 
[2026-03-19 00:49:54] [INFO   ] Generating org.terraform.structure.small.dungeon.SmallDungeonPopulator at chunk: 48,69 
[2026-03-19 00:49:54] [INFO   ] Spawning Underground Dungeon at 768,32,1108 
[2026-03-19 00:51:33] [INFO   ] Generating org.terraform.structure.caves.LargeCavePopulator at chunk: 52,52 
[2026-03-19 00:51:41] [INFO   ] 20,52 will spawn a vanilla structure, with tryGenerateStructure == true 
[2026-03-19 00:51:51] [INFO   ] Generating org.terraform.structure.small.dungeon.SmallDungeonPopulator at chunk: 54,48 
[2026-03-19 00:51:51] [INFO   ] Spawning Underground Dungeon at 870,15,777 
[2026-03-19 00:51:53] [INFO   ] Generating org.terraform.structure.small.dungeon.SmallDungeonPopulator at chunk: 55,46 
[2026-03-19 00:51:53] [INFO   ] Spawning Underground Dungeon at 892,49,739 
[2026-03-19 00:52:24] [INFO   ] Spawning FrozenCavePopulator at 688,3,519 
[2026-03-19 00:52:24] [INFO   ] Registered: org.terraform.structure.mineshaft.ShaftRoomPopulator at 783 13 367 in a room of size 15x13 
[2026-03-19 00:52:24] [INFO   ] Registered: org.terraform.structure.mineshaft.CaveSpiderDenPopulator at 781 13 283 in a room of size 15x13 
[2026-03-19 00:52:24] [INFO   ] Registered: org.terraform.structure.mineshaft.CaveSpiderDenPopulator at 905 13 311 in a room of size 13x14 
[2026-03-19 00:52:24] [INFO   ] Registered: org.terraform.structure.mineshaft.ShaftRoomPopulator at 873 13 283 in a room of size 15x13 
[2026-03-19 00:52:24] [INFO   ] Registered: org.terraform.structure.mineshaft.ShaftRoomPopulator at 838 13 385 in a room of size 13x13 
[2026-03-19 00:52:24] [INFO   ] Registered: org.terraform.structure.mineshaft.CaveSpiderDenPopulator at 823 13 310 in a room of size 13x13 
[2026-03-19 00:52:24] [INFO   ] Registered: org.terraform.structure.mineshaft.ShaftRoomPopulator at 816 13 370 in a room of size 15x13 
[2026-03-19 00:52:24] [INFO   ] Registered: org.terraform.structure.mineshaft.SmeltingHallPopulator at 828 13 279 in a room of size 14x13 
[2026-03-19 00:52:24] [INFO   ] Registered: org.terraform.structure.mineshaft.CaveSpiderDenPopulator at 898 13 295 in a room of size 15x13 
[2026-03-19 00:52:24] [INFO   ] Registered: org.terraform.structure.mineshaft.CaveSpiderDenPopulator at 870 28 272 in a room of size 14x14 
[2026-03-19 00:52:24] [INFO   ] Registered: org.terraform.structure.mineshaft.SmeltingHallPopulator at 894 28 360 in a room of size 13x13 
[2026-03-19 00:52:24] [INFO   ] Registered: org.terraform.structure.mineshaft.ShaftTopPopulator at 873 28 283 in a room of size 15x6 
[2026-03-19 00:52:24] [INFO   ] Registered: org.terraform.structure.mineshaft.ShaftTopPopulator at 838 28 385 in a room of size 13x6 
[2026-03-19 00:52:24] [INFO   ] Registered: org.terraform.structure.mineshaft.CaveSpiderDenPopulator at 794 28 333 in a room of size 15x14 
[2026-03-19 00:52:24] [INFO   ] Registered: org.terraform.structure.mineshaft.CaveSpiderDenPopulator at 817 28 341 in a room of size 14x13 
[2026-03-19 00:52:24] [INFO   ] Registered: org.terraform.structure.mineshaft.SmeltingHallPopulator at 868 28 316 in a room of size 15x15 
[2026-03-19 00:52:24] [INFO   ] Registered: org.terraform.structure.mineshaft.SmeltingHallPopulator at 787 28 317 in a room of size 14x15 
[2026-03-19 00:52:24] [INFO   ] Registered: org.terraform.structure.mineshaft.CaveSpiderDenPopulator at 903 28 385 in a room of size 14x15 
[2026-03-19 00:52:24] [INFO   ] Registered: org.terraform.structure.mineshaft.ShaftTopPopulator at 816 28 370 in a room of size 15x5 
[2026-03-19 00:52:24] [INFO   ] Registered: org.terraform.structure.mineshaft.SmeltingHallPopulator at 840 28 279 in a room of size 15x14 
[2026-03-19 00:52:24] [INFO   ] Registered: org.terraform.structure.mineshaft.SmeltingHallPopulator at 770 28 313 in a room of size 15x15 
[2026-03-19 00:52:24] [INFO   ] Registered: org.terraform.structure.mineshaft.ShaftTopPopulator at 783 28 367 in a room of size 15x6 
[2026-03-19 00:52:24] [INFO   ] Registered: org.terraform.structure.mineshaft.SmeltingHallPopulator at 855 28 279 in a room of size 13x13 
[2026-03-19 00:52:54] [INFO   ] 84,20 will spawn a vanilla structure, with tryGenerateStructure == true 
[2026-03-19 00:52:58] [INFO   ] Minecart with chest at: 831, 28, 384 
[2026-03-19 00:52:59] [INFO   ] Minecart with chest at: 873, 13, 375 
[2026-03-19 00:53:00] [INFO   ] Minecart with chest at: 786, 28, 363 
[2026-03-19 00:53:03] [INFO   ] Minecart with chest at: 776, 28, 366 
[2026-03-19 00:53:04] [INFO   ] Minecart with chest at: 816, 28, 337 
[2026-03-19 00:53:04] [INFO   ] Minecart with chest at: 786, 28, 338 
[2026-03-19 00:53:04] [INFO   ] Minecart with chest at: 786, 28, 344 
[2026-03-19 00:53:06] [INFO   ] Minecart with chest at: 816, 13, 309 
[2026-03-19 00:53:06] [INFO   ] Generating org.terraform.structure.mineshaft.MineshaftPopulator at chunk: 52,20 
[2026-03-19 00:53:14] [INFO   ] Generating org.terraform.structure.small.shipwreck.ShipwreckPopulator at chunk: 81,11 
[2026-03-19 00:53:14] [INFO   ] Spawning shipwreck at 1301, 18, 184 with rotation of WEST 
[2026-03-19 00:53:15] [INFO   ] Generating org.terraform.structure.trialchamber.TrialChamberPopulator at chunk: 84,20 
[2026-03-19 00:54:06] [INFO   ]  Custom Logger Initialized 
[2026-03-19 00:54:07] [INFO   ] [NOTICE] TerraformGenerator will suppress the server's watchdog while generating chunks to prevent unnecessary stacktrace warnings. Unless you specifically need thewatchdog now (to take aikar timings or debug lag), you don't need to take any action. 
[2026-03-19 00:54:07] [INFO   ] It is recommended to pregenerate to reduce lag problems. 
[2026-03-19 00:54:07] [INFO   ] Watchdog Thread hooked. 
[2026-03-19 00:54:07] [INFO   ]  bStats Metrics enabled. 
[2026-03-19 00:54:07] [INFO   ]  Detected version: v1_21_R7, packName: v1_21_R7 
[2026-03-19 00:54:07] [INFO   ] Unfreezing biome registry... 
[2026-03-19 00:54:07] [INFO   ] Registered custom biome: muddy_bog 
[2026-03-19 00:54:07] [INFO   ] Registered custom biome: cherry_grove 
[2026-03-19 00:54:07] [INFO   ] Registered custom biome: scarlet_forest 
[2026-03-19 00:54:07] [INFO   ] Registered custom biome: crystalline_cluster 
[2026-03-19 00:54:07] [INFO   ] Freezing biome registry 
[2026-03-19 00:54:07] [INFO   ] [Structure Registry] Registered Large Structure: VillageHousePopulator 
[2026-03-19 00:54:07] [INFO   ] [Structure Registry] Registered Large Structure: VillagePopulator 
[2026-03-19 00:54:07] [INFO   ] [Structure Registry] Registered Large Structure: OutpostPopulator 
[2026-03-19 00:54:07] [INFO   ] [Structure Registry] Registered Large Structure: PyramidPopulator 
[2026-03-19 00:54:07] [INFO   ] [Structure Registry] Registered Large Structure: MonumentPopulator 
[2026-03-19 00:54:07] [INFO   ] [Structure Registry] Registered Large Structure: StrongholdPopulator 
[2026-03-19 00:54:07] [INFO   ] [Structure Registry] Registered Large Structure: MansionPopulator 
[2026-03-19 00:54:07] [INFO   ] [Structure Registry] Registered Large Structure: AncientCityPopulator 
[2026-03-19 00:54:07] [INFO   ] [Structure Registry] Registered Large Structure: TrialChamberPopulator 
[2026-03-19 00:54:07] [INFO   ] [Structure Registry] Registered Large Structure: LargeCavePopulator 
[2026-03-19 00:54:07] [INFO   ] [Structure Registry] Registered Large Structure: MineshaftPopulator 
[2026-03-19 00:54:07] [INFO   ] [Structure Registry] Registered Large Structure: CatacombsPopulator 
[2026-03-19 00:54:07] [INFO   ] [Structure Registry] Registered Large Structure: BadlandsMinePopulator 
[2026-03-19 00:54:07] [INFO   ] [Structure Registry] Registered Large Structure: WarmOceanRuinsPopulator 
[2026-03-19 00:54:07] [INFO   ] [Structure Registry] Registered Large Structure: TrailRuinsPopulator 
[2026-03-19 00:54:07] [INFO   ] [Structure Registry] Registered Small Structure: SmallDungeonPopulator 
[2026-03-19 00:54:07] [INFO   ] [Structure Registry] Registered Small Structure: ShipwreckPopulator 
[2026-03-19 00:54:07] [INFO   ] [Structure Registry] Registered Small Structure: BuriedTreasurePopulator 
[2026-03-19 00:54:07] [INFO   ] [Structure Registry] Registered Small Structure: RuinedPortalPopulator 
[2026-03-19 00:54:07] [INFO   ] [Structure Registry] Registered Small Structure: IglooPopulator 
[2026-03-19 00:54:07] [INFO   ] [Structure Registry] Registered Small Structure: DesertWellPopulator 
[2026-03-19 00:54:07] [INFO   ] [Structure Registry] Registered Small Structure: WitchHutPopulator 
[2026-03-19 00:54:07] [INFO   ] Creating TW instance: world - 8157096416607632898 
[2026-03-19 00:54:07] [INFO   ]  Detected world: world, commencing injection...  
[2026-03-19 00:54:07] [INFO   ] Creating TW instance: world - 8157096416607632898 
[2026-03-19 00:54:07] [INFO   ] NMSChunkGenerator Delegate is of type CustomChunkGenerator 
[2026-03-19 00:54:07] [INFO   ] Post injection: getChunkSource().getChunkGenerator() is of type NMSChunkGenerator 
[2026-03-19 00:54:07] [INFO   ]  Injection success! Proceeding with generation. 
[2026-03-19 00:54:07] [INFO   ]  world loaded. 
[2026-03-19 00:54:25] [INFO   ] Will spawn stronghold at: CoordPair[x=1256, z=634] 
[2026-03-19 00:54:26] [INFO   ] Spawning MossyCavePopulator at 800,-15,784 
[2026-03-19 00:54:26] [INFO   ] Spawning DeepCavePopulator at 800,-50,784 
[2026-03-19 00:54:26] [INFO   ] Large Cave at 832,22,832 has water level > -20 with populator GenericLargeCavePopulator 
[2026-03-19 00:54:28] [INFO   ] Spawning LushClusterCavePopulator at 832,23,768 
[2026-03-19 00:54:28] [INFO   ] Spawning CrystallineClusterCavePopulator at 860,22,774 
[2026-03-19 00:54:29] [INFO   ] Spawning DripstoneClusterCavePopulator at 768,12,832 
[2026-03-19 00:54:29] [INFO   ] Spawning CaveFluidClusterPopulator at 800,-23,760 
[2026-03-19 00:54:30] [INFO   ] Generating org.terraform.structure.small.dungeon.SmallDungeonPopulator at chunk: 54,48 
[2026-03-19 00:54:30] [INFO   ] Spawning Underground Dungeon at 870,15,777 
[2026-03-19 00:54:30] [INFO   ] Generating org.terraform.structure.caves.LargeCavePopulator at chunk: 52,52 
[2026-03-19 00:54:31] [INFO   ] Generating org.terraform.structure.small.dungeon.SmallDungeonPopulator at chunk: 55,46 
[2026-03-19 00:54:31] [INFO   ] Spawning Underground Dungeon at 892,49,739 
[2026-03-19 00:54:34] [INFO   ] Spawning ancient city at: 832,-15,1344 
[2026-03-19 00:54:34] [INFO   ] Registered: org.terraform.structure.ancientcity.AncientCitySchematicPlatform at 888 -15 1395 in a room of size 26x16 
[2026-03-19 00:54:34] [INFO   ] Registered: org.terraform.structure.ancientcity.AncientCityRuinsPlatform at 866 -15 1386 in a room of size 16x16 
[2026-03-19 00:54:34] [INFO   ] Registered: org.terraform.structure.ancientcity.AncientCityCenterPlatformPopulator at 840 -15 1352 in a room of size 46x46 
[2026-03-19 00:54:34] [INFO   ] Registered: org.terraform.structure.ancientcity.AncientCitySchematicPlatform at 823 -15 1292 in a room of size 20x22 
[2026-03-19 00:54:34] [INFO   ] Registered: org.terraform.structure.ancientcity.AncientCityRuinsPlatform at 777 -15 1323 in a room of size 16x16 
[2026-03-19 00:54:34] [INFO   ] Registered: org.terraform.structure.ancientcity.AncientCityAltarPopulator at 806 -15 1318 in a room of size 21x20 
[2026-03-19 00:54:34] [INFO   ] Registered: org.terraform.structure.ancientcity.AncientCityRuinsPlatform at 828 -15 1311 in a room of size 24x16 
[2026-03-19 00:54:34] [INFO   ] Registered: org.terraform.structure.ancientcity.AncientCitySchematicPlatform at 888 -15 1323 in a room of size 22x20 
[2026-03-19 00:54:34] [INFO   ] Registered: org.terraform.structure.ancientcity.AncientCityAltarPopulator at 853 -15 1315 in a room of size 21x21 
[2026-03-19 00:54:34] [INFO   ] Registered: org.terraform.structure.ancientcity.AncientCityRuinsPlatform at 795 -15 1289 in a room of size 16x23 
[2026-03-19 00:54:34] [INFO   ] Registered: org.terraform.structure.ancientcity.AncientCityRuinsPlatform at 868 -15 1293 in a room of size 19x16 
[2026-03-19 00:54:34] [INFO   ] Registered: org.terraform.structure.ancientcity.AncientCitySchematicPlatform at 828 -15 1394 in a room of size 21x24 
[2026-03-19 00:54:34] [INFO   ] Registered: org.terraform.structure.ancientcity.AncientCityAltarPopulator at 774 -15 1371 in a room of size 26x23 
[2026-03-19 00:54:34] [INFO   ] Large Cave at 1344,15,832 has water level > -19 with populator MushroomCavePopulator 
[2026-03-19 00:54:34] [INFO   ] Large Cave at 1344,14,1344 has water level > -8 with populator MushroomCavePopulator 
[2026-03-19 00:54:44] [INFO   ] Generating org.terraform.structure.small.ruinedportal.RuinedPortalPopulator at chunk: 52,59 
[2026-03-19 00:55:30] [INFO   ] Generating org.terraform.structure.small.dungeon.SmallDungeonPopulator at chunk: 48,69 
[2026-03-19 00:55:30] [INFO   ] Spawning Underground Dungeon at 768,32,1108 
[2026-03-19 00:55:48] [INFO   ] Large Cave at 4928,43,4928 has water level > -27 with populator GenericLargeCavePopulator 
[2026-03-19 00:55:56] [INFO   ] Spawning FrozenCavePopulator at 4976,-5,5114 
[2026-03-19 00:55:57] [INFO   ] Spawning ancient city at: 4928,-11,5440 
[2026-03-19 00:55:57] [INFO   ] Registered: org.terraform.structure.ancientcity.AncientCityRuinsPlatform at 4975 -11 5468 in a room of size 19x23 
[2026-03-19 00:55:57] [INFO   ] Registered: org.terraform.structure.ancientcity.AncientCityCenterPlatformPopulator at 4936 -11 5448 in a room of size 46x46 
[2026-03-19 00:55:57] [INFO   ] Registered: org.terraform.structure.ancientcity.AncientCityRuinsPlatform at 4969 -11 5402 in a room of size 18x26 
[2026-03-19 00:55:57] [INFO   ] Registered: org.terraform.structure.ancientcity.AncientCityRuinsPlatform at 4921 -11 5496 in a room of size 19x21 
[2026-03-19 00:55:57] [INFO   ] Registered: org.terraform.structure.ancientcity.AncientCityAltarPopulator at 4955 -11 5491 in a room of size 24x19 
[2026-03-19 00:55:57] [INFO   ] Registered: org.terraform.structure.ancientcity.AncientCitySchematicPlatform at 4985 -11 5500 in a room of size 21x19 
[2026-03-19 00:55:57] [INFO   ] Registered: org.terraform.structure.ancientcity.AncientCitySchematicPlatform at 4981 -11 5429 in a room of size 22x25 
[2026-03-19 00:55:57] [INFO   ] Registered: org.terraform.structure.ancientcity.AncientCitySchematicPlatform at 4871 -11 5465 in a room of size 20x26 
[2026-03-19 00:55:57] [INFO   ] Registered: org.terraform.structure.ancientcity.AncientCityAltarPopulator at 4889 -11 5389 in a room of size 19x26 
[2026-03-19 00:55:57] [INFO   ] Registered: org.terraform.structure.ancientcity.AncientCityRuinsPlatform at 4884 -11 5432 in a room of size 24x16 
[2026-03-19 00:55:57] [INFO   ] Registered: org.terraform.structure.ancientcity.AncientCitySchematicPlatform at 4937 -11 5404 in a room of size 20x21 
[2026-03-19 00:55:57] [INFO   ] Registered: org.terraform.structure.ancientcity.AncientCityAltarPopulator at 4898 -11 5498 in a room of size 19x22 
[2026-03-19 00:55:57] [INFO   ] Registered: org.terraform.structure.ancientcity.AncientCitySchematicPlatform at 4913 -11 5413 in a room of size 18x22 
[2026-03-19 00:55:57] [INFO   ] Large Cave at 5440,31,4928 has water level > -11 with populator MushroomCavePopulator 
[2026-03-19 00:55:59] [INFO   ] Generating org.terraform.structure.caves.LargeCavePopulator at chunk: 308,308 
[2026-03-19 00:56:10] [INFO   ] Generating Stronghold at chunk: 78,39 
[2026-03-19 00:56:12] [INFO   ] Registered: org.terraform.structure.stronghold.PortalRoomPopulator at 1286 20 672 in a room of size 25x25 
[2026-03-19 00:56:12] [INFO   ] Registered: org.terraform.structure.stronghold.HallwayPopulator at 1279 20 632 in a room of size 23x12 
[2026-03-19 00:56:12] [INFO   ] Registered: org.terraform.structure.stronghold.SupplyRoomPopulator at 1263 20 632 in a room of size 10x10 
[2026-03-19 00:56:12] [INFO   ] Registered: org.terraform.structure.stronghold.TrapChestRoomPopulator at 1286 20 652 in a room of size 11x11 
[2026-03-19 00:56:12] [INFO   ] Registered: org.terraform.structure.stronghold.HallwayPopulator at 1292 20 586 in a room of size 25x22 
[2026-03-19 00:56:12] [INFO   ] Registered: org.terraform.structure.stronghold.PrisonRoomPopulator at 1210 20 640 in a room of size 27x20 
[2026-03-19 00:56:12] [INFO   ] Registered: org.terraform.structure.stronghold.StairwayRoomPopulator at 1249 20 680 in a room of size 5x5 
[2026-03-19 00:56:12] [INFO   ] Registered: org.terraform.structure.stronghold.NetherPortalRoomPopulator at 1247 20 624 in a room of size 14x29 
[2026-03-19 00:56:12] [INFO   ] Registered: org.terraform.structure.stronghold.PrisonRoomPopulator at 1235 20 667 in a room of size 27x17 
[2026-03-19 00:56:12] [INFO   ] Registered: org.terraform.structure.stronghold.PrisonRoomPopulator at 1284 20 611 in a room of size 19x25 
[2026-03-19 00:56:12] [INFO   ] Registered: org.terraform.structure.stronghold.PrisonRoomPopulator at 1226 20 618 in a room of size 22x22 
[2026-03-19 00:56:12] [INFO   ] Registered: org.terraform.structure.stronghold.PrisonRoomPopulator at 1214 20 584 in a room of size 28x15 
[2026-03-19 00:56:14] [INFO   ] Registered: org.terraform.structure.stronghold.SupplyRoomPopulator at 1257 38 678 in a room of size 10x17 
[2026-03-19 00:56:14] [INFO   ] Registered: org.terraform.structure.stronghold.PrisonRoomPopulator at 1303 38 637 in a room of size 16x23 
[2026-03-19 00:56:14] [INFO   ] Registered: org.terraform.structure.stronghold.LibraryRoomPopulator at 1270 38 618 in a room of size 27x28 
[2026-03-19 00:56:14] [INFO   ] Registered: org.terraform.structure.stronghold.HallwayPopulator at 1229 38 649 in a room of size 28x17 
[2026-03-19 00:56:14] [INFO   ] Registered: org.terraform.structure.stronghold.StairwayTopPopulator at 1249 38 680 in a room of size 5x5 
[2026-03-19 00:56:14] [INFO   ] Registered: org.terraform.structure.stronghold.HallwayPopulator at 1284 38 597 in a room of size 19x12 
[2026-03-19 00:56:14] [INFO   ] Registered: org.terraform.structure.stronghold.HallwayPopulator at 1269 38 661 in a room of size 19x13 
[2026-03-19 00:56:14] [INFO   ] Registered: org.terraform.structure.stronghold.PrisonRoomPopulator at 1227 38 618 in a room of size 25x17 
[2026-03-19 00:56:14] [INFO   ] Registered: org.terraform.structure.stronghold.TrapChestRoomPopulator at 1299 38 612 in a room of size 10x11 
[2026-03-19 00:56:14] [INFO   ] Registered: org.terraform.structure.stronghold.PrisonRoomPopulator at 1293 38 664 in a room of size 17x27 
[2026-03-19 00:56:14] [INFO   ] Registered: org.terraform.structure.stronghold.HallwayPopulator at 1232 38 597 in a room of size 14x15 
[2026-03-19 00:56:14] [INFO   ] Registered: org.terraform.structure.stronghold.TrapChestRoomPopulator at 1237 38 670 in a room of size 12x12 
[2026-03-19 00:56:14] [INFO   ] Registered: org.terraform.structure.stronghold.HallwayPopulator at 1269 38 684 in a room of size 13x26 
[2026-03-19 00:56:14] [INFO   ] Registered: org.terraform.structure.stronghold.PrisonRoomPopulator at 1217 38 681 in a room of size 19x21 
[2026-03-19 00:56:31] [INFO   ] Generating org.terraform.structure.small.ruinedportal.RuinedPortalPopulator at chunk: 302,298 
[2026-03-19 00:57:02] [INFO   ] Generating org.terraform.structure.small.dungeon.SmallDungeonPopulator at chunk: 326,300 
[2026-03-19 00:57:02] [INFO   ] Spawning Underground Dungeon at 5216,38,4815 
[2026-03-19 00:58:16] [INFO   ] 276,308 will spawn a vanilla structure, with tryGenerateStructure == true 
[2026-03-19 00:58:16] [INFO   ] 276,340 will spawn a vanilla structure, with tryGenerateStructure == true 
[2026-03-19 00:59:10] [INFO   ] Generating org.terraform.structure.trialchamber.TrialChamberPopulator at chunk: 276,308 
[2026-03-19 00:59:11] [INFO   ] Spawning ForestedMountainsCavePopulator at 4368,4,5092 
[2026-03-19 01:00:08] [INFO   ] Medium Schematic 
[2026-03-19 01:00:24] [INFO   ] Generating org.terraform.structure.small.dungeon.SmallDungeonPopulator at chunk: 27,76 
[2026-03-19 01:00:24] [INFO   ] Spawning Underground Dungeon at 437,25,1218 
[2026-03-19 01:01:12] [INFO   ] Spawning ancient city at: 320,-14,320 
[2026-03-19 01:01:12] [INFO   ] Registered: org.terraform.structure.ancientcity.AncientCitySchematicPlatform at 337 -14 278 in a room of size 24x24 
[2026-03-19 01:01:12] [INFO   ] Registered: org.terraform.structure.ancientcity.AncientCityRuinsPlatform at 292 -14 304 in a room of size 19x19 
[2026-03-19 01:01:12] [INFO   ] Registered: org.terraform.structure.ancientcity.AncientCityLargePillarRoomPopulator at 287 -14 283 in a room of size 16x16 
[2026-03-19 01:01:12] [INFO   ] Registered: org.terraform.structure.ancientcity.AncientCityRuinsPlatform at 372 -14 289 in a room of size 16x26 
[2026-03-19 01:01:12] [INFO   ] Registered: org.terraform.structure.ancientcity.AncientCityCenterPlatformPopulator at 328 -14 328 in a room of size 46x46 
[2026-03-19 01:01:12] [INFO   ] Registered: org.terraform.structure.ancientcity.AncientCityRuinsPlatform at 363 -14 349 in a room of size 16x24 
[2026-03-19 01:01:12] [INFO   ] Registered: org.terraform.structure.ancientcity.AncientCitySchematicPlatform at 264 -14 294 in a room of size 21x24 
[2026-03-19 01:01:12] [INFO   ] Registered: org.terraform.structure.ancientcity.AncientCitySchematicPlatform at 284 -14 362 in a room of size 24x24 
[2026-03-19 01:01:12] [INFO   ] Registered: org.terraform.structure.ancientcity.AncientCityRuinsPlatform at 289 -14 335 in a room of size 20x17 
[2026-03-19 01:01:12] [INFO   ] Registered: org.terraform.structure.ancientcity.AncientCityAltarPopulator at 352 -14 374 in a room of size 17x16 
[2026-03-19 01:01:12] [INFO   ] Registered: org.terraform.structure.ancientcity.AncientCityRuinsPlatform at 266 -14 334 in a room of size 19x22 
[2026-03-19 01:01:12] [INFO   ] Registered: org.terraform.structure.mineshaft.ShaftRoomPopulator at 783 -8 367 in a room of size 15x13 
[2026-03-19 01:01:12] [INFO   ] Registered: org.terraform.structure.mineshaft.CaveSpiderDenPopulator at 816 -8 370 in a room of size 15x13 
[2026-03-19 01:01:12] [INFO   ] Registered: org.terraform.structure.mineshaft.ShaftRoomPopulator at 823 -8 310 in a room of size 13x13 
[2026-03-19 01:01:12] [INFO   ] Registered: org.terraform.structure.mineshaft.SmeltingHallPopulator at 873 -8 283 in a room of size 15x13 
[2026-03-19 01:01:12] [INFO   ] Registered: org.terraform.structure.mineshaft.SmeltingHallPopulator at 838 -8 385 in a room of size 13x13 
[2026-03-19 01:01:12] [INFO   ] Registered: org.terraform.structure.mineshaft.SmeltingHallPopulator at 828 -8 279 in a room of size 14x13 
[2026-03-19 01:01:12] [INFO   ] Registered: org.terraform.structure.mineshaft.ShaftRoomPopulator at 898 -8 295 in a room of size 15x13 
[2026-03-19 01:01:12] [INFO   ] Registered: org.terraform.structure.mineshaft.ShaftRoomPopulator at 905 -8 311 in a room of size 13x14 
[2026-03-19 01:01:12] [INFO   ] Registered: org.terraform.structure.mineshaft.ShaftRoomPopulator at 781 -8 283 in a room of size 15x13 
[2026-03-19 01:01:12] [INFO   ] Registered: org.terraform.structure.mineshaft.SmeltingHallPopulator at 903 7 385 in a room of size 14x15 
[2026-03-19 01:01:12] [INFO   ] Registered: org.terraform.structure.mineshaft.ShaftTopPopulator at 783 7 367 in a room of size 15x6 
[2026-03-19 01:01:12] [INFO   ] Registered: org.terraform.structure.mineshaft.SmeltingHallPopulator at 787 7 317 in a room of size 14x15 
[2026-03-19 01:01:12] [INFO   ] Registered: org.terraform.structure.mineshaft.ShaftTopPopulator at 781 7 283 in a room of size 15x7 
[2026-03-19 01:01:12] [INFO   ] Registered: org.terraform.structure.mineshaft.ShaftTopPopulator at 823 7 310 in a room of size 13x6 
[2026-03-19 01:01:12] [INFO   ] Registered: org.terraform.structure.mineshaft.CaveSpiderDenPopulator at 894 7 360 in a room of size 13x13 
[2026-03-19 01:01:12] [INFO   ] Registered: org.terraform.structure.mineshaft.ShaftTopPopulator at 905 7 311 in a room of size 13x7 
[2026-03-19 01:01:12] [INFO   ] Registered: org.terraform.structure.mineshaft.SmeltingHallPopulator at 817 7 341 in a room of size 14x13 
[2026-03-19 01:01:12] [INFO   ] Registered: org.terraform.structure.mineshaft.ShaftTopPopulator at 898 7 295 in a room of size 15x6 
[2026-03-19 01:01:12] [INFO   ] Registered: org.terraform.structure.mineshaft.CaveSpiderDenPopulator at 870 7 272 in a room of size 14x14 
[2026-03-19 01:01:12] [INFO   ] Registered: org.terraform.structure.mineshaft.CaveSpiderDenPopulator at 770 7 313 in a room of size 15x15 
[2026-03-19 01:01:12] [INFO   ] Registered: org.terraform.structure.mineshaft.SmeltingHallPopulator at 794 7 333 in a room of size 15x14 
[2026-03-19 01:01:12] [INFO   ] Registered: org.terraform.structure.mineshaft.SmeltingHallPopulator at 868 7 316 in a room of size 15x15 
[2026-03-19 01:01:12] [INFO   ] Registered: org.terraform.structure.mineshaft.SmeltingHallPopulator at 840 7 279 in a room of size 15x14 
[2026-03-19 01:01:12] [INFO   ] Registered: org.terraform.structure.mineshaft.SmeltingHallPopulator at 855 7 279 in a room of size 13x13 
[2026-03-19 01:01:13] [INFO   ] Generating org.terraform.structure.trialchamber.TrialChamberPopulator at chunk: 20,52 
[2026-03-19 01:04:19] [INFO   ] Generating org.terraform.structure.small.ruinedportal.RuinedPortalPopulator at chunk: 12,57 
[2026-03-19 01:05:46] [INFO   ]  Custom Logger Initialized 
[2026-03-19 01:05:46] [INFO   ] [NOTICE] TerraformGenerator will suppress the server's watchdog while generating chunks to prevent unnecessary stacktrace warnings. Unless you specifically need thewatchdog now (to take aikar timings or debug lag), you don't need to take any action. 
[2026-03-19 01:05:46] [INFO   ] It is recommended to pregenerate to reduce lag problems. 
[2026-03-19 01:05:46] [INFO   ] Watchdog Thread hooked. 
[2026-03-19 01:05:46] [INFO   ]  bStats Metrics enabled. 
[2026-03-19 01:05:46] [INFO   ]  Detected version: v1_21_R7, packName: v1_21_R7 
[2026-03-19 01:05:46] [INFO   ] Unfreezing biome registry... 
[2026-03-19 01:05:46] [INFO   ] Registered custom biome: muddy_bog 
[2026-03-19 01:05:46] [INFO   ] Registered custom biome: cherry_grove 
[2026-03-19 01:05:46] [INFO   ] Registered custom biome: scarlet_forest 
[2026-03-19 01:05:46] [INFO   ] Registered custom biome: crystalline_cluster 
[2026-03-19 01:05:46] [INFO   ] Freezing biome registry 
[2026-03-19 01:05:46] [INFO   ] [Structure Registry] Registered Large Structure: VillageHousePopulator 
[2026-03-19 01:05:46] [INFO   ] [Structure Registry] Registered Large Structure: VillagePopulator 
[2026-03-19 01:05:46] [INFO   ] [Structure Registry] Registered Large Structure: OutpostPopulator 
[2026-03-19 01:05:46] [INFO   ] [Structure Registry] Registered Large Structure: PyramidPopulator 
[2026-03-19 01:05:46] [INFO   ] [Structure Registry] Registered Large Structure: MonumentPopulator 
[2026-03-19 01:05:46] [INFO   ] [Structure Registry] Registered Large Structure: StrongholdPopulator 
[2026-03-19 01:05:46] [INFO   ] [Structure Registry] Registered Large Structure: MansionPopulator 
[2026-03-19 01:05:46] [INFO   ] [Structure Registry] Registered Large Structure: AncientCityPopulator 
[2026-03-19 01:05:46] [INFO   ] [Structure Registry] Registered Large Structure: TrialChamberPopulator 
[2026-03-19 01:05:46] [INFO   ] [Structure Registry] Registered Large Structure: LargeCavePopulator 
[2026-03-19 01:05:46] [INFO   ] [Structure Registry] Registered Large Structure: MineshaftPopulator 
[2026-03-19 01:05:46] [INFO   ] [Structure Registry] Registered Large Structure: CatacombsPopulator 
[2026-03-19 01:05:46] [INFO   ] [Structure Registry] Registered Large Structure: BadlandsMinePopulator 
[2026-03-19 01:05:46] [INFO   ] [Structure Registry] Registered Large Structure: WarmOceanRuinsPopulator 
[2026-03-19 01:05:46] [INFO   ] [Structure Registry] Registered Large Structure: TrailRuinsPopulator 
[2026-03-19 01:05:46] [INFO   ] [Structure Registry] Registered Small Structure: SmallDungeonPopulator 
[2026-03-19 01:05:46] [INFO   ] [Structure Registry] Registered Small Structure: ShipwreckPopulator 
[2026-03-19 01:05:46] [INFO   ] [Structure Registry] Registered Small Structure: BuriedTreasurePopulator 
[2026-03-19 01:05:46] [INFO   ] [Structure Registry] Registered Small Structure: RuinedPortalPopulator 
[2026-03-19 01:05:46] [INFO   ] [Structure Registry] Registered Small Structure: IglooPopulator 
[2026-03-19 01:05:46] [INFO   ] [Structure Registry] Registered Small Structure: DesertWellPopulator 
[2026-03-19 01:05:46] [INFO   ] [Structure Registry] Registered Small Structure: WitchHutPopulator 
[2026-03-19 01:05:47] [INFO   ] Creating TW instance: world - 8157096416607632898 
[2026-03-19 01:05:47] [INFO   ]  Detected world: world, commencing injection...  
[2026-03-19 01:05:47] [INFO   ] Creating TW instance: world - 8157096416607632898 
[2026-03-19 01:05:47] [INFO   ] NMSChunkGenerator Delegate is of type CustomChunkGenerator 
[2026-03-19 01:05:47] [INFO   ] Post injection: getChunkSource().getChunkGenerator() is of type NMSChunkGenerator 
[2026-03-19 01:05:47] [INFO   ]  Injection success! Proceeding with generation. 
[2026-03-19 01:05:47] [INFO   ]  world loaded. 
[2026-03-19 01:07:05] [INFO   ] Will spawn stronghold at: CoordPair[x=1256, z=634] 
[2026-03-19 01:07:07] [INFO   ] Large Cave at 5440,31,4928 has water level > -11 with populator MushroomCavePopulator 
[2026-03-19 01:07:10] [INFO   ] Spawning DripstoneClusterCavePopulator at 5248,-7,4992 
[2026-03-19 01:07:10] [INFO   ] Spawning FrozenCavePopulator at 5248,-8,4993 
[2026-03-19 01:07:10] [INFO   ] Spawning DeepCavePopulator at 5261,-45,4992 
[2026-03-19 01:07:10] [INFO   ] Spawning MossyCavePopulator at 5248,3,4976 
[2026-03-19 01:07:11] [INFO   ] Spawning LushClusterCavePopulator at 5248,24,4864 
[2026-03-19 01:07:11] [INFO   ] Spawning CaveFluidClusterPopulator at 5240,-26,4760 
[2026-03-19 01:07:39] [INFO   ] Large Cave at 4928,43,4928 has water level > -27 with populator GenericLargeCavePopulator 
[2026-03-19 01:07:41] [INFO   ] Spawning CrystallineClusterCavePopulator at 5160,3,4730 
[2026-03-19 01:27:54] [INFO   ] Vanilla locate for net.minecraft.world.level.levelgen.structure.structures.StrongholdStructure invoked. 
[2026-03-19 01:28:07] [INFO   ] Vanilla locate for net.minecraft.world.level.levelgen.structure.structures.StrongholdStructure invoked. 
[2026-03-19 01:29:14] [INFO   ] Vanilla locate for net.minecraft.world.level.levelgen.structure.structures.StrongholdStructure invoked. 
[2026-03-19 01:29:19] [INFO   ] Vanilla locate for net.minecraft.world.level.levelgen.structure.structures.StrongholdStructure invoked. 
[2026-03-19 01:31:53] [INFO   ]  Custom Logger Initialized 
[2026-03-19 01:31:54] [INFO   ] [NOTICE] TerraformGenerator will suppress the server's watchdog while generating chunks to prevent unnecessary stacktrace warnings. Unless you specifically need thewatchdog now (to take aikar timings or debug lag), you don't need to take any action. 
[2026-03-19 01:31:54] [INFO   ] It is recommended to pregenerate to reduce lag problems. 
[2026-03-19 01:31:54] [INFO   ] Watchdog Thread hooked. 
[2026-03-19 01:31:54] [INFO   ]  bStats Metrics enabled. 
[2026-03-19 01:31:54] [INFO   ]  Detected version: v1_21_R7, packName: v1_21_R7 
[2026-03-19 01:31:54] [INFO   ] Unfreezing biome registry... 
[2026-03-19 01:31:54] [INFO   ] Registered custom biome: muddy_bog 
[2026-03-19 01:31:54] [INFO   ] Registered custom biome: cherry_grove 
[2026-03-19 01:31:54] [INFO   ] Registered custom biome: scarlet_forest 
[2026-03-19 01:31:54] [INFO   ] Registered custom biome: crystalline_cluster 
[2026-03-19 01:31:54] [INFO   ] Freezing biome registry 
[2026-03-19 01:31:54] [INFO   ] [Structure Registry] Registered Large Structure: VillageHousePopulator 
[2026-03-19 01:31:54] [INFO   ] [Structure Registry] Registered Large Structure: VillagePopulator 
[2026-03-19 01:31:54] [INFO   ] [Structure Registry] Registered Large Structure: OutpostPopulator 
[2026-03-19 01:31:54] [INFO   ] [Structure Registry] Registered Large Structure: PyramidPopulator 
[2026-03-19 01:31:54] [INFO   ] [Structure Registry] Registered Large Structure: MonumentPopulator 
[2026-03-19 01:31:54] [INFO   ] [Structure Registry] Registered Large Structure: StrongholdPopulator 
[2026-03-19 01:31:54] [INFO   ] [Structure Registry] Registered Large Structure: MansionPopulator 
[2026-03-19 01:31:54] [INFO   ] [Structure Registry] Registered Large Structure: AncientCityPopulator 
[2026-03-19 01:31:54] [INFO   ] [Structure Registry] Registered Large Structure: TrialChamberPopulator 
[2026-03-19 01:31:54] [INFO   ] [Structure Registry] Registered Large Structure: LargeCavePopulator 
[2026-03-19 01:31:54] [INFO   ] [Structure Registry] Registered Large Structure: MineshaftPopulator 
[2026-03-19 01:31:54] [INFO   ] [Structure Registry] Registered Large Structure: CatacombsPopulator 
[2026-03-19 01:31:54] [INFO   ] [Structure Registry] Registered Large Structure: BadlandsMinePopulator 
[2026-03-19 01:31:54] [INFO   ] [Structure Registry] Registered Large Structure: WarmOceanRuinsPopulator 
[2026-03-19 01:31:54] [INFO   ] [Structure Registry] Registered Large Structure: TrailRuinsPopulator 
[2026-03-19 01:31:54] [INFO   ] [Structure Registry] Registered Small Structure: SmallDungeonPopulator 
[2026-03-19 01:31:54] [INFO   ] [Structure Registry] Registered Small Structure: ShipwreckPopulator 
[2026-03-19 01:31:54] [INFO   ] [Structure Registry] Registered Small Structure: BuriedTreasurePopulator 
[2026-03-19 01:31:54] [INFO   ] [Structure Registry] Registered Small Structure: RuinedPortalPopulator 
[2026-03-19 01:31:54] [INFO   ] [Structure Registry] Registered Small Structure: IglooPopulator 
[2026-03-19 01:31:54] [INFO   ] [Structure Registry] Registered Small Structure: DesertWellPopulator 
[2026-03-19 01:31:54] [INFO   ] [Structure Registry] Registered Small Structure: WitchHutPopulator 
[2026-03-19 01:31:54] [INFO   ] Creating TW instance: world - 8157096416607632898 
[2026-03-19 01:31:54] [INFO   ]  Detected world: world, commencing injection...  
[2026-03-19 01:31:54] [INFO   ] Creating TW instance: world - 8157096416607632898 
[2026-03-19 01:31:54] [INFO   ] NMSChunkGenerator Delegate is of type CustomChunkGenerator 
[2026-03-19 01:31:54] [INFO   ] Post injection: getChunkSource().getChunkGenerator() is of type NMSChunkGenerator 
[2026-03-19 01:31:54] [INFO   ]  Injection success! Proceeding with generation. 
[2026-03-19 01:31:54] [INFO   ]  world loaded. 
[2026-03-19 01:34:17] [INFO   ] Vanilla locate for net.minecraft.world.level.levelgen.structure.structures.StrongholdStructure invoked. 
[2026-03-19 01:34:17] [INFO   ] Will spawn stronghold at: CoordPair[x=1256, z=634] 
[2026-03-19 01:34:48] [INFO   ] Vanilla locate for net.minecraft.world.level.levelgen.structure.structures.StrongholdStructure invoked. 
[2026-03-19 01:35:07] [INFO   ] Vanilla locate for net.minecraft.world.level.levelgen.structure.structures.StrongholdStructure invoked. 
[2026-03-19 01:35:40] [INFO   ] Vanilla locate for net.minecraft.world.level.levelgen.structure.structures.StrongholdStructure invoked. 
[2026-03-19 01:35:51] [INFO   ] Vanilla locate for net.minecraft.world.level.levelgen.structure.structures.StrongholdStructure invoked. 
[2026-03-19 01:36:12] [INFO   ] Vanilla locate for net.minecraft.world.level.levelgen.structure.structures.StrongholdStructure invoked. 
[2026-03-19 01:36:13] [INFO   ] Spawning MossyCavePopulator at 80,8,528 
[2026-03-19 01:36:13] [INFO   ] Spawning DeepCavePopulator at 88,-47,536 
[2026-03-19 01:36:41] [INFO   ] Vanilla locate for net.minecraft.world.level.levelgen.structure.structures.StrongholdStructure invoked. 
[2026-03-19 01:36:51] [INFO   ] Spawning CaveFluidClusterPopulator at 80,1,560 
[2026-03-19 01:37:15] [INFO   ] Spawning CrystallineClusterCavePopulator at 86,17,602 
[2026-03-19 01:37:23] [INFO   ] Vanilla locate for net.minecraft.world.level.levelgen.structure.structures.StrongholdStructure invoked. 
[2026-03-19 01:37:28] [INFO   ] Spawning DripstoneClusterCavePopulator at 64,-29,640 
[2026-03-19 01:38:09] [INFO   ] Vanilla locate for net.minecraft.world.level.levelgen.structure.structures.StrongholdStructure invoked. 
[2026-03-19 01:40:00] [INFO   ] Spawning ancient city at: 320,-19,320 
[2026-03-19 01:40:00] [INFO   ] Registered: org.terraform.structure.ancientcity.AncientCityCenterPlatformPopulator at 328 -19 328 in a room of size 46x46 
[2026-03-19 01:40:00] [INFO   ] Registered: org.terraform.structure.ancientcity.AncientCitySchematicPlatform at 347 -19 369 in a room of size 25x17 
[2026-03-19 01:40:00] [INFO   ] Registered: org.terraform.structure.ancientcity.AncientCityAltarPopulator at 366 -19 328 in a room of size 21x23 
[2026-03-19 01:40:00] [INFO   ] Registered: org.terraform.structure.ancientcity.AncientCityRuinsPlatform at 273 -19 371 in a room of size 17x24 
[2026-03-19 01:40:00] [INFO   ] Registered: org.terraform.structure.ancientcity.AncientCitySchematicPlatform at 288 -19 274 in a room of size 22x18 
[2026-03-19 01:40:00] [INFO   ] Registered: org.terraform.structure.ancientcity.AncientCitySchematicPlatform at 337 -19 293 in a room of size 20x22 
[2026-03-19 01:40:00] [INFO   ] Registered: org.terraform.structure.ancientcity.AncientCityAltarPopulator at 340 -19 267 in a room of size 24x23 
[2026-03-19 01:40:00] [INFO   ] Registered: org.terraform.structure.ancientcity.AncientCityAltarPopulator at 280 -19 320 in a room of size 16x25 
[2026-03-19 01:40:00] [INFO   ] Registered: org.terraform.structure.ancientcity.AncientCitySchematicPlatform at 262 -19 318 in a room of size 16x22 
[2026-03-19 01:40:00] [INFO   ] Registered: org.terraform.structure.ancientcity.AncientCityRuinsPlatform at 310 -19 371 in a room of size 26x17 
[2026-03-19 01:40:00] [INFO   ] Registered: org.terraform.structure.ancientcity.AncientCitySchematicPlatform at 264 -19 264 in a room of size 26x20 
[2026-03-19 01:40:00] [INFO   ] Registered: org.terraform.structure.ancientcity.AncientCityRuinsPlatform at 293 -19 343 in a room of size 24x16 
[2026-03-19 01:40:00] [INFO   ] Registered: org.terraform.structure.ancientcity.AncientCityAltarPopulator at 373 -19 351 in a room of size 22x21 
[2026-03-19 01:40:32] [INFO   ] Vanilla locate for net.minecraft.world.level.levelgen.structure.structures.StrongholdStructure invoked. 
[2026-03-19 01:40:49] [INFO   ] Registered: org.terraform.structure.mineshaft.ShaftRoomPopulator at 823 24 310 in a room of size 13x13 
[2026-03-19 01:40:49] [INFO   ] Registered: org.terraform.structure.mineshaft.CaveSpiderDenPopulator at 898 24 295 in a room of size 15x13 
[2026-03-19 01:40:49] [INFO   ] Registered: org.terraform.structure.mineshaft.ShaftRoomPopulator at 783 24 367 in a room of size 15x13 
[2026-03-19 01:40:49] [INFO   ] Registered: org.terraform.structure.mineshaft.SmeltingHallPopulator at 781 24 283 in a room of size 15x13 
[2026-03-19 01:40:49] [INFO   ] Registered: org.terraform.structure.mineshaft.CaveSpiderDenPopulator at 816 24 370 in a room of size 15x13 
[2026-03-19 01:40:49] [INFO   ] Registered: org.terraform.structure.mineshaft.ShaftRoomPopulator at 838 24 385 in a room of size 13x13 
[2026-03-19 01:40:49] [INFO   ] Registered: org.terraform.structure.mineshaft.SmeltingHallPopulator at 873 24 283 in a room of size 15x13 
[2026-03-19 01:40:49] [INFO   ] Registered: org.terraform.structure.mineshaft.SmeltingHallPopulator at 905 24 311 in a room of size 13x14 
[2026-03-19 01:40:49] [INFO   ] Registered: org.terraform.structure.mineshaft.ShaftRoomPopulator at 828 24 279 in a room of size 14x13 
[2026-03-19 01:40:49] [INFO   ] Registered: org.terraform.structure.mineshaft.SmeltingHallPopulator at 817 39 341 in a room of size 14x13 
[2026-03-19 01:40:49] [INFO   ] Registered: org.terraform.structure.mineshaft.SmeltingHallPopulator at 903 39 385 in a room of size 14x15 
[2026-03-19 01:40:49] [INFO   ] Registered: org.terraform.structure.mineshaft.ShaftTopPopulator at 838 39 385 in a room of size 13x6 
[2026-03-19 01:40:49] [INFO   ] Registered: org.terraform.structure.mineshaft.CaveSpiderDenPopulator at 770 39 313 in a room of size 15x15 
[2026-03-19 01:40:49] [INFO   ] Registered: org.terraform.structure.mineshaft.SmeltingHallPopulator at 894 39 360 in a room of size 13x13 
[2026-03-19 01:40:49] [INFO   ] Registered: org.terraform.structure.mineshaft.CaveSpiderDenPopulator at 794 39 333 in a room of size 15x14 
[2026-03-19 01:40:49] [INFO   ] Registered: org.terraform.structure.mineshaft.SmeltingHallPopulator at 870 39 272 in a room of size 14x14 
[2026-03-19 01:40:49] [INFO   ] Registered: org.terraform.structure.mineshaft.ShaftTopPopulator at 783 39 367 in a room of size 15x6 
[2026-03-19 01:40:49] [INFO   ] Registered: org.terraform.structure.mineshaft.ShaftTopPopulator at 828 39 279 in a room of size 14x6 
[2026-03-19 01:40:49] [INFO   ] Registered: org.terraform.structure.mineshaft.CaveSpiderDenPopulator at 855 39 279 in a room of size 13x13 
[2026-03-19 01:40:49] [INFO   ] Registered: org.terraform.structure.mineshaft.SmeltingHallPopulator at 787 39 317 in a room of size 14x15 
[2026-03-19 01:40:49] [INFO   ] Registered: org.terraform.structure.mineshaft.ShaftTopPopulator at 823 39 310 in a room of size 13x6 
[2026-03-19 01:40:49] [INFO   ] Registered: org.terraform.structure.mineshaft.SmeltingHallPopulator at 868 39 316 in a room of size 15x15 
[2026-03-19 01:40:49] [INFO   ] Spawning FrozenCavePopulator at 512,58,336 
[2026-03-19 01:41:11] [INFO   ] Vanilla locate for net.minecraft.world.level.levelgen.structure.structures.StrongholdStructure invoked. 
[2026-03-19 01:43:46] [INFO   ] Vanilla locate for net.minecraft.world.level.levelgen.structure.structures.StrongholdStructure invoked. 
[2026-03-19 01:53:17] [INFO   ] Vanilla locate for net.minecraft.world.level.levelgen.structure.structures.StrongholdStructure invoked. 
[2026-03-19 01:53:58] [INFO   ] Spawning ancient city at: 4928,-12,5440 
[2026-03-19 01:53:58] [INFO   ] Registered: org.terraform.structure.ancientcity.AncientCitySchematicPlatform at 4891 -12 5473 in a room of size 22x24 
[2026-03-19 01:53:58] [INFO   ] Registered: org.terraform.structure.ancientcity.AncientCitySchematicPlatform at 4961 -12 5390 in a room of size 16x20 
[2026-03-19 01:53:58] [INFO   ] Registered: org.terraform.structure.ancientcity.AncientCityAltarPopulator at 4901 -12 5447 in a room of size 22x23 
[2026-03-19 01:53:58] [INFO   ] Registered: org.terraform.structure.ancientcity.AncientCityRuinsPlatform at 4921 -12 5481 in a room of size 26x16 
[2026-03-19 01:53:58] [INFO   ] Registered: org.terraform.structure.ancientcity.AncientCityAltarPopulator at 4987 -12 5492 in a room of size 22x23 
[2026-03-19 01:53:58] [INFO   ] Registered: org.terraform.structure.ancientcity.AncientCitySchematicPlatform at 4972 -12 5448 in a room of size 22x24 
[2026-03-19 01:53:58] [INFO   ] Registered: org.terraform.structure.ancientcity.AncientCityRuinsPlatform at 4875 -12 5450 in a room of size 24x19 
[2026-03-19 01:53:58] [INFO   ] Registered: org.terraform.structure.ancientcity.AncientCitySchematicPlatform at 4872 -12 5405 in a room of size 25x20 
[2026-03-19 01:53:58] [INFO   ] Registered: org.terraform.structure.ancientcity.AncientCityAltarPopulator at 4899 -12 5421 in a room of size 19x16 
[2026-03-19 01:53:58] [INFO   ] Registered: org.terraform.structure.ancientcity.AncientCityCenterPlatformPopulator at 4936 -12 5448 in a room of size 46x46 
[2026-03-19 01:53:58] [INFO   ] Registered: org.terraform.structure.ancientcity.AncientCitySchematicPlatform at 4900 -12 5390 in a room of size 24x17 
[2026-03-19 01:53:58] [INFO   ] Registered: org.terraform.structure.ancientcity.AncientCitySchematicPlatform at 4876 -12 5493 in a room of size 25x16 
[2026-03-19 01:53:58] [INFO   ] Registered: org.terraform.structure.ancientcity.AncientCityLargePillarRoomPopulator at 4950 -12 5496 in a room of size 16x19 
[2026-03-19 01:54:07] [INFO   ] Medium Schematic 
[2026-03-19 01:54:14] [INFO   ] Spawning LushClusterCavePopulator at 5120,18,5376 
[2026-03-19 01:54:19] [INFO   ] Medium Schematic 
[2026-03-19 01:54:21] [INFO   ] Generating org.terraform.structure.ancientcity.AncientCityPopulator at chunk: 308,340 
[2026-03-19 01:54:22] [INFO   ] Large Schematic 
[2026-03-19 01:54:27] [INFO   ] Small Schematic 
[2026-03-19 01:54:37] [INFO   ] Generating org.terraform.structure.small.dungeon.SmallDungeonPopulator at chunk: 296,344 
[2026-03-19 01:54:37] [INFO   ] Spawning Underground Dungeon at 4748,33,5519 
[2026-03-19 01:54:44] [INFO   ] Generating org.terraform.structure.small.ruinedportal.RuinedPortalPopulator at chunk: 297,348 
[2026-03-19 01:55:05] [INFO   ] Large Cave at 4928,26,5952 has water level > -20 with populator MushroomCavePopulator 
[2026-03-19 01:55:30] [INFO   ] Vanilla locate for net.minecraft.world.level.levelgen.structure.structures.StrongholdStructure invoked. 
[2026-03-19 01:55:31] [INFO   ] Registered: org.terraform.structure.mineshaft.SmeltingHallPopulator at 4475 18 6000 in a room of size 14x15 
[2026-03-19 01:55:31] [INFO   ] Registered: org.terraform.structure.mineshaft.CaveSpiderDenPopulator at 4476 18 5944 in a room of size 13x13 
[2026-03-19 01:55:31] [INFO   ] Registered: org.terraform.structure.mineshaft.SmeltingHallPopulator at 4363 18 5959 in a room of size 13x13 
[2026-03-19 01:55:31] [INFO   ] Registered: org.terraform.structure.mineshaft.CaveSpiderDenPopulator at 4370 18 5981 in a room of size 14x14 
[2026-03-19 01:55:31] [INFO   ] Registered: org.terraform.structure.mineshaft.CaveSpiderDenPopulator at 4344 18 5922 in a room of size 14x15 
[2026-03-19 01:55:31] [INFO   ] Registered: org.terraform.structure.mineshaft.SmeltingHallPopulator at 4403 18 5895 in a room of size 15x14 
[2026-03-19 01:55:31] [INFO   ] Registered: org.terraform.structure.mineshaft.CaveSpiderDenPopulator at 4447 18 5907 in a room of size 14x13 
[2026-03-19 01:55:31] [INFO   ] Registered: org.terraform.structure.mineshaft.CaveSpiderDenPopulator at 4391 18 6027 in a room of size 14x13 
[2026-03-19 01:55:55] [INFO   ] Vanilla locate for net.minecraft.world.level.levelgen.structure.structures.StrongholdStructure invoked. 
[2026-03-19 01:56:06] [INFO   ] Generating Stronghold at chunk: 293,369 
[2026-03-19 01:56:09] [INFO   ] Registered: org.terraform.structure.stronghold.NetherPortalRoomPopulator at 4705 2 5872 in a room of size 15x28 
[2026-03-19 01:56:09] [INFO   ] Registered: org.terraform.structure.stronghold.StairwayRoomPopulator at 4697 2 5926 in a room of size 5x5 
[2026-03-19 01:56:09] [INFO   ] Registered: org.terraform.structure.stronghold.HallwayPopulator at 4737 2 5877 in a room of size 24x13 
[2026-03-19 01:56:09] [INFO   ] Registered: org.terraform.structure.stronghold.LibraryRoomPopulator at 4714 2 5931 in a room of size 27x30 
[2026-03-19 01:56:09] [INFO   ] Registered: org.terraform.structure.stronghold.LibraryRoomPopulator at 4681 2 5969 in a room of size 23x24 
[2026-03-19 01:56:09] [INFO   ] Registered: org.terraform.structure.stronghold.HallwayPopulator at 4714 2 5963 in a room of size 17x10 
[2026-03-19 01:56:09] [INFO   ] Registered: org.terraform.structure.stronghold.PrisonRoomPopulator at 4710 2 5903 in a room of size 20x22 
[2026-03-19 01:56:09] [INFO   ] Registered: org.terraform.structure.stronghold.PrisonRoomPopulator at 4657 2 5886 in a room of size 22x20 
[2026-03-19 01:56:09] [INFO   ] Registered: org.terraform.structure.stronghold.PrisonRoomPopulator at 4683 2 5874 in a room of size 29x17 
[2026-03-19 01:56:09] [INFO   ] Registered: org.terraform.structure.stronghold.TrapChestRoomPopulator at 4676 2 5912 in a room of size 18x11 
[2026-03-19 01:56:09] [INFO   ] Registered: org.terraform.structure.stronghold.SilverfishDenPopulator at 4730 2 5956 in a room of size 10x10 
[2026-03-19 01:56:09] [INFO   ] Registered: org.terraform.structure.stronghold.PrisonRoomPopulator at 4649 2 5911 in a room of size 16x21 
[2026-03-19 01:56:09] [INFO   ] Registered: org.terraform.structure.stronghold.PortalRoomPopulator at 4653 2 5950 in a room of size 25x25 
[2026-03-19 01:56:09] [INFO   ] Registered: org.terraform.structure.stronghold.TrapChestRoomPopulator at 4683 2 5949 in a room of size 12x12 
[2026-03-19 01:56:09] [INFO   ] Registered: org.terraform.structure.stronghold.HallwayPopulator at 4683 2 5930 in a room of size 12x16 
[2026-03-19 01:56:10] [INFO   ] Registered: org.terraform.structure.stronghold.PrisonRoomPopulator at 4680 20 5922 in a room of size 27x28 
[2026-03-19 01:56:10] [INFO   ] Registered: org.terraform.structure.stronghold.SupplyRoomPopulator at 4643 20 5895 in a room of size 12x12 
[2026-03-19 01:56:10] [INFO   ] Registered: org.terraform.structure.stronghold.LibraryRoomPopulator at 4714 20 5927 in a room of size 27x27 
[2026-03-19 01:56:10] [INFO   ] Registered: org.terraform.structure.stronghold.SilverfishDenPopulator at 4654 20 5918 in a room of size 23x11 
[2026-03-19 01:56:10] [INFO   ] Registered: org.terraform.structure.stronghold.HallwayPopulator at 4727 20 5891 in a room of size 27x28 
[2026-03-19 01:56:10] [INFO   ] Registered: org.terraform.structure.stronghold.StairwayTopPopulator at 4697 20 5926 in a room of size 5x5 
[2026-03-19 01:56:10] [INFO   ] Registered: org.terraform.structure.stronghold.PrisonRoomPopulator at 4660 20 5875 in a room of size 26x19 
[2026-03-19 01:56:10] [INFO   ] Registered: org.terraform.structure.stronghold.TrapChestRoomPopulator at 4732 20 5869 in a room of size 13x11 
[2026-03-19 01:56:10] [INFO   ] Registered: org.terraform.structure.stronghold.HallwayPopulator at 4687 20 5962 in a room of size 16x12 
[2026-03-19 01:56:10] [INFO   ] Registered: org.terraform.structure.stronghold.PrisonRoomPopulator at 4649 20 5952 in a room of size 23x27 
[2026-03-19 01:56:10] [INFO   ] Registered: org.terraform.structure.stronghold.LibraryRoomPopulator at 4724 20 5969 in a room of size 28x29 
[2026-03-19 01:56:10] [INFO   ] Registered: org.terraform.structure.stronghold.SupplyRoomPopulator at 4654 20 5929 in a room of size 16x10 
[2026-03-19 01:56:10] [INFO   ] Registered: org.terraform.structure.stronghold.HallwayPopulator at 4705 20 5902 in a room of size 14x19 
[2026-03-19 01:56:10] [INFO   ] Registered: org.terraform.structure.stronghold.PrisonRoomPopulator at 4689 20 5883 in a room of size 20x17 
[2026-03-19 01:56:13] [INFO   ] Generating org.terraform.structure.caves.LargeCavePopulator at chunk: 308,372 
[2026-03-19 01:56:21] [INFO   ] [Locate] [StrongholdPopulator] Located at X: 4689 Z: 5919 
[2026-03-19 01:56:30] [INFO   ] Vanilla locate for net.minecraft.world.level.levelgen.structure.structures.StrongholdStructure invoked. 
[2026-03-19 01:56:36] [INFO   ] Generating org.terraform.structure.small.dungeon.SmallDungeonPopulator at chunk: 308,375 
[2026-03-19 01:56:36] [INFO   ] Spawning Underground Dungeon at 4940,48,6006 
[2026-03-19 01:56:39] [INFO   ] Generating org.terraform.structure.small.dungeon.SmallDungeonPopulator at chunk: 300,376 
[2026-03-19 01:56:39] [INFO   ] Spawning Underground Dungeon at 4814,21,6017 
[2026-03-19 01:56:52] [INFO   ] Vanilla locate for net.minecraft.world.level.levelgen.structure.structures.StrongholdStructure invoked. 
[2026-03-19 01:57:39] [INFO   ] Vanilla locate for net.minecraft.world.level.levelgen.structure.structures.StrongholdStructure invoked. 
[2026-03-19 01:58:26] [INFO   ] Minecart with chest at: 4473, 18, 5996 
[2026-03-19 01:58:26] [INFO   ] Minecart with chest at: 4473, 18, 5969 
[2026-03-19 01:58:46] [INFO   ] Minecart with chest at: 4460, 18, 5943 
[2026-03-19 01:58:46] [INFO   ] Minecart with chest at: 4454, 18, 5943 
[2026-03-19 01:58:53] [INFO   ] Large Cave at 4416,29,6464 has water level > -6 with populator MushroomCavePopulator 
[2026-03-19 01:58:58] [INFO   ] Minecart with chest at: 4446, 18, 5941 
[2026-03-19 03:06:17] [INFO   ]  Custom Logger Initialized 
[2026-03-19 03:06:17] [INFO   ] [NOTICE] TerraformGenerator will suppress the server's watchdog while generating chunks to prevent unnecessary stacktrace warnings. Unless you specifically need thewatchdog now (to take aikar timings or debug lag), you don't need to take any action. 
[2026-03-19 03:06:17] [INFO   ] It is recommended to pregenerate to reduce lag problems. 
[2026-03-19 03:06:17] [INFO   ] Watchdog Thread hooked. 
[2026-03-19 03:06:17] [INFO   ]  bStats Metrics enabled. 
[2026-03-19 03:06:17] [INFO   ]  Detected version: v1_21_R7, packName: v1_21_R7 
[2026-03-19 03:06:17] [INFO   ] Unfreezing biome registry... 
[2026-03-19 03:06:17] [INFO   ] Registered custom biome: muddy_bog 
[2026-03-19 03:06:17] [INFO   ] Registered custom biome: cherry_grove 
[2026-03-19 03:06:17] [INFO   ] Registered custom biome: scarlet_forest 
[2026-03-19 03:06:17] [INFO   ] Registered custom biome: crystalline_cluster 
[2026-03-19 03:06:17] [INFO   ] Freezing biome registry 
[2026-03-19 03:06:17] [INFO   ] [Structure Registry] Registered Large Structure: VillageHousePopulator 
[2026-03-19 03:06:17] [INFO   ] [Structure Registry] Registered Large Structure: VillagePopulator 
[2026-03-19 03:06:17] [INFO   ] [Structure Registry] Registered Large Structure: OutpostPopulator 
[2026-03-19 03:06:17] [INFO   ] [Structure Registry] Registered Large Structure: PyramidPopulator 
[2026-03-19 03:06:17] [INFO   ] [Structure Registry] Registered Large Structure: MonumentPopulator 
[2026-03-19 03:06:17] [INFO   ] [Structure Registry] Registered Large Structure: StrongholdPopulator 
[2026-03-19 03:06:17] [INFO   ] [Structure Registry] Registered Large Structure: MansionPopulator 
[2026-03-19 03:06:17] [INFO   ] [Structure Registry] Registered Large Structure: AncientCityPopulator 
[2026-03-19 03:06:17] [INFO   ] [Structure Registry] Registered Large Structure: TrialChamberPopulator 
[2026-03-19 03:06:17] [INFO   ] [Structure Registry] Registered Large Structure: LargeCavePopulator 
[2026-03-19 03:06:17] [INFO   ] [Structure Registry] Registered Large Structure: MineshaftPopulator 
[2026-03-19 03:06:17] [INFO   ] [Structure Registry] Registered Large Structure: CatacombsPopulator 
[2026-03-19 03:06:17] [INFO   ] [Structure Registry] Registered Large Structure: BadlandsMinePopulator 
[2026-03-19 03:06:17] [INFO   ] [Structure Registry] Registered Large Structure: WarmOceanRuinsPopulator 
[2026-03-19 03:06:17] [INFO   ] [Structure Registry] Registered Large Structure: TrailRuinsPopulator 
[2026-03-19 03:06:17] [INFO   ] [Structure Registry] Registered Small Structure: SmallDungeonPopulator 
[2026-03-19 03:06:17] [INFO   ] [Structure Registry] Registered Small Structure: ShipwreckPopulator 
[2026-03-19 03:06:17] [INFO   ] [Structure Registry] Registered Small Structure: BuriedTreasurePopulator 
[2026-03-19 03:06:17] [INFO   ] [Structure Registry] Registered Small Structure: RuinedPortalPopulator 
[2026-03-19 03:06:17] [INFO   ] [Structure Registry] Registered Small Structure: IglooPopulator 
[2026-03-19 03:06:17] [INFO   ] [Structure Registry] Registered Small Structure: DesertWellPopulator 
[2026-03-19 03:06:17] [INFO   ] [Structure Registry] Registered Small Structure: WitchHutPopulator 
[2026-03-19 03:06:18] [INFO   ] Creating TW instance: world - 8157096416607632898 
[2026-03-19 03:06:18] [INFO   ]  Detected world: world, commencing injection...  
[2026-03-19 03:06:18] [INFO   ] Creating TW instance: world - 8157096416607632898 
[2026-03-19 03:06:18] [INFO   ] NMSChunkGenerator Delegate is of type CustomChunkGenerator 
[2026-03-19 03:06:18] [INFO   ] Post injection: getChunkSource().getChunkGenerator() is of type NMSChunkGenerator 
[2026-03-19 03:06:18] [INFO   ]  Injection success! Proceeding with generation. 
[2026-03-19 03:06:18] [INFO   ]  world loaded. 
[2026-03-19 03:09:49] [INFO   ]  Custom Logger Initialized 
[2026-03-19 03:09:49] [INFO   ] [NOTICE] TerraformGenerator will suppress the server's watchdog while generating chunks to prevent unnecessary stacktrace warnings. Unless you specifically need thewatchdog now (to take aikar timings or debug lag), you don't need to take any action. 
[2026-03-19 03:09:49] [INFO   ] It is recommended to pregenerate to reduce lag problems. 
[2026-03-19 03:09:49] [INFO   ] Watchdog Thread hooked. 
[2026-03-19 03:09:49] [INFO   ]  bStats Metrics enabled. 
[2026-03-19 03:09:49] [INFO   ]  Detected version: v1_21_R7, packName: v1_21_R7 
[2026-03-19 03:09:49] [INFO   ] Unfreezing biome registry... 
[2026-03-19 03:09:49] [INFO   ] Registered custom biome: muddy_bog 
[2026-03-19 03:09:49] [INFO   ] Registered custom biome: cherry_grove 
[2026-03-19 03:09:49] [INFO   ] Registered custom biome: scarlet_forest 
[2026-03-19 03:09:49] [INFO   ] Registered custom biome: crystalline_cluster 
[2026-03-19 03:09:49] [INFO   ] Freezing biome registry 
[2026-03-19 03:09:49] [INFO   ] [Structure Registry] Registered Large Structure: VillageHousePopulator 
[2026-03-19 03:09:49] [INFO   ] [Structure Registry] Registered Large Structure: VillagePopulator 
[2026-03-19 03:09:49] [INFO   ] [Structure Registry] Registered Large Structure: OutpostPopulator 
[2026-03-19 03:09:49] [INFO   ] [Structure Registry] Registered Large Structure: PyramidPopulator 
[2026-03-19 03:09:49] [INFO   ] [Structure Registry] Registered Large Structure: MonumentPopulator 
[2026-03-19 03:09:49] [INFO   ] [Structure Registry] Registered Large Structure: StrongholdPopulator 
[2026-03-19 03:09:49] [INFO   ] [Structure Registry] Registered Large Structure: MansionPopulator 
[2026-03-19 03:09:49] [INFO   ] [Structure Registry] Registered Large Structure: AncientCityPopulator 
[2026-03-19 03:09:49] [INFO   ] [Structure Registry] Registered Large Structure: TrialChamberPopulator 
[2026-03-19 03:09:49] [INFO   ] [Structure Registry] Registered Large Structure: LargeCavePopulator 
[2026-03-19 03:09:49] [INFO   ] [Structure Registry] Registered Large Structure: MineshaftPopulator 
[2026-03-19 03:09:49] [INFO   ] [Structure Registry] Registered Large Structure: CatacombsPopulator 
[2026-03-19 03:09:49] [INFO   ] [Structure Registry] Registered Large Structure: BadlandsMinePopulator 
[2026-03-19 03:09:49] [INFO   ] [Structure Registry] Registered Large Structure: WarmOceanRuinsPopulator 
[2026-03-19 03:09:49] [INFO   ] [Structure Registry] Registered Large Structure: TrailRuinsPopulator 
[2026-03-19 03:09:49] [INFO   ] [Structure Registry] Registered Small Structure: SmallDungeonPopulator 
[2026-03-19 03:09:49] [INFO   ] [Structure Registry] Registered Small Structure: ShipwreckPopulator 
[2026-03-19 03:09:49] [INFO   ] [Structure Registry] Registered Small Structure: BuriedTreasurePopulator 
[2026-03-19 03:09:49] [INFO   ] [Structure Registry] Registered Small Structure: RuinedPortalPopulator 
[2026-03-19 03:09:49] [INFO   ] [Structure Registry] Registered Small Structure: IglooPopulator 
[2026-03-19 03:09:49] [INFO   ] [Structure Registry] Registered Small Structure: DesertWellPopulator 
[2026-03-19 03:09:49] [INFO   ] [Structure Registry] Registered Small Structure: WitchHutPopulator 
[2026-03-19 03:09:50] [INFO   ] Creating TW instance: world - 8157096416607632898 
[2026-03-19 03:09:50] [INFO   ]  Detected world: world, commencing injection...  
[2026-03-19 03:09:50] [INFO   ] Creating TW instance: world - 8157096416607632898 
[2026-03-19 03:09:50] [INFO   ] NMSChunkGenerator Delegate is of type CustomChunkGenerator 
[2026-03-19 03:09:50] [INFO   ] Post injection: getChunkSource().getChunkGenerator() is of type NMSChunkGenerator 
[2026-03-19 03:09:50] [INFO   ]  Injection success! Proceeding with generation. 
[2026-03-19 03:09:50] [INFO   ]  world loaded. 
[2026-03-19 03:19:13] [INFO   ] Will spawn stronghold at: CoordPair[x=1256, z=634] 
[2026-03-19 03:19:14] [INFO   ] Spawning MossyCavePopulator at -928,19,-5024 
[2026-03-19 03:19:14] [INFO   ] Spawning DeepCavePopulator at -918,-39,-5016 
[2026-03-19 03:19:14] [INFO   ] Spawning CaveFluidClusterPopulator at -920,23,-5000 
[2026-03-19 03:19:16] [INFO   ] Spawning DripstoneClusterCavePopulator at -960,-18,-4992 
[2026-03-19 03:19:16] [INFO   ] Spawning CrystallineClusterCavePopulator at -946,22,-4988 
[2026-03-19 03:19:16] [INFO   ] Spawning LushClusterCavePopulator at -960,18,-5056 
[2026-03-19 03:19:18] [INFO   ] -44,-300 will spawn a vanilla structure, with tryGenerateStructure == true 
[2026-03-19 03:19:19] [INFO   ] Registered: org.terraform.structure.mineshaft.SmeltingHallPopulator at -643 1 -5319 in a room of size 13x15 
[2026-03-19 03:19:19] [INFO   ] Registered: org.terraform.structure.mineshaft.CaveSpiderDenPopulator at -751 1 -5349 in a room of size 13x13 
[2026-03-19 03:19:19] [INFO   ] Registered: org.terraform.structure.mineshaft.SmeltingHallPopulator at -674 1 -5387 in a room of size 14x15 
[2026-03-19 03:19:19] [INFO   ] Registered: org.terraform.structure.mineshaft.CaveSpiderDenPopulator at -764 1 -5238 in a room of size 14x15 
[2026-03-19 03:19:19] [INFO   ] Registered: org.terraform.structure.mineshaft.SmeltingHallPopulator at -667 1 -5277 in a room of size 14x14 
[2026-03-19 03:19:19] [INFO   ] Registered: org.terraform.structure.mineshaft.CaveSpiderDenPopulator at -684 1 -5313 in a room of size 14x15 
[2026-03-19 03:19:19] [INFO   ] Registered: org.terraform.structure.mineshaft.CaveSpiderDenPopulator at -730 1 -5240 in a room of size 15x15 
[2026-03-19 03:19:19] [INFO   ] Registered: org.terraform.structure.mineshaft.SmeltingHallPopulator at -643 1 -5370 in a room of size 13x14 
[2026-03-19 03:19:19] [INFO   ] Registered: org.terraform.structure.mineshaft.SmeltingHallPopulator at -688 1 -5284 in a room of size 15x14 
[2026-03-19 03:19:19] [INFO   ] Registered: org.terraform.structure.mineshaft.SmeltingHallPopulator at -721 1 -5380 in a room of size 15x14 
[2026-03-19 03:19:19] [INFO   ] Spawning ancient city at: -1216,-13,-4800 
[2026-03-19 03:19:19] [INFO   ] Registered: org.terraform.structure.ancientcity.AncientCitySchematicPlatform at -1174 -13 -4809 in a room of size 21x16 
[2026-03-19 03:19:19] [INFO   ] Registered: org.terraform.structure.ancientcity.AncientCityAltarPopulator at -1156 -13 -4839 in a room of size 23x26 
[2026-03-19 03:19:19] [INFO   ] Registered: org.terraform.structure.ancientcity.AncientCitySchematicPlatform at -1275 -13 -4808 in a room of size 26x20 
[2026-03-19 03:19:19] [INFO   ] Registered: org.terraform.structure.ancientcity.AncientCityCenterPlatformPopulator at -1208 -13 -4792 in a room of size 46x46 
[2026-03-19 03:19:19] [INFO   ] Registered: org.terraform.structure.ancientcity.AncientCityRuinsPlatform at -1260 -13 -4774 in a room of size 19x18 
[2026-03-19 03:19:19] [INFO   ] Registered: org.terraform.structure.ancientcity.AncientCityAltarPopulator at -1192 -13 -4832 in a room of size 20x17 
[2026-03-19 03:19:19] [INFO   ] Registered: org.terraform.structure.ancientcity.AncientCitySchematicPlatform at -1246 -13 -4849 in a room of size 24x18 
[2026-03-19 03:19:19] [INFO   ] Registered: org.terraform.structure.ancientcity.AncientCitySchematicPlatform at -1197 -13 -4756 in a room of size 22x18 
[2026-03-19 03:19:19] [INFO   ] Registered: org.terraform.structure.ancientcity.AncientCityRuinsPlatform at -1219 -13 -4855 in a room of size 26x17 
[2026-03-19 03:19:19] [INFO   ] Registered: org.terraform.structure.ancientcity.AncientCityRuinsPlatform at -1165 -13 -4784 in a room of size 26x17 
[2026-03-19 03:19:19] [INFO   ] Registered: org.terraform.structure.ancientcity.AncientCitySchematicPlatform at -1173 -13 -4765 in a room of size 23x21 
[2026-03-19 03:19:19] [INFO   ] Registered: org.terraform.structure.ancientcity.AncientCitySchematicPlatform at -1239 -13 -4756 in a room of size 16x22 
[2026-03-19 03:19:19] [INFO   ] Registered: org.terraform.structure.ancientcity.AncientCitySchematicPlatform at -1243 -13 -4810 in a room of size 22x21 
[2026-03-19 03:19:19] [INFO   ] Registered: org.terraform.structure.ancientcity.AncientCitySchematicPlatform at -1273 -13 -4856 in a room of size 16x23 
[2026-03-19 03:19:29] [INFO   ] -76,-332 will spawn a vanilla structure, with tryGenerateStructure == true 
[2026-03-19 03:20:57] [INFO   ] Large Cave at 4928,43,4928 has water level > -27 with populator GenericLargeCavePopulator 
[2026-03-19 03:20:59] [INFO   ] Large Cave at 5440,31,4928 has water level > -11 with populator MushroomCavePopulator 
[2026-03-19 03:21:00] [INFO   ] Spawning FrozenCavePopulator at 4912,49,4688 
[2026-03-19 03:21:01] [INFO   ] Generating org.terraform.structure.small.dungeon.SmallDungeonPopulator at chunk: 291,300 
[2026-03-19 03:21:01] [INFO   ] Spawning Underground Dungeon at 4664,56,4810 
[2026-03-19 03:24:52] [INFO   ] 340,340 will spawn a vanilla structure, with tryGenerateStructure == true 
[2026-03-19 03:24:54] [INFO   ] Generating org.terraform.structure.small.shipwreck.ShipwreckPopulator at chunk: 332,316 
[2026-03-19 03:24:54] [INFO   ] Spawning shipwreck at 5322, 42, 5067 with rotation of SOUTH 
[2026-03-19 03:29:02] [INFO   ]  Custom Logger Initialized 
[2026-03-19 03:29:02] [INFO   ] [NOTICE] TerraformGenerator will suppress the server's watchdog while generating chunks to prevent unnecessary stacktrace warnings. Unless you specifically need thewatchdog now (to take aikar timings or debug lag), you don't need to take any action. 
[2026-03-19 03:29:02] [INFO   ] It is recommended to pregenerate to reduce lag problems. 
[2026-03-19 03:29:02] [INFO   ] Watchdog Thread hooked. 
[2026-03-19 03:29:02] [INFO   ]  bStats Metrics enabled. 
[2026-03-19 03:29:02] [INFO   ]  Detected version: v1_21_R7, packName: v1_21_R7 
[2026-03-19 03:29:02] [INFO   ] Unfreezing biome registry... 
[2026-03-19 03:29:02] [INFO   ] Registered custom biome: muddy_bog 
[2026-03-19 03:29:02] [INFO   ] Registered custom biome: cherry_grove 
[2026-03-19 03:29:02] [INFO   ] Registered custom biome: scarlet_forest 
[2026-03-19 03:29:02] [INFO   ] Registered custom biome: crystalline_cluster 
[2026-03-19 03:29:02] [INFO   ] Freezing biome registry 
[2026-03-19 03:29:02] [INFO   ] [Structure Registry] Registered Large Structure: VillageHousePopulator 
[2026-03-19 03:29:02] [INFO   ] [Structure Registry] Registered Large Structure: VillagePopulator 
[2026-03-19 03:29:02] [INFO   ] [Structure Registry] Registered Large Structure: OutpostPopulator 
[2026-03-19 03:29:02] [INFO   ] [Structure Registry] Registered Large Structure: PyramidPopulator 
[2026-03-19 03:29:02] [INFO   ] [Structure Registry] Registered Large Structure: MonumentPopulator 
[2026-03-19 03:29:02] [INFO   ] [Structure Registry] Registered Large Structure: StrongholdPopulator 
[2026-03-19 03:29:02] [INFO   ] [Structure Registry] Registered Large Structure: MansionPopulator 
[2026-03-19 03:29:02] [INFO   ] [Structure Registry] Registered Large Structure: AncientCityPopulator 
[2026-03-19 03:29:02] [INFO   ] [Structure Registry] Registered Large Structure: TrialChamberPopulator 
[2026-03-19 03:29:02] [INFO   ] [Structure Registry] Registered Large Structure: LargeCavePopulator 
[2026-03-19 03:29:02] [INFO   ] [Structure Registry] Registered Large Structure: MineshaftPopulator 
[2026-03-19 03:29:02] [INFO   ] [Structure Registry] Registered Large Structure: CatacombsPopulator 
[2026-03-19 03:29:02] [INFO   ] [Structure Registry] Registered Large Structure: BadlandsMinePopulator 
[2026-03-19 03:29:02] [INFO   ] [Structure Registry] Registered Large Structure: WarmOceanRuinsPopulator 
[2026-03-19 03:29:02] [INFO   ] [Structure Registry] Registered Large Structure: TrailRuinsPopulator 
[2026-03-19 03:29:02] [INFO   ] [Structure Registry] Registered Small Structure: SmallDungeonPopulator 
[2026-03-19 03:29:02] [INFO   ] [Structure Registry] Registered Small Structure: ShipwreckPopulator 
[2026-03-19 03:29:02] [INFO   ] [Structure Registry] Registered Small Structure: BuriedTreasurePopulator 
[2026-03-19 03:29:02] [INFO   ] [Structure Registry] Registered Small Structure: RuinedPortalPopulator 
[2026-03-19 03:29:02] [INFO   ] [Structure Registry] Registered Small Structure: IglooPopulator 
[2026-03-19 03:29:02] [INFO   ] [Structure Registry] Registered Small Structure: DesertWellPopulator 
[2026-03-19 03:29:02] [INFO   ] [Structure Registry] Registered Small Structure: WitchHutPopulator 
[2026-03-19 03:29:04] [INFO   ] Creating TW instance: world - 8157096416607632898 
[2026-03-19 03:29:04] [INFO   ]  Detected world: world, commencing injection...  
[2026-03-19 03:29:04] [INFO   ] Creating TW instance: world - 8157096416607632898 
[2026-03-19 03:29:04] [INFO   ] NMSChunkGenerator Delegate is of type CustomChunkGenerator 
[2026-03-19 03:29:04] [INFO   ] Post injection: getChunkSource().getChunkGenerator() is of type NMSChunkGenerator 
[2026-03-19 03:29:04] [INFO   ]  Injection success! Proceeding with generation. 
[2026-03-19 03:29:04] [INFO   ]  world loaded. 
[2026-03-19 03:30:20] [INFO   ] Will spawn stronghold at: CoordPair[x=1256, z=634] 
[2026-03-19 03:30:22] [INFO   ] Large Cave at 5440,31,4928 has water level > -11 with populator MushroomCavePopulator 
[2026-03-19 03:30:24] [INFO   ] Generating org.terraform.structure.small.dungeon.SmallDungeonPopulator at chunk: 337,326 
[2026-03-19 03:30:24] [INFO   ] Spawning Underground Dungeon at 5398,47,5229 
[2026-03-19 03:30:26] [INFO   ] Spawning FrozenCavePopulator at 5168,84,5360 
[2026-03-19 03:30:26] [INFO   ] Spawning DeepCavePopulator at 5168,-40,5364 
[2026-03-19 03:30:26] [INFO   ] Spawning CaveFluidClusterPopulator at 5200,103,5360 
[2026-03-19 03:30:26] [INFO   ] Spawning MossyCavePopulator at 5408,1,5200 
[2026-03-19 03:30:26] [INFO   ] Spawning CrystallineClusterCavePopulator at 5418,-29,5160 
[2026-03-19 03:30:27] [INFO   ] Spawning DripstoneClusterCavePopulator at 5248,39,5376 
[2026-03-19 03:30:29] [INFO   ] Spawning LushClusterCavePopulator at 5248,-5,5440 
[2026-03-19 03:30:30] [INFO   ] Generating org.terraform.structure.small.dungeon.SmallDungeonPopulator at chunk: 334,338 
[2026-03-19 03:30:30] [INFO   ] Spawning Underground Dungeon at 5350,74,5423 
[2026-03-19 03:30:38] [INFO   ] Spawning ancient city at: 4928,-15,5440 
[2026-03-19 03:30:38] [INFO   ] Registered: org.terraform.structure.ancientcity.AncientCitySchematicPlatform at 4946 -15 5400 in a room of size 22x22 
[2026-03-19 03:30:38] [INFO   ] Registered: org.terraform.structure.ancientcity.AncientCitySchematicPlatform at 4984 -15 5392 in a room of size 25x17 
[2026-03-19 03:30:38] [INFO   ] Registered: org.terraform.structure.ancientcity.AncientCityCenterPlatformPopulator at 4936 -15 5448 in a room of size 46x46 
[2026-03-19 03:30:38] [INFO   ] Registered: org.terraform.structure.ancientcity.AncientCityRuinsPlatform at 4966 -15 5494 in a room of size 20x16 
[2026-03-19 03:30:38] [INFO   ] Registered: org.terraform.structure.ancientcity.AncientCityAltarPopulator at 4885 -15 5430 in a room of size 20x19 
[2026-03-19 03:30:38] [INFO   ] Registered: org.terraform.structure.ancientcity.AncientCityRuinsPlatform at 4977 -15 5424 in a room of size 21x19 
[2026-03-19 03:30:38] [INFO   ] Registered: org.terraform.structure.ancientcity.AncientCityAltarPopulator at 4896 -15 5457 in a room of size 21x25 
[2026-03-19 03:30:38] [INFO   ] Registered: org.terraform.structure.ancientcity.AncientCitySchematicPlatform at 4970 -15 5464 in a room of size 22x26 
[2026-03-19 03:30:38] [INFO   ] Registered: org.terraform.structure.ancientcity.AncientCityAltarPopulator at 4943 -15 5485 in a room of size 19x24 
[2026-03-19 03:30:38] [INFO   ] Registered: org.terraform.structure.ancientcity.AncientCitySchematicPlatform at 4880 -15 5411 in a room of size 19x16 
[2026-03-19 03:30:39] [INFO   ] Generating org.terraform.structure.trialchamber.TrialChamberPopulator at chunk: 340,340 
[2026-03-19 03:39:04] [INFO   ] Registered: org.terraform.structure.mineshaft.ShaftRoomPopulator at 9992 5 10085 in a room of size 13x15 
[2026-03-19 03:39:04] [INFO   ] Registered: org.terraform.structure.mineshaft.ShaftRoomPopulator at 10064 5 10049 in a room of size 14x15 
[2026-03-19 03:39:04] [INFO   ] Registered: org.terraform.structure.mineshaft.ShaftRoomPopulator at 10120 5 10107 in a room of size 13x13 
[2026-03-19 03:39:04] [INFO   ] Registered: org.terraform.structure.mineshaft.CaveSpiderDenPopulator at 10110 5 9986 in a room of size 15x13 
[2026-03-19 03:39:04] [INFO   ] Registered: org.terraform.structure.mineshaft.ShaftRoomPopulator at 10118 5 10030 in a room of size 13x13 
[2026-03-19 03:39:04] [INFO   ] Registered: org.terraform.structure.mineshaft.SmeltingHallPopulator at 10085 5 10083 in a room of size 15x14 
[2026-03-19 03:39:04] [INFO   ] Registered: org.terraform.structure.mineshaft.SmeltingHallPopulator at 10100 5 9999 in a room of size 14x14 
[2026-03-19 03:39:04] [INFO   ] Registered: org.terraform.structure.mineshaft.SmeltingHallPopulator at 10118 20 10018 in a room of size 14x15 
[2026-03-19 03:39:04] [INFO   ] Registered: org.terraform.structure.mineshaft.CaveSpiderDenPopulator at 10116 20 10081 in a room of size 14x15 
[2026-03-19 03:39:04] [INFO   ] Registered: org.terraform.structure.mineshaft.SmeltingHallPopulator at 10071 20 9976 in a room of size 15x14 
[2026-03-19 03:39:04] [INFO   ] Registered: org.terraform.structure.mineshaft.ShaftTopPopulator at 10120 20 10107 in a room of size 13x5 
[2026-03-19 03:39:04] [INFO   ] Registered: org.terraform.structure.mineshaft.ShaftTopPopulator at 10064 20 10049 in a room of size 14x5 
[2026-03-19 03:39:04] [INFO   ] Registered: org.terraform.structure.mineshaft.SmeltingHallPopulator at 10047 20 10050 in a room of size 13x14 
[2026-03-19 03:39:04] [INFO   ] Registered: org.terraform.structure.mineshaft.ShaftTopPopulator at 9992 20 10085 in a room of size 13x6 
[2026-03-19 03:39:04] [INFO   ] Registered: org.terraform.structure.mineshaft.SmeltingHallPopulator at 9995 20 10031 in a room of size 14x13 
[2026-03-19 03:39:04] [INFO   ] Registered: org.terraform.structure.mineshaft.SmeltingHallPopulator at 10044 20 10109 in a room of size 14x13 
[2026-03-19 03:39:04] [INFO   ] Registered: org.terraform.structure.mineshaft.SmeltingHallPopulator at 9979 20 10108 in a room of size 14x14 
[2026-03-19 03:39:04] [INFO   ] Registered: org.terraform.structure.mineshaft.ShaftTopPopulator at 10118 20 10030 in a room of size 13x5 
[2026-03-19 03:39:04] [INFO   ] Registered: org.terraform.structure.mineshaft.SmeltingHallPopulator at 10003 20 10108 in a room of size 13x14 
[2026-03-19 03:39:04] [INFO   ] Registered: org.terraform.structure.mineshaft.SmeltingHallPopulator at 10093 20 10110 in a room of size 15x13 
[2026-03-19 03:39:04] [INFO   ] Minecart with chest at: 10006, 20, 10029 
[2026-03-19 03:39:06] [INFO   ] Generating org.terraform.structure.small.buriedtreasure.BuriedTreasurePopulator at chunk: 623,628 
[2026-03-19 03:39:07] [INFO   ] Minecart with chest at: 10071, 20, 10045 
[2026-03-19 03:39:09] [INFO   ] Generating org.terraform.structure.mineshaft.MineshaftPopulator at chunk: 628,628 
[2026-03-19 03:39:09] [INFO   ] Minecart with chest at: 10095, 5, 10083 
[2026-03-19 03:39:10] [INFO   ] Minecart with chest at: 10097, 20, 10080 
[2026-03-19 03:39:11] [INFO   ] Generating org.terraform.structure.small.ruinedportal.RuinedPortalPopulator at chunk: 616,624 
[2026-03-19 03:39:11] [INFO   ] Minecart with chest at: 10081, 20, 10110 
[2026-03-19 03:39:58] [INFO   ] Large Cave at 10048,22,10560 has water level > -16 with populator MushroomCavePopulator 
[2026-03-19 03:39:59] [INFO   ] Registered: org.terraform.structure.mineshaft.ShaftRoomPopulator at 10538 -2 10530 in a room of size 13x15 
[2026-03-19 03:39:59] [INFO   ] Registered: org.terraform.structure.mineshaft.SmeltingHallPopulator at 10614 -2 10540 in a room of size 13x14 
[2026-03-19 03:39:59] [INFO   ] Registered: org.terraform.structure.mineshaft.ShaftRoomPopulator at 10486 -2 10622 in a room of size 15x15 
[2026-03-19 03:39:59] [INFO   ] Registered: org.terraform.structure.mineshaft.ShaftRoomPopulator at 10578 -2 10546 in a room of size 14x13 
[2026-03-19 03:39:59] [INFO   ] Registered: org.terraform.structure.mineshaft.CaveSpiderDenPopulator at 10586 -2 10521 in a room of size 15x14 
[2026-03-19 03:39:59] [INFO   ] Registered: org.terraform.structure.mineshaft.CaveSpiderDenPopulator at 10502 -2 10565 in a room of size 13x14 
[2026-03-19 03:39:59] [INFO   ] Registered: org.terraform.structure.mineshaft.CaveSpiderDenPopulator at 10634 -2 10529 in a room of size 14x15 
[2026-03-19 03:39:59] [INFO   ] Registered: org.terraform.structure.mineshaft.CaveSpiderDenPopulator at 10617 -2 10526 in a room of size 13x13 
[2026-03-19 03:39:59] [INFO   ] Registered: org.terraform.structure.mineshaft.ShaftRoomPopulator at 10485 -2 10536 in a room of size 13x15 
[2026-03-19 03:39:59] [INFO   ] Registered: org.terraform.structure.mineshaft.ShaftRoomPopulator at 10612 -2 10554 in a room of size 14x14 
[2026-03-19 03:39:59] [INFO   ] Registered: org.terraform.structure.mineshaft.ShaftTopPopulator at 10538 13 10530 in a room of size 13x6 
[2026-03-19 03:39:59] [INFO   ] Registered: org.terraform.structure.mineshaft.ShaftTopPopulator at 10485 13 10536 in a room of size 13x6 
[2026-03-19 03:39:59] [INFO   ] Registered: org.terraform.structure.mineshaft.SmeltingHallPopulator at 10519 13 10631 in a room of size 13x15 
[2026-03-19 03:39:59] [INFO   ] Registered: org.terraform.structure.mineshaft.CaveSpiderDenPopulator at 10502 13 10568 in a room of size 15x15 
[2026-03-19 03:39:59] [INFO   ] Registered: org.terraform.structure.mineshaft.CaveSpiderDenPopulator at 10629 13 10538 in a room of size 13x13 
[2026-03-19 03:39:59] [INFO   ] Registered: org.terraform.structure.mineshaft.SmeltingHallPopulator at 10565 13 10602 in a room of size 14x14 
[2026-03-19 03:39:59] [INFO   ] Registered: org.terraform.structure.mineshaft.SmeltingHallPopulator at 10588 13 10495 in a room of size 13x15 
[2026-03-19 03:39:59] [INFO   ] Registered: org.terraform.structure.mineshaft.ShaftTopPopulator at 10486 13 10622 in a room of size 15x5 
[2026-03-19 03:39:59] [INFO   ] Registered: org.terraform.structure.mineshaft.CaveSpiderDenPopulator at 10488 13 10502 in a room of size 14x14 
[2026-03-19 03:39:59] [INFO   ] Registered: org.terraform.structure.mineshaft.ShaftTopPopulator at 10578 13 10546 in a room of size 14x7 
[2026-03-19 03:39:59] [INFO   ] Registered: org.terraform.structure.mineshaft.CaveSpiderDenPopulator at 10610 13 10578 in a room of size 13x15 
[2026-03-19 03:39:59] [INFO   ] Registered: org.terraform.structure.mineshaft.CaveSpiderDenPopulator at 10583 13 10631 in a room of size 14x14 
[2026-03-19 03:39:59] [INFO   ] Registered: org.terraform.structure.mineshaft.ShaftTopPopulator at 10612 13 10554 in a room of size 14x6 
[2026-03-19 03:42:45] [INFO   ] Generating org.terraform.structure.small.shipwreck.ShipwreckPopulator at chunk: 648,631 
[2026-03-19 03:42:45] [INFO   ] Spawning shipwreck at 10369, 19, 10110 with rotation of WEST 
[2026-03-19 03:42:49] [INFO   ] 660,628 will spawn a vanilla structure, with tryGenerateStructure == true 
[2026-03-19 03:43:02] [INFO   ] Generating org.terraform.structure.small.shipwreck.ShipwreckPopulator at chunk: 655,631 
[2026-03-19 03:43:02] [INFO   ] Spawning shipwreck at 10487, 41, 10110 with rotation of WEST 
[2026-03-19 03:48:03] [INFO   ] Generating org.terraform.structure.small.dungeon.SmallDungeonPopulator at chunk: 653,614 
[2026-03-19 03:48:03] [INFO   ] Spawning Underground Dungeon at 10463,10,9831 
[2026-03-19 03:50:27] [INFO   ] 660,596 will spawn a vanilla structure, with tryGenerateStructure == true 
[2026-03-19 03:50:30] [INFO   ] Generating org.terraform.structure.trialchamber.TrialChamberPopulator at chunk: 660,628 
[2026-03-19 03:50:31] [INFO   ] Registered: org.terraform.structure.mineshaft.ShaftRoomPopulator at 9990 8 9564 in a room of size 13x15 
[2026-03-19 03:50:31] [INFO   ] Registered: org.terraform.structure.mineshaft.ShaftRoomPopulator at 10044 8 9502 in a room of size 13x13 
[2026-03-19 03:50:31] [INFO   ] Registered: org.terraform.structure.mineshaft.ShaftRoomPopulator at 10036 8 9464 in a room of size 14x15 
[2026-03-19 03:50:31] [INFO   ] Registered: org.terraform.structure.mineshaft.CaveSpiderDenPopulator at 9988 8 9605 in a room of size 14x14 
[2026-03-19 03:50:31] [INFO   ] Registered: org.terraform.structure.mineshaft.CaveSpiderDenPopulator at 10067 8 9516 in a room of size 14x14 
[2026-03-19 03:50:31] [INFO   ] Registered: org.terraform.structure.mineshaft.CaveSpiderDenPopulator at 10090 8 9592 in a room of size 14x14 
[2026-03-19 03:50:31] [INFO   ] Registered: org.terraform.structure.mineshaft.SmeltingHallPopulator at 10072 8 9534 in a room of size 15x13 
[2026-03-19 03:50:31] [INFO   ] Registered: org.terraform.structure.mineshaft.CaveSpiderDenPopulator at 10095 8 9495 in a room of size 15x13 
[2026-03-19 03:50:31] [INFO   ] Registered: org.terraform.structure.mineshaft.SmeltingHallPopulator at 10092 23 9509 in a room of size 13x13 
[2026-03-19 03:50:31] [INFO   ] Registered: org.terraform.structure.mineshaft.CaveSpiderDenPopulator at 10110 23 9533 in a room of size 13x14 
[2026-03-19 03:50:31] [INFO   ] Registered: org.terraform.structure.mineshaft.CaveSpiderDenPopulator at 10097 23 9573 in a room of size 15x13 
[2026-03-19 03:50:31] [INFO   ] Registered: org.terraform.structure.mineshaft.ShaftTopPopulator at 9990 23 9564 in a room of size 13x5 
[2026-03-19 03:50:31] [INFO   ] Registered: org.terraform.structure.mineshaft.ShaftTopPopulator at 10036 23 9464 in a room of size 14x5 
[2026-03-19 03:50:31] [INFO   ] Registered: org.terraform.structure.mineshaft.SmeltingHallPopulator at 10001 23 9596 in a room of size 15x14 
[2026-03-19 03:50:31] [INFO   ] Registered: org.terraform.structure.mineshaft.CaveSpiderDenPopulator at 10093 23 9550 in a room of size 14x14 
[2026-03-19 03:50:31] [INFO   ] Registered: org.terraform.structure.mineshaft.ShaftTopPopulator at 10044 23 9502 in a room of size 13x5 
[2026-03-19 03:50:31] [INFO   ] Registered: org.terraform.structure.mineshaft.CaveSpiderDenPopulator at 10057 23 9534 in a room of size 13x15 
[2026-03-19 03:50:31] [INFO   ] Registered: org.terraform.structure.mineshaft.SmeltingHallPopulator at 10122 23 9590 in a room of size 13x13 
[2026-03-19 03:50:31] [INFO   ] Registered: org.terraform.structure.mineshaft.CaveSpiderDenPopulator at 9986 23 9488 in a room of size 14x15 
[2026-03-19 03:50:50] [INFO   ] Spawning ancient city at: 11072,-11,10048 
[2026-03-19 03:50:50] [INFO   ] Registered: org.terraform.structure.ancientcity.AncientCitySchematicPlatform at 11124 -11 10037 in a room of size 23x23 
[2026-03-19 03:50:50] [INFO   ] Registered: org.terraform.structure.ancientcity.AncientCitySchematicPlatform at 11125 -11 10064 in a room of size 17x16 
[2026-03-19 03:50:50] [INFO   ] Registered: org.terraform.structure.ancientcity.AncientCityLargePillarRoomPopulator at 11021 -11 10027 in a room of size 17x16 
[2026-03-19 03:50:50] [INFO   ] Registered: org.terraform.structure.ancientcity.AncientCitySchematicPlatform at 11039 -11 10046 in a room of size 20x23 
[2026-03-19 03:50:50] [INFO   ] Registered: org.terraform.structure.ancientcity.AncientCityRuinsPlatform at 11088 -11 10007 in a room of size 24x18 
[2026-03-19 03:50:50] [INFO   ] Registered: org.terraform.structure.ancientcity.AncientCityCenterPlatformPopulator at 11080 -11 10056 in a room of size 46x46 
[2026-03-19 03:50:50] [INFO   ] Registered: org.terraform.structure.ancientcity.AncientCitySchematicPlatform at 11042 -11 10008 in a room of size 20x24 
[2026-03-19 03:50:50] [INFO   ] Registered: org.terraform.structure.ancientcity.AncientCitySchematicPlatform at 11023 -11 10000 in a room of size 18x18 
[2026-03-19 03:50:50] [INFO   ] Registered: org.terraform.structure.ancientcity.AncientCityRuinsPlatform at 11050 -11 10104 in a room of size 18x24 
[2026-03-19 03:50:50] [INFO   ] Registered: org.terraform.structure.ancientcity.AncientCityRuinsPlatform at 11097 -11 10095 in a room of size 19x25 
[2026-03-19 03:50:50] [INFO   ] Registered: org.terraform.structure.ancientcity.AncientCityAltarPopulator at 11120 -11 9999 in a room of size 23x25 
[2026-03-19 03:50:50] [INFO   ] Registered: org.terraform.structure.ancientcity.AncientCityRuinsPlatform at 11041 -11 10066 in a room of size 21x16 
[2026-03-19 03:50:50] [INFO   ] Registered: org.terraform.structure.ancientcity.AncientCityLargePillarRoomPopulator at 11120 -11 10099 in a room of size 16x16 
[2026-03-19 03:50:59] [INFO   ] Registered: org.terraform.structure.mineshaft.ShaftRoomPopulator at 11109 -7 10504 in a room of size 15x13 
[2026-03-19 03:50:59] [INFO   ] Registered: org.terraform.structure.mineshaft.CaveSpiderDenPopulator at 11146 -7 10632 in a room of size 14x14 
[2026-03-19 03:50:59] [INFO   ] Registered: org.terraform.structure.mineshaft.ShaftRoomPopulator at 11046 -7 10486 in a room of size 14x14 
[2026-03-19 03:50:59] [INFO   ] Registered: org.terraform.structure.mineshaft.SmeltingHallPopulator at 11124 -7 10517 in a room of size 15x15 
[2026-03-19 03:50:59] [INFO   ] Registered: org.terraform.structure.mineshaft.ShaftRoomPopulator at 11123 -7 10567 in a room of size 14x14 
[2026-03-19 03:50:59] [INFO   ] Registered: org.terraform.structure.mineshaft.SmeltingHallPopulator at 11132 -7 10634 in a room of size 13x14 
[2026-03-19 03:50:59] [INFO   ] Registered: org.terraform.structure.mineshaft.CaveSpiderDenPopulator at 11017 -7 10568 in a room of size 15x15 
[2026-03-19 03:50:59] [INFO   ] Registered: org.terraform.structure.mineshaft.ShaftRoomPopulator at 10999 -7 10521 in a room of size 13x15 
[2026-03-19 03:50:59] [INFO   ] Registered: org.terraform.structure.mineshaft.ShaftRoomPopulator at 11141 -7 10613 in a room of size 15x13 
[2026-03-19 03:50:59] [INFO   ] Registered: org.terraform.structure.mineshaft.SmeltingHallPopulator at 11072 -7 10564 in a room of size 14x13 
[2026-03-19 03:50:59] [INFO   ] Registered: org.terraform.structure.mineshaft.CaveSpiderDenPopulator at 11139 8 10595 in a room of size 14x13 
[2026-03-19 03:50:59] [INFO   ] Registered: org.terraform.structure.mineshaft.SmeltingHallPopulator at 11090 8 10605 in a room of size 15x13 
[2026-03-19 03:50:59] [INFO   ] Registered: org.terraform.structure.mineshaft.SmeltingHallPopulator at 11104 8 10559 in a room of size 13x14 
[2026-03-19 03:50:59] [INFO   ] Registered: org.terraform.structure.mineshaft.CaveSpiderDenPopulator at 10999 8 10497 in a room of size 15x15 
[2026-03-19 03:50:59] [INFO   ] Registered: org.terraform.structure.mineshaft.CaveSpiderDenPopulator at 11100 8 10631 in a room of size 15x14 
[2026-03-19 03:50:59] [INFO   ] Registered: org.terraform.structure.mineshaft.ShaftTopPopulator at 11123 8 10567 in a room of size 14x5 
[2026-03-19 03:50:59] [INFO   ] Registered: org.terraform.structure.mineshaft.SmeltingHallPopulator at 11141 8 10564 in a room of size 15x15 
[2026-03-19 03:50:59] [INFO   ] Registered: org.terraform.structure.mineshaft.ShaftTopPopulator at 10999 8 10521 in a room of size 13x5 
[2026-03-19 03:50:59] [INFO   ] Registered: org.terraform.structure.mineshaft.ShaftTopPopulator at 11046 8 10486 in a room of size 14x7 
[2026-03-19 03:50:59] [INFO   ] Registered: org.terraform.structure.mineshaft.ShaftTopPopulator at 11141 8 10613 in a room of size 15x5 
[2026-03-19 03:50:59] [INFO   ] Registered: org.terraform.structure.mineshaft.CaveSpiderDenPopulator at 11113 8 10581 in a room of size 15x15 
[2026-03-19 03:50:59] [INFO   ] Registered: org.terraform.structure.mineshaft.CaveSpiderDenPopulator at 11119 8 10535 in a room of size 15x14 
[2026-03-19 03:50:59] [INFO   ] Registered: org.terraform.structure.mineshaft.ShaftTopPopulator at 11109 8 10504 in a room of size 15x5 
[2026-03-19 03:51:36] [INFO   ]  Custom Logger Initialized 
[2026-03-19 03:51:36] [INFO   ] [NOTICE] TerraformGenerator will suppress the server's watchdog while generating chunks to prevent unnecessary stacktrace warnings. Unless you specifically need thewatchdog now (to take aikar timings or debug lag), you don't need to take any action. 
[2026-03-19 03:51:36] [INFO   ] It is recommended to pregenerate to reduce lag problems. 
[2026-03-19 03:51:36] [INFO   ] Watchdog Thread hooked. 
[2026-03-19 03:51:36] [INFO   ]  bStats Metrics enabled. 
[2026-03-19 03:51:36] [INFO   ]  Detected version: v1_21_R7, packName: v1_21_R7 
[2026-03-19 03:51:36] [INFO   ] Unfreezing biome registry... 
[2026-03-19 03:51:36] [INFO   ] Registered custom biome: muddy_bog 
[2026-03-19 03:51:36] [INFO   ] Registered custom biome: cherry_grove 
[2026-03-19 03:51:36] [INFO   ] Registered custom biome: scarlet_forest 
[2026-03-19 03:51:36] [INFO   ] Registered custom biome: crystalline_cluster 
[2026-03-19 03:51:36] [INFO   ] Freezing biome registry 
[2026-03-19 03:51:36] [INFO   ] [Structure Registry] Registered Large Structure: VillageHousePopulator 
[2026-03-19 03:51:36] [INFO   ] [Structure Registry] Registered Large Structure: VillagePopulator 
[2026-03-19 03:51:36] [INFO   ] [Structure Registry] Registered Large Structure: OutpostPopulator 
[2026-03-19 03:51:36] [INFO   ] [Structure Registry] Registered Large Structure: PyramidPopulator 
[2026-03-19 03:51:36] [INFO   ] [Structure Registry] Registered Large Structure: MonumentPopulator 
[2026-03-19 03:51:36] [INFO   ] [Structure Registry] Registered Large Structure: StrongholdPopulator 
[2026-03-19 03:51:36] [INFO   ] [Structure Registry] Registered Large Structure: MansionPopulator 
[2026-03-19 03:51:36] [INFO   ] [Structure Registry] Registered Large Structure: AncientCityPopulator 
[2026-03-19 03:51:36] [INFO   ] [Structure Registry] Registered Large Structure: TrialChamberPopulator 
[2026-03-19 03:51:36] [INFO   ] [Structure Registry] Registered Large Structure: LargeCavePopulator 
[2026-03-19 03:51:36] [INFO   ] [Structure Registry] Registered Large Structure: MineshaftPopulator 
[2026-03-19 03:51:36] [INFO   ] [Structure Registry] Registered Large Structure: CatacombsPopulator 
[2026-03-19 03:51:36] [INFO   ] [Structure Registry] Registered Large Structure: BadlandsMinePopulator 
[2026-03-19 03:51:36] [INFO   ] [Structure Registry] Registered Large Structure: WarmOceanRuinsPopulator 
[2026-03-19 03:51:36] [INFO   ] [Structure Registry] Registered Large Structure: TrailRuinsPopulator 
[2026-03-19 03:51:36] [INFO   ] [Structure Registry] Registered Small Structure: SmallDungeonPopulator 
[2026-03-19 03:51:36] [INFO   ] [Structure Registry] Registered Small Structure: ShipwreckPopulator 
[2026-03-19 03:51:36] [INFO   ] [Structure Registry] Registered Small Structure: BuriedTreasurePopulator 
[2026-03-19 03:51:36] [INFO   ] [Structure Registry] Registered Small Structure: RuinedPortalPopulator 
[2026-03-19 03:51:36] [INFO   ] [Structure Registry] Registered Small Structure: IglooPopulator 
[2026-03-19 03:51:36] [INFO   ] [Structure Registry] Registered Small Structure: DesertWellPopulator 
[2026-03-19 03:51:36] [INFO   ] [Structure Registry] Registered Small Structure: WitchHutPopulator 
[2026-03-19 03:51:38] [INFO   ] Creating TW instance: world - 8157096416607632898 
[2026-03-19 03:51:38] [INFO   ]  Detected world: world, commencing injection...  
[2026-03-19 03:51:38] [INFO   ] Creating TW instance: world - 8157096416607632898 
[2026-03-19 03:51:38] [INFO   ] NMSChunkGenerator Delegate is of type CustomChunkGenerator 
[2026-03-19 03:51:38] [INFO   ] Post injection: getChunkSource().getChunkGenerator() is of type NMSChunkGenerator 
[2026-03-19 03:51:38] [INFO   ]  Injection success! Proceeding with generation. 
[2026-03-19 03:51:38] [INFO   ]  world loaded. 
[2026-03-19 03:52:38] [INFO   ] Will spawn stronghold at: CoordPair[x=1256, z=634] 
[2026-03-19 03:52:39] [INFO   ] Spawning MossyCavePopulator at 10256,14,9840 
[2026-03-19 03:52:39] [INFO   ] Spawning DeepCavePopulator at 10256,-38,9840 
[2026-03-19 03:52:40] [INFO   ] Spawning CaveFluidClusterPopulator at 10400,-30,9840 
[2026-03-19 03:52:46] [INFO   ] Registered: org.terraform.structure.mineshaft.ShaftRoomPopulator at 10110 -7 9986 in a room of size 15x13 
[2026-03-19 03:52:46] [INFO   ] Registered: org.terraform.structure.mineshaft.CaveSpiderDenPopulator at 10085 -7 10083 in a room of size 15x14 
[2026-03-19 03:52:46] [INFO   ] Registered: org.terraform.structure.mineshaft.ShaftRoomPopulator at 9992 -7 10085 in a room of size 13x15 
[2026-03-19 03:52:46] [INFO   ] Registered: org.terraform.structure.mineshaft.SmeltingHallPopulator at 10118 -7 10030 in a room of size 13x13 
[2026-03-19 03:52:46] [INFO   ] Registered: org.terraform.structure.mineshaft.ShaftRoomPopulator at 10120 -7 10107 in a room of size 13x13 
[2026-03-19 03:52:46] [INFO   ] Registered: org.terraform.structure.mineshaft.CaveSpiderDenPopulator at 10064 -7 10049 in a room of size 14x15 
[2026-03-19 03:52:46] [INFO   ] Registered: org.terraform.structure.mineshaft.CaveSpiderDenPopulator at 10100 -7 9999 in a room of size 14x14 
[2026-03-19 03:52:46] [INFO   ] Registered: org.terraform.structure.mineshaft.SmeltingHallPopulator at 9995 8 10031 in a room of size 14x13 
[2026-03-19 03:52:46] [INFO   ] Registered: org.terraform.structure.mineshaft.SmeltingHallPopulator at 10093 8 10110 in a room of size 15x13 
[2026-03-19 03:52:46] [INFO   ] Registered: org.terraform.structure.mineshaft.ShaftTopPopulator at 9992 8 10085 in a room of size 13x6 
[2026-03-19 03:52:46] [INFO   ] Registered: org.terraform.structure.mineshaft.SmeltingHallPopulator at 10116 8 10081 in a room of size 14x15 
[2026-03-19 03:52:46] [INFO   ] Registered: org.terraform.structure.mineshaft.SmeltingHallPopulator at 9979 8 10108 in a room of size 14x14 
[2026-03-19 03:52:46] [INFO   ] Registered: org.terraform.structure.mineshaft.ShaftTopPopulator at 10120 8 10107 in a room of size 13x5 
[2026-03-19 03:52:46] [INFO   ] Registered: org.terraform.structure.mineshaft.ShaftTopPopulator at 10110 8 9986 in a room of size 15x6 
[2026-03-19 03:52:46] [INFO   ] Registered: org.terraform.structure.mineshaft.CaveSpiderDenPopulator at 10044 8 10109 in a room of size 14x13 
[2026-03-19 03:52:46] [INFO   ] Registered: org.terraform.structure.mineshaft.CaveSpiderDenPopulator at 10071 8 9976 in a room of size 15x14 
[2026-03-19 03:52:46] [INFO   ] Registered: org.terraform.structure.mineshaft.SmeltingHallPopulator at 10003 8 10108 in a room of size 13x14 
[2026-03-19 03:52:46] [INFO   ] Registered: org.terraform.structure.mineshaft.SmeltingHallPopulator at 10047 8 10050 in a room of size 13x14 
[2026-03-19 03:52:46] [INFO   ] Registered: org.terraform.structure.mineshaft.CaveSpiderDenPopulator at 10118 8 10018 in a room of size 14x15 
[2026-03-19 03:53:03] [INFO   ] Spawning DripstoneClusterCavePopulator at 10304,48,9792 
[2026-03-19 03:53:05] [INFO   ] Generating org.terraform.structure.small.shipwreck.ShipwreckPopulator at chunk: 655,631 
[2026-03-19 03:53:05] [INFO   ] Spawning shipwreck at 10487, 41, 10110 with rotation of WEST 
[2026-03-19 03:53:05] [INFO   ] Spawning CrystallineClusterCavePopulator at 10492,-1,10062 
[2026-03-19 03:53:07] [INFO   ] Spawning LushClusterCavePopulator at 10560,-21,10112 
[2026-03-19 03:53:07] [INFO   ] Registered: org.terraform.structure.mineshaft.ShaftRoomPopulator at 10486 28 10622 in a room of size 15x15 
[2026-03-19 03:53:07] [INFO   ] Registered: org.terraform.structure.mineshaft.ShaftRoomPopulator at 10578 28 10546 in a room of size 14x13 
[2026-03-19 03:53:07] [INFO   ] Registered: org.terraform.structure.mineshaft.SmeltingHallPopulator at 10586 28 10521 in a room of size 15x14 
[2026-03-19 03:53:07] [INFO   ] Registered: org.terraform.structure.mineshaft.CaveSpiderDenPopulator at 10617 28 10526 in a room of size 13x13 
[2026-03-19 03:53:07] [INFO   ] Registered: org.terraform.structure.mineshaft.ShaftRoomPopulator at 10612 28 10554 in a room of size 14x14 
[2026-03-19 03:53:07] [INFO   ] Registered: org.terraform.structure.mineshaft.ShaftRoomPopulator at 10485 28 10536 in a room of size 13x15 
[2026-03-19 03:53:07] [INFO   ] Registered: org.terraform.structure.mineshaft.CaveSpiderDenPopulator at 10634 28 10529 in a room of size 14x15 
[2026-03-19 03:53:07] [INFO   ] Registered: org.terraform.structure.mineshaft.CaveSpiderDenPopulator at 10614 28 10540 in a room of size 13x14 
[2026-03-19 03:53:07] [INFO   ] Registered: org.terraform.structure.mineshaft.CaveSpiderDenPopulator at 10502 28 10565 in a room of size 13x14 
[2026-03-19 03:53:07] [INFO   ] Registered: org.terraform.structure.mineshaft.SmeltingHallPopulator at 10538 28 10530 in a room of size 13x15 
[2026-03-19 03:53:07] [INFO   ] Registered: org.terraform.structure.mineshaft.CaveSpiderDenPopulator at 10502 43 10568 in a room of size 15x15 
[2026-03-19 03:53:07] [INFO   ] Registered: org.terraform.structure.mineshaft.SmeltingHallPopulator at 10488 43 10502 in a room of size 14x14 
[2026-03-19 03:53:07] [INFO   ] Registered: org.terraform.structure.mineshaft.CaveSpiderDenPopulator at 10565 43 10602 in a room of size 14x14 
[2026-03-19 03:53:07] [INFO   ] Registered: org.terraform.structure.mineshaft.CaveSpiderDenPopulator at 10583 43 10631 in a room of size 14x14 
[2026-03-19 03:53:07] [INFO   ] Registered: org.terraform.structure.mineshaft.CaveSpiderDenPopulator at 10629 43 10538 in a room of size 13x13 
[2026-03-19 03:53:07] [INFO   ] Registered: org.terraform.structure.mineshaft.SmeltingHallPopulator at 10540 43 10526 in a room of size 14x15 
[2026-03-19 03:53:07] [INFO   ] Registered: org.terraform.structure.mineshaft.CaveSpiderDenPopulator at 10588 43 10495 in a room of size 13x15 
[2026-03-19 03:53:07] [INFO   ] Registered: org.terraform.structure.mineshaft.ShaftTopPopulator at 10485 43 10536 in a room of size 13x6 
[2026-03-19 03:53:07] [INFO   ] Registered: org.terraform.structure.mineshaft.CaveSpiderDenPopulator at 10610 43 10578 in a room of size 13x15 
[2026-03-19 03:53:07] [INFO   ] Registered: org.terraform.structure.mineshaft.ShaftTopPopulator at 10578 43 10546 in a room of size 14x7 
[2026-03-19 03:53:07] [INFO   ] Registered: org.terraform.structure.mineshaft.CaveSpiderDenPopulator at 10519 43 10631 in a room of size 13x15 
[2026-03-19 03:53:07] [INFO   ] Registered: org.terraform.structure.mineshaft.ShaftTopPopulator at 10486 43 10622 in a room of size 15x5 
[2026-03-19 03:53:07] [INFO   ] Registered: org.terraform.structure.mineshaft.ShaftTopPopulator at 10612 43 10554 in a room of size 14x6 
[2026-03-19 03:53:08] [INFO   ] Generating org.terraform.structure.small.shipwreck.ShipwreckPopulator at chunk: 652,646 
[2026-03-19 03:53:08] [INFO   ] Spawning shipwreck at 10441, 24, 10349 with rotation of EAST 
[2026-03-19 03:53:09] [INFO   ] Generating org.terraform.structure.trialchamber.TrialChamberPopulator at chunk: 660,628 
[2026-03-19 03:53:12] [INFO   ] Spawning ForestedMountainsCavePopulator at 10613,40,10334 
[2026-03-19 03:53:15] [INFO   ] Spawning ancient city at: 11072,-11,10048 
[2026-03-19 03:53:16] [INFO   ] Registered: org.terraform.structure.ancientcity.AncientCitySchematicPlatform at 11124 -11 10037 in a room of size 23x23 
[2026-03-19 03:53:16] [INFO   ] Registered: org.terraform.structure.ancientcity.AncientCityRuinsPlatform at 11088 -11 10007 in a room of size 24x18 
[2026-03-19 03:53:16] [INFO   ] Registered: org.terraform.structure.ancientcity.AncientCityRuinsPlatform at 11050 -11 10104 in a room of size 18x24 
[2026-03-19 03:53:16] [INFO   ] Registered: org.terraform.structure.ancientcity.AncientCitySchematicPlatform at 11039 -11 10046 in a room of size 20x23 
[2026-03-19 03:53:16] [INFO   ] Registered: org.terraform.structure.ancientcity.AncientCityLargePillarRoomPopulator at 11021 -11 10027 in a room of size 17x16 
[2026-03-19 03:53:16] [INFO   ] Registered: org.terraform.structure.ancientcity.AncientCitySchematicPlatform at 11125 -11 10064 in a room of size 17x16 
[2026-03-19 03:53:16] [INFO   ] Registered: org.terraform.structure.ancientcity.AncientCityAltarPopulator at 11120 -11 9999 in a room of size 23x25 
[2026-03-19 03:53:16] [INFO   ] Registered: org.terraform.structure.ancientcity.AncientCityRuinsPlatform at 11097 -11 10095 in a room of size 19x25 
[2026-03-19 03:53:16] [INFO   ] Registered: org.terraform.structure.ancientcity.AncientCityLargePillarRoomPopulator at 11120 -11 10099 in a room of size 16x16 
[2026-03-19 03:53:16] [INFO   ] Registered: org.terraform.structure.ancientcity.AncientCitySchematicPlatform at 11042 -11 10008 in a room of size 20x24 
[2026-03-19 03:53:16] [INFO   ] Registered: org.terraform.structure.ancientcity.AncientCitySchematicPlatform at 11023 -11 10000 in a room of size 18x18 
[2026-03-19 03:53:16] [INFO   ] Registered: org.terraform.structure.ancientcity.AncientCityCenterPlatformPopulator at 11080 -11 10056 in a room of size 46x46 
[2026-03-19 03:53:16] [INFO   ] Registered: org.terraform.structure.ancientcity.AncientCityRuinsPlatform at 11041 -11 10066 in a room of size 21x16 
[2026-03-19 03:53:18] [INFO   ] Registered: org.terraform.structure.mineshaft.ShaftRoomPopulator at 11017 27 10568 in a room of size 15x15 
[2026-03-19 03:53:18] [INFO   ] Registered: org.terraform.structure.mineshaft.SmeltingHallPopulator at 11124 27 10517 in a room of size 15x15 
[2026-03-19 03:53:18] [INFO   ] Registered: org.terraform.structure.mineshaft.ShaftRoomPopulator at 11109 27 10504 in a room of size 15x13 
[2026-03-19 03:53:18] [INFO   ] Registered: org.terraform.structure.mineshaft.ShaftRoomPopulator at 11072 27 10564 in a room of size 14x13 
[2026-03-19 03:53:18] [INFO   ] Registered: org.terraform.structure.mineshaft.ShaftRoomPopulator at 11123 27 10567 in a room of size 14x14 
[2026-03-19 03:53:18] [INFO   ] Registered: org.terraform.structure.mineshaft.CaveSpiderDenPopulator at 10999 27 10521 in a room of size 13x15 
[2026-03-19 03:53:18] [INFO   ] Registered: org.terraform.structure.mineshaft.CaveSpiderDenPopulator at 11132 27 10634 in a room of size 13x14 
[2026-03-19 03:53:18] [INFO   ] Registered: org.terraform.structure.mineshaft.CaveSpiderDenPopulator at 11141 27 10613 in a room of size 15x13 
[2026-03-19 03:53:18] [INFO   ] Registered: org.terraform.structure.mineshaft.CaveSpiderDenPopulator at 11146 27 10632 in a room of size 14x14 
[2026-03-19 03:53:18] [INFO   ] Registered: org.terraform.structure.mineshaft.CaveSpiderDenPopulator at 11046 27 10486 in a room of size 14x14 
[2026-03-19 03:53:18] [INFO   ] Registered: org.terraform.structure.mineshaft.CaveSpiderDenPopulator at 11141 42 10564 in a room of size 15x15 
[2026-03-19 03:53:18] [INFO   ] Registered: org.terraform.structure.mineshaft.ShaftTopPopulator at 11123 42 10567 in a room of size 14x5 
[2026-03-19 03:53:18] [INFO   ] Registered: org.terraform.structure.mineshaft.SmeltingHallPopulator at 11119 42 10535 in a room of size 15x14 
[2026-03-19 03:53:18] [INFO   ] Registered: org.terraform.structure.mineshaft.SmeltingHallPopulator at 11104 42 10559 in a room of size 13x14 
[2026-03-19 03:53:18] [INFO   ] Registered: org.terraform.structure.mineshaft.CaveSpiderDenPopulator at 11139 42 10595 in a room of size 14x13 
[2026-03-19 03:53:18] [INFO   ] Registered: org.terraform.structure.mineshaft.SmeltingHallPopulator at 11090 42 10605 in a room of size 15x13 
[2026-03-19 03:53:18] [INFO   ] Registered: org.terraform.structure.mineshaft.SmeltingHallPopulator at 11113 42 10581 in a room of size 15x15 
[2026-03-19 03:53:18] [INFO   ] Registered: org.terraform.structure.mineshaft.CaveSpiderDenPopulator at 10999 42 10497 in a room of size 15x15 
[2026-03-19 03:53:18] [INFO   ] Registered: org.terraform.structure.mineshaft.ShaftTopPopulator at 11017 42 10568 in a room of size 15x5 
[2026-03-19 03:53:18] [INFO   ] Registered: org.terraform.structure.mineshaft.CaveSpiderDenPopulator at 11100 42 10631 in a room of size 15x14 
[2026-03-19 03:53:18] [INFO   ] Registered: org.terraform.structure.mineshaft.ShaftTopPopulator at 11072 42 10564 in a room of size 14x6 
[2026-03-19 03:53:18] [INFO   ] Registered: org.terraform.structure.mineshaft.ShaftTopPopulator at 11109 42 10504 in a room of size 15x5 
[2026-03-19 03:53:23] [INFO   ] Spawning FrozenCavePopulator at 10579,19,10365 
[2026-03-19 03:53:24] [INFO   ] Spawning Creaking Heart at 10547,66,10378 
[2026-03-19 03:53:26] [INFO   ] Spawning Creaking Heart at 10567,68,10409 
[2026-03-19 03:53:45] [INFO   ] Large Cave at 10048,22,10560 has water level > -16 with populator MushroomCavePopulator 
[2026-03-19 03:53:48] [INFO   ] Minecart with chest at: 10574, 43, 10524 
[2026-03-19 03:53:49] [INFO   ] Minecart with chest at: 10489, 43, 10536 
[2026-03-19 03:53:49] [INFO   ] Minecart with chest at: 10574, 28, 10536 
[2026-03-19 03:53:49] [INFO   ] Minecart with chest at: 10590, 28, 10536 
[2026-03-19 03:53:50] [INFO   ] Minecart with chest at: 10514, 28, 10545 
[2026-03-19 03:53:50] [INFO   ] Minecart with chest at: 10518, 43, 10549 
[2026-03-19 03:53:50] [INFO   ] Minecart with chest at: 10581, 43, 10544 
[2026-03-19 03:53:51] [INFO   ] Minecart with chest at: 10605, 28, 10563 
[2026-03-19 03:53:53] [INFO   ] Minecart with chest at: 10575, 43, 10578 
[2026-03-19 03:53:53] [INFO   ] Generating org.terraform.structure.mineshaft.MineshaftPopulator at chunk: 660,660 
[2026-03-19 03:54:50] [INFO   ] Generating org.terraform.structure.small.shipwreck.ShipwreckPopulator at chunk: 681,659 
[2026-03-19 03:54:50] [INFO   ] Spawning shipwreck at 10900, 48, 10545 with rotation of WEST 
[2026-03-19 03:54:52] [INFO   ] Generating org.terraform.structure.small.dungeon.SmallDungeonPopulator at chunk: 684,661 
[2026-03-19 03:54:52] [INFO   ] Spawning Underground Dungeon at 10951,34,10580 
[2026-03-19 03:54:52] [INFO   ] Minecart with chest at: 11016, 42, 10499 
[2026-03-19 03:54:55] [INFO   ] Minecart with chest at: 11005, 27, 10632 
[2026-03-19 03:55:49] [INFO   ] Generating org.terraform.structure.small.dungeon.SmallDungeonPopulator at chunk: 649,664 
[2026-03-19 03:55:49] [INFO   ] Spawning Underground Dungeon at 10385,40,10631 
[2026-03-19 04:02:45] [INFO   ] Generating org.terraform.structure.small.dungeon.SmallDungeonPopulator at chunk: 684,633 
[2026-03-19 04:02:45] [INFO   ] Spawning Underground Dungeon at 10959,89,10136 
[2026-03-19 04:02:46] [INFO   ] Generating org.terraform.structure.small.dungeon.SmallDungeonPopulator at chunk: 685,634 
[2026-03-19 04:02:46] [INFO   ] Spawning Underground Dungeon at 10965,72,10154 
[2026-03-19 04:02:50] [INFO   ] Medium Schematic 
[2026-03-19 04:02:50] [INFO   ] Medium Schematic 
[2026-03-19 04:07:49] [INFO   ] Generating org.terraform.structure.small.dungeon.SmallDungeonPopulator at chunk: 644,667 
[2026-03-19 04:07:49] [INFO   ] Spawning Underground Dungeon at 10309,24,10685 
[2026-03-19 04:20:07] [INFO   ] Generating org.terraform.structure.small.dungeon.SmallDungeonPopulator at chunk: 653,614 
[2026-03-19 04:20:07] [INFO   ] Spawning Underground Dungeon at 10463,10,9831 
[2026-03-19 04:53:25] [INFO   ] Registered: org.terraform.structure.mineshaft.ShaftRoomPopulator at 10072 -5 9534 in a room of size 15x13 
[2026-03-19 04:53:25] [INFO   ] Registered: org.terraform.structure.mineshaft.SmeltingHallPopulator at 10067 -5 9516 in a room of size 14x14 
[2026-03-19 04:53:25] [INFO   ] Registered: org.terraform.structure.mineshaft.ShaftRoomPopulator at 9988 -5 9605 in a room of size 14x14 
[2026-03-19 04:53:25] [INFO   ] Registered: org.terraform.structure.mineshaft.ShaftRoomPopulator at 10095 -5 9495 in a room of size 15x13 
[2026-03-19 04:53:25] [INFO   ] Registered: org.terraform.structure.mineshaft.SmeltingHallPopulator at 10090 -5 9592 in a room of size 14x14 
[2026-03-19 04:53:25] [INFO   ] Registered: org.terraform.structure.mineshaft.SmeltingHallPopulator at 10036 -5 9464 in a room of size 14x15 
[2026-03-19 04:53:25] [INFO   ] Registered: org.terraform.structure.mineshaft.ShaftRoomPopulator at 9990 -5 9564 in a room of size 13x15 
[2026-03-19 04:53:25] [INFO   ] Registered: org.terraform.structure.mineshaft.SmeltingHallPopulator at 10044 -5 9502 in a room of size 13x13 
[2026-03-19 04:53:25] [INFO   ] Registered: org.terraform.structure.mineshaft.CaveSpiderDenPopulator at 10093 10 9550 in a room of size 14x14 
[2026-03-19 04:53:25] [INFO   ] Registered: org.terraform.structure.mineshaft.SmeltingHallPopulator at 10122 10 9590 in a room of size 13x13 
[2026-03-19 04:53:25] [INFO   ] Registered: org.terraform.structure.mineshaft.ShaftTopPopulator at 9988 10 9605 in a room of size 14x6 
[2026-03-19 04:53:25] [INFO   ] Registered: org.terraform.structure.mineshaft.SmeltingHallPopulator at 10057 10 9534 in a room of size 13x15 
[2026-03-19 04:53:25] [INFO   ] Registered: org.terraform.structure.mineshaft.CaveSpiderDenPopulator at 10045 10 9469 in a room of size 15x13 
[2026-03-19 04:53:25] [INFO   ] Registered: org.terraform.structure.mineshaft.ShaftTopPopulator at 10072 10 9534 in a room of size 15x5 
[2026-03-19 04:53:25] [INFO   ] Registered: org.terraform.structure.mineshaft.SmeltingHallPopulator at 10097 10 9573 in a room of size 15x13 
[2026-03-19 04:53:25] [INFO   ] Registered: org.terraform.structure.mineshaft.CaveSpiderDenPopulator at 10033 10 9505 in a room of size 15x14 
[2026-03-19 04:53:25] [INFO   ] Registered: org.terraform.structure.mineshaft.SmeltingHallPopulator at 10110 10 9533 in a room of size 13x14 
[2026-03-19 04:53:25] [INFO   ] Registered: org.terraform.structure.mineshaft.SmeltingHallPopulator at 9986 10 9488 in a room of size 14x15 
[2026-03-19 04:53:25] [INFO   ] Registered: org.terraform.structure.mineshaft.CaveSpiderDenPopulator at 10092 10 9509 in a room of size 13x13 
[2026-03-19 04:53:25] [INFO   ] Registered: org.terraform.structure.mineshaft.ShaftTopPopulator at 10095 10 9495 in a room of size 15x6 
[2026-03-19 04:53:25] [INFO   ] Registered: org.terraform.structure.mineshaft.ShaftTopPopulator at 9990 10 9564 in a room of size 13x5 
[2026-03-19 06:51:56] [INFO   ]  Custom Logger Initialized 
[2026-03-19 06:51:56] [INFO   ] [NOTICE] TerraformGenerator will suppress the server's watchdog while generating chunks to prevent unnecessary stacktrace warnings. Unless you specifically need thewatchdog now (to take aikar timings or debug lag), you don't need to take any action. 
[2026-03-19 06:51:56] [INFO   ] It is recommended to pregenerate to reduce lag problems. 
[2026-03-19 06:51:56] [INFO   ] Watchdog Thread hooked. 
[2026-03-19 06:51:56] [INFO   ]  bStats Metrics enabled. 
[2026-03-19 06:51:56] [INFO   ]  Detected version: v1_21_R7, packName: v1_21_R7 
[2026-03-19 06:51:56] [INFO   ] Unfreezing biome registry... 
[2026-03-19 06:51:56] [INFO   ] Registered custom biome: muddy_bog 
[2026-03-19 06:51:56] [INFO   ] Registered custom biome: cherry_grove 
[2026-03-19 06:51:56] [INFO   ] Registered custom biome: scarlet_forest 
[2026-03-19 06:51:56] [INFO   ] Registered custom biome: crystalline_cluster 
[2026-03-19 06:51:56] [INFO   ] Freezing biome registry 
[2026-03-19 06:51:56] [INFO   ] [Structure Registry] Registered Large Structure: VillageHousePopulator 
[2026-03-19 06:51:56] [INFO   ] [Structure Registry] Registered Large Structure: VillagePopulator 
[2026-03-19 06:51:56] [INFO   ] [Structure Registry] Registered Large Structure: OutpostPopulator 
[2026-03-19 06:51:56] [INFO   ] [Structure Registry] Registered Large Structure: PyramidPopulator 
[2026-03-19 06:51:56] [INFO   ] [Structure Registry] Registered Large Structure: MonumentPopulator 
[2026-03-19 06:51:56] [INFO   ] [Structure Registry] Registered Large Structure: StrongholdPopulator 
[2026-03-19 06:51:56] [INFO   ] [Structure Registry] Registered Large Structure: MansionPopulator 
[2026-03-19 06:51:56] [INFO   ] [Structure Registry] Registered Large Structure: AncientCityPopulator 
[2026-03-19 06:51:56] [INFO   ] [Structure Registry] Registered Large Structure: TrialChamberPopulator 
[2026-03-19 06:51:56] [INFO   ] [Structure Registry] Registered Large Structure: LargeCavePopulator 
[2026-03-19 06:51:56] [INFO   ] [Structure Registry] Registered Large Structure: MineshaftPopulator 
[2026-03-19 06:51:56] [INFO   ] [Structure Registry] Registered Large Structure: CatacombsPopulator 
[2026-03-19 06:51:56] [INFO   ] [Structure Registry] Registered Large Structure: BadlandsMinePopulator 
[2026-03-19 06:51:56] [INFO   ] [Structure Registry] Registered Large Structure: WarmOceanRuinsPopulator 
[2026-03-19 06:51:56] [INFO   ] [Structure Registry] Registered Large Structure: TrailRuinsPopulator 
[2026-03-19 06:51:56] [INFO   ] [Structure Registry] Registered Small Structure: SmallDungeonPopulator 
[2026-03-19 06:51:56] [INFO   ] [Structure Registry] Registered Small Structure: ShipwreckPopulator 
[2026-03-19 06:51:56] [INFO   ] [Structure Registry] Registered Small Structure: BuriedTreasurePopulator 
[2026-03-19 06:51:56] [INFO   ] [Structure Registry] Registered Small Structure: RuinedPortalPopulator 
[2026-03-19 06:51:56] [INFO   ] [Structure Registry] Registered Small Structure: IglooPopulator 
[2026-03-19 06:51:56] [INFO   ] [Structure Registry] Registered Small Structure: DesertWellPopulator 
[2026-03-19 06:51:56] [INFO   ] [Structure Registry] Registered Small Structure: WitchHutPopulator 
[2026-03-19 06:51:57] [INFO   ] Creating TW instance: world - 8157096416607632898 
[2026-03-19 06:51:58] [INFO   ]  Detected world: world, commencing injection...  
[2026-03-19 06:51:58] [INFO   ] Creating TW instance: world - 8157096416607632898 
[2026-03-19 06:51:58] [INFO   ] NMSChunkGenerator Delegate is of type CustomChunkGenerator 
[2026-03-19 06:51:58] [INFO   ] Post injection: getChunkSource().getChunkGenerator() is of type NMSChunkGenerator 
[2026-03-19 06:51:58] [INFO   ]  Injection success! Proceeding with generation. 
[2026-03-19 06:51:58] [INFO   ]  world loaded. 
[2026-03-19 07:04:52] [INFO   ]  Custom Logger Initialized 
[2026-03-19 07:04:52] [INFO   ] [NOTICE] TerraformGenerator will suppress the server's watchdog while generating chunks to prevent unnecessary stacktrace warnings. Unless you specifically need thewatchdog now (to take aikar timings or debug lag), you don't need to take any action. 
[2026-03-19 07:04:52] [INFO   ] It is recommended to pregenerate to reduce lag problems. 
[2026-03-19 07:04:52] [INFO   ] Watchdog Thread hooked. 
[2026-03-19 07:04:52] [INFO   ]  bStats Metrics enabled. 
[2026-03-19 07:04:52] [INFO   ]  Detected version: v1_21_R7, packName: v1_21_R7 
[2026-03-19 07:04:52] [INFO   ] Unfreezing biome registry... 
[2026-03-19 07:04:52] [INFO   ] Registered custom biome: muddy_bog 
[2026-03-19 07:04:52] [INFO   ] Registered custom biome: cherry_grove 
[2026-03-19 07:04:52] [INFO   ] Registered custom biome: scarlet_forest 
[2026-03-19 07:04:52] [INFO   ] Registered custom biome: crystalline_cluster 
[2026-03-19 07:04:52] [INFO   ] Freezing biome registry 
[2026-03-19 07:04:52] [INFO   ] [Structure Registry] Registered Large Structure: VillageHousePopulator 
[2026-03-19 07:04:52] [INFO   ] [Structure Registry] Registered Large Structure: VillagePopulator 
[2026-03-19 07:04:52] [INFO   ] [Structure Registry] Registered Large Structure: OutpostPopulator 
[2026-03-19 07:04:52] [INFO   ] [Structure Registry] Registered Large Structure: PyramidPopulator 
[2026-03-19 07:04:52] [INFO   ] [Structure Registry] Registered Large Structure: MonumentPopulator 
[2026-03-19 07:04:52] [INFO   ] [Structure Registry] Registered Large Structure: StrongholdPopulator 
[2026-03-19 07:04:52] [INFO   ] [Structure Registry] Registered Large Structure: MansionPopulator 
[2026-03-19 07:04:52] [INFO   ] [Structure Registry] Registered Large Structure: AncientCityPopulator 
[2026-03-19 07:04:52] [INFO   ] [Structure Registry] Registered Large Structure: TrialChamberPopulator 
[2026-03-19 07:04:52] [INFO   ] [Structure Registry] Registered Large Structure: LargeCavePopulator 
[2026-03-19 07:04:52] [INFO   ] [Structure Registry] Registered Large Structure: MineshaftPopulator 
[2026-03-19 07:04:52] [INFO   ] [Structure Registry] Registered Large Structure: CatacombsPopulator 
[2026-03-19 07:04:52] [INFO   ] [Structure Registry] Registered Large Structure: BadlandsMinePopulator 
[2026-03-19 07:04:52] [INFO   ] [Structure Registry] Registered Large Structure: WarmOceanRuinsPopulator 
[2026-03-19 07:04:52] [INFO   ] [Structure Registry] Registered Large Structure: TrailRuinsPopulator 
[2026-03-19 07:04:52] [INFO   ] [Structure Registry] Registered Small Structure: SmallDungeonPopulator 
[2026-03-19 07:04:52] [INFO   ] [Structure Registry] Registered Small Structure: ShipwreckPopulator 
[2026-03-19 07:04:52] [INFO   ] [Structure Registry] Registered Small Structure: BuriedTreasurePopulator 
[2026-03-19 07:04:52] [INFO   ] [Structure Registry] Registered Small Structure: RuinedPortalPopulator 
[2026-03-19 07:04:52] [INFO   ] [Structure Registry] Registered Small Structure: IglooPopulator 
[2026-03-19 07:04:52] [INFO   ] [Structure Registry] Registered Small Structure: DesertWellPopulator 
[2026-03-19 07:04:52] [INFO   ] [Structure Registry] Registered Small Structure: WitchHutPopulator 
[2026-03-19 07:04:54] [INFO   ] Creating TW instance: world - 8157096416607632898 
[2026-03-19 07:04:54] [INFO   ]  Detected world: world, commencing injection...  
[2026-03-19 07:04:54] [INFO   ] Creating TW instance: world - 8157096416607632898 
[2026-03-19 07:04:54] [INFO   ] NMSChunkGenerator Delegate is of type CustomChunkGenerator 
[2026-03-19 07:04:54] [INFO   ] Post injection: getChunkSource().getChunkGenerator() is of type NMSChunkGenerator 
[2026-03-19 07:04:54] [INFO   ]  Injection success! Proceeding with generation. 
[2026-03-19 07:04:54] [INFO   ]  world loaded. 
[2026-03-19 07:54:46] [INFO   ] Will spawn stronghold at: CoordPair[x=1256, z=634] 
[2026-03-19 07:54:46] [INFO   ] -620,628 will spawn a vanilla structure, with tryGenerateStructure == true 
[2026-03-19 07:54:47] [INFO   ] Spawning CaveFluidClusterPopulator at -10000,1,10000 
[2026-03-19 07:54:47] [INFO   ] Spawning MossyCavePopulator at -10000,1,10001 
[2026-03-19 07:54:47] [INFO   ] Spawning DeepCavePopulator at -9969,-33,10000 
[2026-03-19 07:54:47] [INFO   ] Spawning DripstoneClusterCavePopulator at -9984,0,9984 
[2026-03-19 07:54:50] [INFO   ] Spawning CrystallineClusterCavePopulator at -9976,3,10062 
[2026-03-19 07:54:51] [INFO   ] Generating org.terraform.structure.small.dungeon.SmallDungeonPopulator at chunk: -619,625 
[2026-03-19 07:54:51] [INFO   ] Spawning Underground Dungeon at -9899,70,10003 
[2026-03-19 07:54:52] [INFO   ] Spawning LushClusterCavePopulator at -10048,30,9920 
[2026-03-19 07:54:53] [INFO   ] Spawning FrozenCavePopulator at -9969,43,10126 
[2026-03-19 07:54:53] [INFO   ] Generating org.terraform.structure.small.ruinedportal.RuinedPortalPopulator at chunk: -625,633 
[2026-03-19 07:54:55] [INFO   ] Generating org.terraform.structure.trialchamber.TrialChamberPopulator at chunk: -620,628 
[2026-03-19 07:55:21] [INFO   ] Registered: org.terraform.structure.mineshaft.ShaftRoomPopulator at -10431 15 10118 in a room of size 13x15 
[2026-03-19 07:55:21] [INFO   ] Registered: org.terraform.structure.mineshaft.CaveSpiderDenPopulator at -10412 15 10120 in a room of size 15x14 
[2026-03-19 07:55:21] [INFO   ] Registered: org.terraform.structure.mineshaft.CaveSpiderDenPopulator at -10435 15 10056 in a room of size 15x13 
[2026-03-19 07:55:21] [INFO   ] Registered: org.terraform.structure.mineshaft.CaveSpiderDenPopulator at -10504 15 10001 in a room of size 14x13 
[2026-03-19 07:55:21] [INFO   ] Registered: org.terraform.structure.mineshaft.CaveSpiderDenPopulator at -10409 15 10083 in a room of size 15x14 
[2026-03-19 07:55:21] [INFO   ] Registered: org.terraform.structure.mineshaft.SmeltingHallPopulator at -10395 15 9998 in a room of size 15x14 
[2026-03-19 07:55:21] [INFO   ] Registered: org.terraform.structure.mineshaft.SmeltingHallPopulator at -10373 15 10013 in a room of size 14x14 
[2026-03-19 07:55:21] [INFO   ] Registered: org.terraform.structure.mineshaft.CaveSpiderDenPopulator at -10417 15 10008 in a room of size 14x13 
[2026-03-19 07:55:21] [INFO   ] Registered: org.terraform.structure.mineshaft.SmeltingHallPopulator at -10385 30 10115 in a room of size 15x14 
[2026-03-19 07:55:21] [INFO   ] Registered: org.terraform.structure.mineshaft.ShaftTopPopulator at -10431 30 10118 in a room of size 13x5 
[2026-03-19 07:55:21] [INFO   ] Registered: org.terraform.structure.mineshaft.SmeltingHallPopulator at -10468 30 9990 in a room of size 14x14 
[2026-03-19 07:55:21] [INFO   ] Registered: org.terraform.structure.mineshaft.SmeltingHallPopulator at -10507 30 10068 in a room of size 15x13 
[2026-03-19 07:55:21] [INFO   ] Registered: org.terraform.structure.mineshaft.CaveSpiderDenPopulator at -10453 30 10012 in a room of size 14x15 
[2026-03-19 07:55:21] [INFO   ] Registered: org.terraform.structure.mineshaft.CaveSpiderDenPopulator at -10441 30 10105 in a room of size 14x14 
[2026-03-19 07:55:21] [INFO   ] Registered: org.terraform.structure.mineshaft.CaveSpiderDenPopulator at -10364 30 10007 in a room of size 14x15 
[2026-03-19 07:55:21] [INFO   ] Registered: org.terraform.structure.mineshaft.CaveSpiderDenPopulator at -10414 30 10012 in a room of size 13x15 
[2026-03-19 07:55:21] [INFO   ] Registered: org.terraform.structure.mineshaft.SmeltingHallPopulator at -10484 30 10050 in a room of size 13x13 
[2026-03-19 07:55:24] [INFO   ] Registered: org.terraform.structure.mineshaft.ShaftRoomPopulator at -9459 -5 9990 in a room of size 15x15 
[2026-03-19 07:55:24] [INFO   ] Registered: org.terraform.structure.mineshaft.SmeltingHallPopulator at -9396 -5 10046 in a room of size 14x13 
[2026-03-19 07:55:24] [INFO   ] Registered: org.terraform.structure.mineshaft.SmeltingHallPopulator at -9479 -5 10040 in a room of size 15x15 
[2026-03-19 07:55:24] [INFO   ] Registered: org.terraform.structure.mineshaft.SmeltingHallPopulator at -9336 -5 10070 in a room of size 13x15 
[2026-03-19 07:55:24] [INFO   ] Registered: org.terraform.structure.mineshaft.ShaftRoomPopulator at -9377 -5 10102 in a room of size 14x14 
[2026-03-19 07:55:24] [INFO   ] Registered: org.terraform.structure.mineshaft.ShaftRoomPopulator at -9454 -5 10097 in a room of size 14x15 
[2026-03-19 07:55:24] [INFO   ] Registered: org.terraform.structure.mineshaft.CaveSpiderDenPopulator at -9367 -5 10033 in a room of size 14x15 
[2026-03-19 07:55:24] [INFO   ] Registered: org.terraform.structure.mineshaft.SmeltingHallPopulator at -9410 -5 10093 in a room of size 14x15 
[2026-03-19 07:55:24] [INFO   ] Registered: org.terraform.structure.mineshaft.ShaftTopPopulator at -9377 10 10102 in a room of size 14x7 
[2026-03-19 07:55:24] [INFO   ] Registered: org.terraform.structure.mineshaft.SmeltingHallPopulator at -9391 10 10025 in a room of size 15x14 
[2026-03-19 07:55:24] [INFO   ] Registered: org.terraform.structure.mineshaft.SmeltingHallPopulator at -9455 10 10037 in a room of size 15x14 
[2026-03-19 07:55:24] [INFO   ] Registered: org.terraform.structure.mineshaft.SmeltingHallPopulator at -9467 10 9980 in a room of size 13x13 
[2026-03-19 07:55:24] [INFO   ] Registered: org.terraform.structure.mineshaft.CaveSpiderDenPopulator at -9411 10 10013 in a room of size 14x14 
[2026-03-19 07:55:24] [INFO   ] Registered: org.terraform.structure.mineshaft.SmeltingHallPopulator at -9392 10 10087 in a room of size 14x15 
[2026-03-19 07:55:24] [INFO   ] Registered: org.terraform.structure.mineshaft.CaveSpiderDenPopulator at -9455 10 10088 in a room of size 13x14 
[2026-03-19 07:55:24] [INFO   ] Registered: org.terraform.structure.mineshaft.CaveSpiderDenPopulator at -9343 10 10101 in a room of size 13x13 
[2026-03-19 07:55:24] [INFO   ] Registered: org.terraform.structure.mineshaft.ShaftTopPopulator at -9459 10 9990 in a room of size 15x5 
[2026-03-19 07:55:24] [INFO   ] Registered: org.terraform.structure.mineshaft.ShaftTopPopulator at -9454 10 10097 in a room of size 14x5 
[2026-03-19 07:55:24] [INFO   ] Registered: org.terraform.structure.mineshaft.SmeltingHallPopulator at -9361 10 9973 in a room of size 15x13 
[2026-03-19 07:55:30] [INFO   ] Minecart with chest at: -10454, 15, 9999 
[2026-03-19 07:55:31] [INFO   ] Minecart with chest at: -10434, 15, 10004 
[2026-03-19 07:55:31] [INFO   ] Minecart with chest at: -10444, 30, 10011 
[2026-03-19 07:55:31] [INFO   ] Minecart with chest at: -10413, 30, 10011 
[2026-03-19 07:55:31] [INFO   ] Minecart with chest at: -10388, 15, 10011 
[2026-03-19 07:55:31] [INFO   ] Minecart with chest at: -10383, 15, 10011 
[2026-03-19 07:55:33] [INFO   ] Generating org.terraform.structure.small.igloo.IglooPopulator at chunk: -646,628 
[2026-03-19 07:55:33] [INFO   ] Placing igloo of size 5 
[2026-03-19 07:55:34] [INFO   ] Minecart with chest at: -10407, 15, 10074 
[2026-03-19 07:55:34] [INFO   ] Generating org.terraform.structure.mineshaft.MineshaftPopulator at chunk: -652,628 
[2026-03-19 07:55:34] [INFO   ] Minecart with chest at: -10434, 15, 10096 
[2026-03-19 07:55:38] [INFO   ] Minecart with chest at: -10389, 30, 10116 
[2026-03-19 07:55:38] [INFO   ] Minecart with chest at: -10394, 30, 10116 
[2026-03-19 07:57:04] [INFO   ] Spawning ancient city at: -9920,-20,10560 
[2026-03-19 07:57:04] [INFO   ] Registered: org.terraform.structure.ancientcity.AncientCityAltarPopulator at -9974 -20 10542 in a room of size 17x17 
[2026-03-19 07:57:04] [INFO   ] Registered: org.terraform.structure.ancientcity.AncientCityAltarPopulator at -9954 -20 10532 in a room of size 23x25 
[2026-03-19 07:57:04] [INFO   ] Registered: org.terraform.structure.ancientcity.AncientCityAltarPopulator at -9917 -20 10521 in a room of size 23x23 
[2026-03-19 07:57:04] [INFO   ] Registered: org.terraform.structure.ancientcity.AncientCitySchematicPlatform at -9881 -20 10607 in a room of size 16x17 
[2026-03-19 07:57:04] [INFO   ] Registered: org.terraform.structure.ancientcity.AncientCityAltarPopulator at -9961 -20 10502 in a room of size 25x22 
[2026-03-19 07:57:04] [INFO   ] Registered: org.terraform.structure.ancientcity.AncientCitySchematicPlatform at -9934 -20 10614 in a room of size 20x22 
[2026-03-19 07:57:04] [INFO   ] Registered: org.terraform.structure.ancientcity.AncientCitySchematicPlatform at -9888 -20 10505 in a room of size 22x22 
[2026-03-19 07:57:04] [INFO   ] Registered: org.terraform.structure.ancientcity.AncientCitySchematicPlatform at -9868 -20 10590 in a room of size 20x18 
[2026-03-19 07:57:04] [INFO   ] Registered: org.terraform.structure.ancientcity.AncientCityCenterPlatformPopulator at -9912 -20 10568 in a room of size 46x46 
[2026-03-19 07:57:04] [INFO   ] Registered: org.terraform.structure.ancientcity.AncientCitySchematicPlatform at -9866 -20 10553 in a room of size 25x16 
[2026-03-19 07:57:04] [INFO   ] Registered: org.terraform.structure.ancientcity.AncientCityLargePillarRoomPopulator at -9888 -20 10528 in a room of size 16x17 
[2026-03-19 07:57:04] [INFO   ] Registered: org.terraform.structure.ancientcity.AncientCitySchematicPlatform at -9958 -20 10613 in a room of size 21x19 
[2026-03-19 07:57:04] [INFO   ] Registered: org.terraform.structure.ancientcity.AncientCityRuinsPlatform at -9900 -20 10603 in a room of size 19x18 
[2026-03-19 07:57:04] [INFO   ] Registered: org.terraform.structure.ancientcity.AncientCitySchematicPlatform at -9862 -20 10520 in a room of size 21x23 
[2026-03-19 07:57:29] [INFO   ] Registered: org.terraform.structure.mineshaft.ShaftRoomPopulator at -9862 -2 9541 in a room of size 15x14 
[2026-03-19 07:57:29] [INFO   ] Registered: org.terraform.structure.mineshaft.ShaftRoomPopulator at -9863 -2 9501 in a room of size 13x15 
[2026-03-19 07:57:29] [INFO   ] Registered: org.terraform.structure.mineshaft.CaveSpiderDenPopulator at -9860 -2 9558 in a room of size 14x13 
[2026-03-19 07:57:29] [INFO   ] Registered: org.terraform.structure.mineshaft.CaveSpiderDenPopulator at -9967 -2 9573 in a room of size 15x14 
[2026-03-19 07:57:29] [INFO   ] Registered: org.terraform.structure.mineshaft.CaveSpiderDenPopulator at -9909 -2 9567 in a room of size 15x15 
[2026-03-19 07:57:29] [INFO   ] Registered: org.terraform.structure.mineshaft.ShaftRoomPopulator at -9904 -2 9607 in a room of size 14x14 
[2026-03-19 07:57:29] [INFO   ] Registered: org.terraform.structure.mineshaft.SmeltingHallPopulator at -9960 -2 9543 in a room of size 13x15 
[2026-03-19 07:57:29] [INFO   ] Registered: org.terraform.structure.mineshaft.SmeltingHallPopulator at -9921 -2 9597 in a room of size 14x13 
[2026-03-19 07:57:29] [INFO   ] Registered: org.terraform.structure.mineshaft.CaveSpiderDenPopulator at -9874 -2 9467 in a room of size 15x15 
[2026-03-19 07:57:29] [INFO   ] Registered: org.terraform.structure.mineshaft.CaveSpiderDenPopulator at -9866 13 9466 in a room of size 15x13 
[2026-03-19 07:57:29] [INFO   ] Registered: org.terraform.structure.mineshaft.ShaftTopPopulator at -9862 13 9541 in a room of size 15x5 
[2026-03-19 07:57:29] [INFO   ] Registered: org.terraform.structure.mineshaft.CaveSpiderDenPopulator at -9950 13 9583 in a room of size 14x15 
[2026-03-19 07:57:29] [INFO   ] Registered: org.terraform.structure.mineshaft.ShaftTopPopulator at -9863 13 9501 in a room of size 13x6 
[2026-03-19 07:57:29] [INFO   ] Registered: org.terraform.structure.mineshaft.SmeltingHallPopulator at -9899 13 9480 in a room of size 15x14 
[2026-03-19 07:57:29] [INFO   ] Registered: org.terraform.structure.mineshaft.SmeltingHallPopulator at -9879 13 9519 in a room of size 13x14 
[2026-03-19 07:57:29] [INFO   ] Registered: org.terraform.structure.mineshaft.CaveSpiderDenPopulator at -9881 13 9582 in a room of size 14x15 
[2026-03-19 07:57:29] [INFO   ] Registered: org.terraform.structure.mineshaft.ShaftTopPopulator at -9904 13 9607 in a room of size 14x6 
[2026-03-19 07:57:29] [INFO   ] Registered: org.terraform.structure.mineshaft.SmeltingHallPopulator at -9947 13 9526 in a room of size 14x14 
[2026-03-19 07:57:29] [INFO   ] Registered: org.terraform.structure.mineshaft.CaveSpiderDenPopulator at -9907 13 9463 in a room of size 13x15 
[2026-03-19 07:57:29] [INFO   ] Registered: org.terraform.structure.mineshaft.CaveSpiderDenPopulator at -9967 13 9558 in a room of size 15x15 
[2026-03-19 07:57:29] [INFO   ] Registered: org.terraform.structure.mineshaft.SmeltingHallPopulator at -9984 13 9608 in a room of size 13x13 
[2026-03-19 07:57:29] [INFO   ] Large Cave at -10432,24,9536 has water level > -13 with populator MushroomCavePopulator 
[2026-03-19 07:57:43] [INFO   ] Generating org.terraform.structure.small.dungeon.SmallDungeonPopulator at chunk: -595,620 
[2026-03-19 07:57:43] [INFO   ] Spawning Underground Dungeon at -9520,28,9924 
[2026-03-19 08:21:50] [INFO   ] Generating org.terraform.structure.small.dungeon.SmallDungeonPopulator at chunk: 26,78 
[2026-03-19 08:21:50] [INFO   ] Spawning Underground Dungeon at 417,51,1256 
[2026-03-19 08:21:52] [INFO   ] Spawning ancient city at: 832,-19,1344 
[2026-03-19 08:21:52] [INFO   ] Registered: org.terraform.structure.ancientcity.AncientCityLargePillarRoomPopulator at 806 -19 1341 in a room of size 18x17 
[2026-03-19 08:21:52] [INFO   ] Registered: org.terraform.structure.ancientcity.AncientCitySchematicPlatform at 835 -19 1295 in a room of size 26x24 
[2026-03-19 08:21:52] [INFO   ] Registered: org.terraform.structure.ancientcity.AncientCitySchematicPlatform at 836 -19 1403 in a room of size 18x20 
[2026-03-19 08:21:52] [INFO   ] Registered: org.terraform.structure.ancientcity.AncientCityCenterPlatformPopulator at 840 -19 1352 in a room of size 46x46 
[2026-03-19 08:21:52] [INFO   ] Registered: org.terraform.structure.ancientcity.AncientCityRuinsPlatform at 783 -19 1308 in a room of size 18x18 
[2026-03-19 08:21:52] [INFO   ] Registered: org.terraform.structure.ancientcity.AncientCitySchematicPlatform at 807 -19 1392 in a room of size 25x17 
[2026-03-19 08:21:52] [INFO   ] Registered: org.terraform.structure.ancientcity.AncientCityRuinsPlatform at 892 -19 1364 in a room of size 17x22 
[2026-03-19 08:21:52] [INFO   ] Registered: org.terraform.structure.ancientcity.AncientCitySchematicPlatform at 809 -19 1307 in a room of size 22x26 
[2026-03-19 08:21:52] [INFO   ] Registered: org.terraform.structure.ancientcity.AncientCityRuinsPlatform at 781 -19 1357 in a room of size 25x18 
[2026-03-19 08:21:52] [INFO   ] Registered: org.terraform.structure.ancientcity.AncientCityRuinsPlatform at 880 -19 1338 in a room of size 20x16 
[2026-03-19 08:21:52] [INFO   ] Registered: org.terraform.structure.ancientcity.AncientCityAltarPopulator at 888 -19 1302 in a room of size 25x18 
[2026-03-19 08:21:52] [INFO   ] Registered: org.terraform.structure.ancientcity.AncientCityAltarPopulator at 888 -19 1397 in a room of size 22x21 
[2026-03-19 08:21:53] [INFO   ] Generating org.terraform.structure.small.dungeon.SmallDungeonPopulator at chunk: 28,82 
[2026-03-19 08:21:53] [INFO   ] Spawning Underground Dungeon at 456,10,1324 
[2026-03-19 08:21:55] [INFO   ] Generating org.terraform.structure.villagehouse.VillageHousePopulator at chunk: 20,84 
[2026-03-19 08:21:55] [INFO   ] Spawning animal farm at 320,58,1344 with rotation of SOUTH 
[2026-03-19 08:22:09] [INFO   ] 20,116 will spawn a vanilla structure, with tryGenerateStructure == true 
[2026-03-19 08:22:10] [INFO   ] Generating org.terraform.structure.small.dungeon.SmallDungeonPopulator at chunk: 26,103 
[2026-03-19 08:22:10] [INFO   ] Spawning Underground Dungeon at 431,41,1662 
[2026-03-19 08:22:16] [INFO   ] Generating org.terraform.structure.small.dungeon.SmallDungeonPopulator at chunk: 41,111 
[2026-03-19 08:22:16] [INFO   ] Spawning Underground Dungeon at 669,63,1783 
[2026-03-19 08:22:27] [INFO   ] Spawning Creaking Heart at 818,69,1953 
[2026-03-19 08:22:27] [INFO   ] Spawning Creaking Heart at 833,66,1982 
[2026-03-19 08:22:30] [INFO   ] Generating org.terraform.structure.small.dungeon.SmallDungeonPopulator at chunk: 56,131 
[2026-03-19 08:22:30] [INFO   ] Spawning Underground Dungeon at 897,10,2102 
[2026-03-19 08:22:33] [INFO   ] Large Cave at 1344,5,2368 has water level > -23 with populator MushroomCavePopulator 
[2026-03-19 08:22:44] [INFO   ] Generating org.terraform.structure.small.shipwreck.ShipwreckPopulator at chunk: 70,156 
[2026-03-19 08:22:44] [INFO   ] Spawning shipwreck at 1121, 17, 2501 with rotation of EAST 
[2026-03-19 08:22:46] [INFO   ] Registered: org.terraform.structure.mineshaft.ShaftRoomPopulator at 1359 18 2952 in a room of size 15x15 
[2026-03-19 08:22:46] [INFO   ] Registered: org.terraform.structure.mineshaft.ShaftRoomPopulator at 1328 18 2895 in a room of size 15x15 
[2026-03-19 08:22:46] [INFO   ] Registered: org.terraform.structure.mineshaft.ShaftRoomPopulator at 1336 18 2835 in a room of size 14x15 
[2026-03-19 08:22:46] [INFO   ] Registered: org.terraform.structure.mineshaft.SmeltingHallPopulator at 1379 18 2862 in a room of size 13x13 
[2026-03-19 08:22:46] [INFO   ] Registered: org.terraform.structure.mineshaft.CaveSpiderDenPopulator at 1345 18 2819 in a room of size 14x13 
[2026-03-19 08:22:46] [INFO   ] Registered: org.terraform.structure.mineshaft.CaveSpiderDenPopulator at 1359 18 2932 in a room of size 14x15 
[2026-03-19 08:22:46] [INFO   ] Registered: org.terraform.structure.mineshaft.ShaftRoomPopulator at 1310 18 2940 in a room of size 14x15 
[2026-03-19 08:22:46] [INFO   ] Registered: org.terraform.structure.mineshaft.CaveSpiderDenPopulator at 1295 18 2829 in a room of size 13x13 
[2026-03-19 08:22:46] [INFO   ] Registered: org.terraform.structure.mineshaft.ShaftRoomPopulator at 1345 18 2889 in a room of size 13x15 
[2026-03-19 08:22:46] [INFO   ] Registered: org.terraform.structure.mineshaft.CaveSpiderDenPopulator at 1287 33 2827 in a room of size 13x15 
[2026-03-19 08:22:46] [INFO   ] Registered: org.terraform.structure.mineshaft.ShaftTopPopulator at 1359 33 2952 in a room of size 15x7 
[2026-03-19 08:22:46] [INFO   ] Registered: org.terraform.structure.mineshaft.SmeltingHallPopulator at 1385 33 2955 in a room of size 15x13 
[2026-03-19 08:22:46] [INFO   ] Registered: org.terraform.structure.mineshaft.CaveSpiderDenPopulator at 1404 33 2881 in a room of size 13x14 
[2026-03-19 08:22:46] [INFO   ] Registered: org.terraform.structure.mineshaft.ShaftTopPopulator at 1328 33 2895 in a room of size 15x6 
[2026-03-19 08:22:46] [INFO   ] Registered: org.terraform.structure.mineshaft.CaveSpiderDenPopulator at 1310 33 2920 in a room of size 15x14 
[2026-03-19 08:22:46] [INFO   ] Registered: org.terraform.structure.mineshaft.CaveSpiderDenPopulator at 1353 33 2834 in a room of size 15x14 
[2026-03-19 08:22:46] [INFO   ] Registered: org.terraform.structure.mineshaft.ShaftTopPopulator at 1310 33 2940 in a room of size 14x5 
[2026-03-19 08:22:46] [INFO   ] Registered: org.terraform.structure.mineshaft.CaveSpiderDenPopulator at 1361 33 2857 in a room of size 13x15 
[2026-03-19 08:22:46] [INFO   ] Registered: org.terraform.structure.mineshaft.ShaftTopPopulator at 1345 33 2889 in a room of size 13x6 
[2026-03-19 08:22:46] [INFO   ] Registered: org.terraform.structure.mineshaft.CaveSpiderDenPopulator at 1384 33 2910 in a room of size 14x13 
[2026-03-19 08:22:46] [INFO   ] Registered: org.terraform.structure.mineshaft.ShaftTopPopulator at 1336 33 2835 in a room of size 14x5 
[2026-03-19 08:22:46] [INFO   ] Registered: org.terraform.structure.mineshaft.SmeltingHallPopulator at 1419 33 2854 in a room of size 14x15 
[2026-03-19 08:22:48] [INFO   ] Generating org.terraform.structure.small.dungeon.SmallDungeonPopulator at chunk: 85,156 
[2026-03-19 08:22:48] [INFO   ] Spawning Underground Dungeon at 1360,4,2506 
[2026-03-19 08:22:55] [INFO   ] Large Cave at 1856,24,2880 has water level > -15 with populator GenericLargeCavePopulator 
[2026-03-19 08:23:02] [INFO   ] Minecart with chest at: 1361, 18, 2817 
[2026-03-19 08:23:04] [INFO   ] Generating org.terraform.structure.small.dungeon.SmallDungeonPopulator at chunk: 99,179 
[2026-03-19 08:23:04] [INFO   ] Spawning Underground Dungeon at 1589,29,2871 
[2026-03-19 08:23:10] [INFO   ] Generating org.terraform.structure.small.dungeon.SmallDungeonPopulator at chunk: 118,176 
[2026-03-19 08:23:10] [INFO   ] Spawning Underground Dungeon at 1889,19,2816 
[2026-03-19 08:23:11] [INFO   ] Generating org.terraform.structure.caves.LargeCavePopulator at chunk: 116,180 
[2026-03-19 08:23:22] [INFO   ] Spawning ForestedMountainsCavePopulator at 2028,40,3205 
[2026-03-19 08:23:22] [INFO   ] 116,212 will spawn a vanilla structure, with tryGenerateStructure == true 
[2026-03-19 08:23:23] [INFO   ] 148,180 will spawn a vanilla structure, with tryGenerateStructure == true 
[2026-03-19 08:23:28] [INFO   ] 148,212 will spawn a vanilla structure, with tryGenerateStructure == true 
[2026-03-19 08:23:30] [INFO   ] Generating org.terraform.structure.small.dungeon.SmallDungeonPopulator at chunk: 145,196 
[2026-03-19 08:23:30] [INFO   ] Spawning Underground Dungeon at 2335,81,3150 
[2026-03-19 08:23:35] [INFO   ] Generating org.terraform.structure.small.dungeon.SmallDungeonPopulator at chunk: 147,203 
[2026-03-19 08:23:35] [INFO   ] Spawning Underground Dungeon at 2355,138,3256 
[2026-03-19 08:23:41] [INFO   ] Generating org.terraform.structure.trialchamber.TrialChamberPopulator at chunk: 148,212 
[2026-03-19 08:23:48] [INFO   ] Registered: org.terraform.structure.mineshaft.SmeltingHallPopulator at 2902 47 3974 in a room of size 14x15 
[2026-03-19 08:23:48] [INFO   ] Registered: org.terraform.structure.mineshaft.SmeltingHallPopulator at 2881 47 3943 in a room of size 14x14 
[2026-03-19 08:23:48] [INFO   ] Registered: org.terraform.structure.mineshaft.CaveSpiderDenPopulator at 2915 47 3957 in a room of size 14x14 
[2026-03-19 08:23:48] [INFO   ] Registered: org.terraform.structure.mineshaft.CaveSpiderDenPopulator at 2861 47 3865 in a room of size 14x14 
[2026-03-19 08:23:48] [INFO   ] Registered: org.terraform.structure.mineshaft.SmeltingHallPopulator at 2847 47 3893 in a room of size 15x15 
[2026-03-19 08:23:48] [INFO   ] Registered: org.terraform.structure.mineshaft.SmeltingHallPopulator at 2819 47 3837 in a room of size 15x14 
[2026-03-19 08:23:48] [INFO   ] Registered: org.terraform.structure.mineshaft.SmeltingHallPopulator at 2942 47 3911 in a room of size 15x14 
[2026-03-19 08:23:48] [INFO   ] Registered: org.terraform.structure.mineshaft.CaveSpiderDenPopulator at 2896 47 3900 in a room of size 15x15 
[2026-03-19 08:23:48] [INFO   ] Registered: org.terraform.structure.mineshaft.CaveSpiderDenPopulator at 2852 47 3977 in a room of size 13x14 
[2026-03-19 08:23:48] [INFO   ] Registered: org.terraform.structure.mineshaft.BrokenShaftPopulator at 2880 47 3904 in a room of size 15x15 
[2026-03-19 08:23:49] [INFO   ] Generating org.terraform.structure.small.dungeon.SmallDungeonPopulator at chunk: 166,215 
[2026-03-19 08:23:49] [INFO   ] Spawning Underground Dungeon at 2666,53,3450 
[2026-03-19 08:23:50] [INFO   ] 180,212 will spawn a vanilla structure, with tryGenerateStructure == true 
[2026-03-19 08:23:55] [INFO   ] Generating org.terraform.structure.small.dungeon.SmallDungeonPopulator at chunk: 177,232 
[2026-03-19 08:23:55] [INFO   ] Spawning Underground Dungeon at 2843,73,3719 
[2026-03-19 08:24:01] [INFO   ] Minecart with chest at: 2839, 47, 3891 
[2026-03-19 08:24:06] [INFO   ] Generating org.terraform.structure.mineshaft.BadlandsMinePopulator at chunk: 180,244 
[2026-03-19 08:24:09] [INFO   ] 212,244 will spawn a vanilla structure, with tryGenerateStructure == true 
[2026-03-19 08:24:10] [INFO   ] Minecart with chest at: 2913, 47, 3949 
[2026-03-19 08:24:10] [INFO   ] Generating org.terraform.structure.trialchamber.TrialChamberPopulator at chunk: 212,244 
[2026-03-19 08:24:13] [INFO   ] 244,244 will spawn a vanilla structure, with tryGenerateStructure == true 
[2026-03-19 08:24:14] [INFO   ] Badlands Mineshaft Entrance: 3862,69,3904 
[2026-03-19 08:24:14] [INFO   ] Badlands Mineshaft Shaft: 2880,69,3904 
[2026-03-19 08:24:14] [INFO   ] Badlands Mineshaft Hallway Length: 976 
[2026-03-19 08:24:16] [INFO   ] Minecart with chest at: 3841, 68, 3904 
[2026-03-19 08:24:16] [INFO   ] Minecart with chest at: 3541, 68, 3904 
[2026-03-19 08:24:16] [INFO   ] Minecart with chest at: 3419, 68, 3904 
[2026-03-19 08:24:16] [INFO   ] Minecart with chest at: 3238, 68, 3904 
[2026-03-19 08:24:16] [INFO   ] Minecart with chest at: 2964, 68, 3904 
[2026-03-19 08:24:23] [INFO   ] Large Cave at 3392,19,4416 has water level > -22 with populator GenericLargeCavePopulator 
[2026-03-19 08:24:26] [INFO   ] Generating org.terraform.structure.small.ruinedportal.RuinedPortalPopulator at chunk: 198,247 
[2026-03-19 08:24:27] [INFO   ] Generating org.terraform.structure.small.shipwreck.ShipwreckPopulator at chunk: 200,259 
[2026-03-19 08:24:27] [INFO   ] Spawning shipwreck at 3203, 54, 4159 with rotation of EAST 
[2026-03-19 08:24:30] [INFO   ] Generating org.terraform.structure.small.dungeon.SmallDungeonPopulator at chunk: 202,265 
[2026-03-19 08:24:30] [INFO   ] Spawning Underground Dungeon at 3239,51,4253 
[2026-03-19 08:24:38] [INFO   ] Generating org.terraform.structure.small.buriedtreasure.BuriedTreasurePopulator at chunk: 220,268 
[2026-03-19 08:24:39] [INFO   ] Large Cave at 3904,21,4416 has water level > -6 with populator MushroomCavePopulator 
[2026-03-19 08:24:39] [INFO   ] Generating org.terraform.structure.small.buriedtreasure.BuriedTreasurePopulator at chunk: 220,270 
[2026-03-19 08:24:51] [INFO   ] Generating org.terraform.structure.small.dungeon.SmallDungeonPopulator at chunk: 239,276 
[2026-03-19 08:24:51] [INFO   ] Spawning Underground Dungeon at 3830,35,4431 
[2026-03-19 08:24:54] [INFO   ] Generating org.terraform.structure.small.ruinedportal.RuinedPortalPopulator at chunk: 244,277 
[2026-03-19 08:24:55] [INFO   ] Generating org.terraform.structure.caves.LargeCavePopulator at chunk: 244,276 
[2026-03-19 08:24:58] [INFO   ] Generating org.terraform.structure.small.dungeon.SmallDungeonPopulator at chunk: 246,280 
[2026-03-19 08:24:58] [INFO   ] Spawning Underground Dungeon at 3940,31,4486 
[2026-03-19 08:25:03] [INFO   ] Spawning ancient city at: 4416,-16,4416 
[2026-03-19 08:25:03] [INFO   ] Registered: org.terraform.structure.ancientcity.AncientCityLargePillarRoomPopulator at 4472 -16 4431 in a room of size 17x16 
[2026-03-19 08:25:03] [INFO   ] Registered: org.terraform.structure.ancientcity.AncientCitySchematicPlatform at 4423 -16 4358 in a room of size 26x24 
[2026-03-19 08:25:03] [INFO   ] Registered: org.terraform.structure.ancientcity.AncientCitySchematicPlatform at 4456 -16 4362 in a room of size 26x26 
[2026-03-19 08:25:03] [INFO   ] Registered: org.terraform.structure.ancientcity.AncientCityAltarPopulator at 4371 -16 4476 in a room of size 25x20 
[2026-03-19 08:25:03] [INFO   ] Registered: org.terraform.structure.ancientcity.AncientCityCenterPlatformPopulator at 4424 -16 4424 in a room of size 46x46 
[2026-03-19 08:25:03] [INFO   ] Registered: org.terraform.structure.ancientcity.AncientCityRuinsPlatform at 4389 -16 4360 in a room of size 21x16 
[2026-03-19 08:25:03] [INFO   ] Registered: org.terraform.structure.ancientcity.AncientCitySchematicPlatform at 4366 -16 4381 in a room of size 20x24 
[2026-03-19 08:25:03] [INFO   ] Registered: org.terraform.structure.ancientcity.AncientCityRuinsPlatform at 4468 -16 4395 in a room of size 19x23 
[2026-03-19 08:25:03] [INFO   ] Registered: org.terraform.structure.ancientcity.AncientCitySchematicPlatform at 4461 -16 4453 in a room of size 19x25 
[2026-03-19 08:25:03] [INFO   ] Registered: org.terraform.structure.ancientcity.AncientCitySchematicPlatform at 4377 -16 4445 in a room of size 21x19 
[2026-03-19 08:25:03] [INFO   ] Registered: org.terraform.structure.ancientcity.AncientCityRuinsPlatform at 4375 -16 4401 in a room of size 21x17 
[2026-03-19 08:25:03] [INFO   ] Registered: org.terraform.structure.ancientcity.AncientCitySchematicPlatform at 4441 -16 4464 in a room of size 20x18 
[2026-03-19 08:25:03] [INFO   ] Registered: org.terraform.structure.ancientcity.AncientCityRuinsPlatform at 4390 -16 4377 in a room of size 24x18 
[2026-03-19 08:25:03] [INFO   ] Registered: org.terraform.structure.ancientcity.AncientCityLargePillarRoomPopulator at 4398 -16 4463 in a room of size 16x19 
[2026-03-19 08:25:15] [INFO   ] Medium Schematic 
[2026-03-19 08:25:18] [INFO   ] Medium Schematic 
[2026-03-19 08:25:19] [INFO   ] Medium Schematic 
[2026-03-19 08:25:22] [INFO   ] Large Schematic 
[2026-03-19 08:25:25] [INFO   ] Generating org.terraform.structure.ancientcity.AncientCityPopulator at chunk: 276,276 
[2026-03-19 08:25:26] [INFO   ] Medium Schematic 
[2026-03-19 08:25:26] [INFO   ] Medium Schematic 
[2026-03-19 08:26:06] [INFO   ] Large Cave at 4928,20,4416 has water level > -22 with populator GenericLargeCavePopulator 
[2026-03-19 08:26:07] [INFO   ] Large Cave at 4928,43,4928 has water level > -27 with populator GenericLargeCavePopulator 
[2026-03-19 08:26:12] [INFO   ] Generating org.terraform.structure.small.shipwreck.ShipwreckPopulator at chunk: 296,271 
[2026-03-19 08:26:12] [INFO   ] Spawning shipwreck at 4750, 50, 4346 with rotation of NORTH 
[2026-03-19 08:26:20] [INFO   ] Large Cave at 4416,22,3904 has water level > -32 with populator MushroomCavePopulator 
[2026-03-19 08:26:24] [INFO   ] Generating org.terraform.structure.small.dungeon.SmallDungeonPopulator at chunk: 309,271 
[2026-03-19 08:26:24] [INFO   ] Spawning Underground Dungeon at 4950,23,4349 
[2026-03-19 08:26:25] [INFO   ] Generating org.terraform.structure.small.ruinedportal.RuinedPortalPopulator at chunk: 309,275 
[2026-03-19 08:26:25] [INFO   ] Generating org.terraform.structure.caves.LargeCavePopulator at chunk: 308,276 
[2026-03-19 08:26:30] [INFO   ] Registered: org.terraform.structure.mineshaft.ShaftRoomPopulator at 5474 -1 4432 in a room of size 14x15 
[2026-03-19 08:26:30] [INFO   ] Registered: org.terraform.structure.mineshaft.SmeltingHallPopulator at 5386 -1 4445 in a room of size 14x15 
[2026-03-19 08:26:30] [INFO   ] Registered: org.terraform.structure.mineshaft.SmeltingHallPopulator at 5482 -1 4458 in a room of size 15x14 
[2026-03-19 08:26:30] [INFO   ] Registered: org.terraform.structure.mineshaft.SmeltingHallPopulator at 5404 -1 4450 in a room of size 15x14 
[2026-03-19 08:26:30] [INFO   ] Registered: org.terraform.structure.mineshaft.SmeltingHallPopulator at 5492 -1 4393 in a room of size 14x14 
[2026-03-19 08:26:30] [INFO   ] Registered: org.terraform.structure.mineshaft.ShaftRoomPopulator at 5501 -1 4459 in a room of size 13x15 
[2026-03-19 08:26:30] [INFO   ] Registered: org.terraform.structure.mineshaft.SmeltingHallPopulator at 5511 -1 4444 in a room of size 13x13 
[2026-03-19 08:26:30] [INFO   ] Registered: org.terraform.structure.mineshaft.SmeltingHallPopulator at 5510 -1 4400 in a room of size 15x15 
[2026-03-19 08:26:30] [INFO   ] Registered: org.terraform.structure.mineshaft.SmeltingHallPopulator at 5394 -1 4391 in a room of size 13x13 
[2026-03-19 08:26:30] [INFO   ] Registered: org.terraform.structure.mineshaft.ShaftRoomPopulator at 5484 -1 4479 in a room of size 13x13 
[2026-03-19 08:26:30] [INFO   ] Registered: org.terraform.structure.mineshaft.CaveSpiderDenPopulator at 5458 14 4415 in a room of size 13x13 
[2026-03-19 08:26:30] [INFO   ] Registered: org.terraform.structure.mineshaft.ShaftTopPopulator at 5474 14 4432 in a room of size 14x5 
[2026-03-19 08:26:30] [INFO   ] Registered: org.terraform.structure.mineshaft.SmeltingHallPopulator at 5377 14 4371 in a room of size 14x15 
[2026-03-19 08:26:30] [INFO   ] Registered: org.terraform.structure.mineshaft.ShaftTopPopulator at 5484 14 4479 in a room of size 13x7 
[2026-03-19 08:26:30] [INFO   ] Registered: org.terraform.structure.mineshaft.CaveSpiderDenPopulator at 5514 14 4372 in a room of size 14x15 
[2026-03-19 08:26:30] [INFO   ] Registered: org.terraform.structure.mineshaft.SmeltingHallPopulator at 5417 14 4483 in a room of size 14x14 
[2026-03-19 08:26:30] [INFO   ] Registered: org.terraform.structure.mineshaft.CaveSpiderDenPopulator at 5366 14 4354 in a room of size 15x14 
[2026-03-19 08:26:30] [INFO   ] Registered: org.terraform.structure.mineshaft.SmeltingHallPopulator at 5449 14 4377 in a room of size 15x14 
[2026-03-19 08:26:30] [INFO   ] Registered: org.terraform.structure.mineshaft.SmeltingHallPopulator at 5430 14 4438 in a room of size 13x14 
[2026-03-19 08:26:30] [INFO   ] Registered: org.terraform.structure.mineshaft.ShaftTopPopulator at 5501 14 4459 in a room of size 13x6 
[2026-03-19 08:26:30] [INFO   ] Registered: org.terraform.structure.mineshaft.CaveSpiderDenPopulator at 5430 14 4354 in a room of size 15x15 
[2026-03-19 08:26:30] [INFO   ] Registered: org.terraform.structure.mineshaft.SmeltingHallPopulator at 5468 14 4378 in a room of size 14x13 
[2026-03-19 08:26:36] [INFO   ] Large Cave at 5440,31,4928 has water level > -11 with populator MushroomCavePopulator 
[2026-03-19 08:26:55] [INFO   ] Generating org.terraform.structure.caves.LargeCavePopulator at chunk: 340,308 
[2026-03-19 08:26:58] [INFO   ] Generating org.terraform.structure.small.dungeon.SmallDungeonPopulator at chunk: 346,300 
[2026-03-19 08:26:58] [INFO   ] Spawning Underground Dungeon at 5549,38,4808 
[2026-03-19 08:27:07] [INFO   ] Generating org.terraform.structure.small.dungeon.SmallDungeonPopulator at chunk: 356,325 
[2026-03-19 08:27:07] [INFO   ] Spawning Underground Dungeon at 5706,26,5203 
[2026-03-19 08:27:21] [INFO   ] Generating org.terraform.structure.trailruins.TrailRuinsPopulator at chunk: 372,340 
[2026-03-19 08:27:21] [INFO   ] Registered: org.terraform.structure.trailruins.TrailRuinsHutRoom at 5932 61 5428 in a room of size 8x9 
[2026-03-19 08:27:21] [INFO   ] Registered: org.terraform.structure.trailruins.TrailRuinsHutRoom at 5966 61 5421 in a room of size 8x6 
[2026-03-19 08:27:21] [INFO   ] Registered: org.terraform.structure.trailruins.TrailRuinsHutRoom at 5968 61 5443 in a room of size 10x7 
[2026-03-19 08:27:21] [INFO   ] Registered: org.terraform.structure.trailruins.TrailRuinsHutRoom at 5964 61 5432 in a room of size 10x6 
[2026-03-19 08:27:21] [INFO   ] Registered: org.terraform.structure.trailruins.TrailRuinsHutRoom at 5951 61 5428 in a room of size 9x10 
[2026-03-19 08:27:21] [INFO   ] Registered: org.terraform.structure.trailruins.TrailRuinsTowerRoom at 5952 61 5440 in a room of size 7x7 
[2026-03-19 08:27:21] [INFO   ] Registered: org.terraform.structure.trailruins.TrailRuinsHutRoom at 5960 61 5457 in a room of size 6x10 
[2026-03-19 08:27:21] [INFO   ] Registered: org.terraform.structure.trailruins.TrailRuinsHutRoom at 5945 61 5439 in a room of size 6x8 
[2026-03-19 08:27:21] [INFO   ] Registered: org.terraform.structure.trailruins.TrailRuinsHutRoom at 5938 61 5453 in a room of size 8x6 
[2026-03-19 08:27:22] [INFO   ] Generating org.terraform.structure.small.dungeon.SmallDungeonPopulator at chunk: 377,341 
[2026-03-19 08:27:22] [INFO   ] Spawning Underground Dungeon at 6036,42,5460 
[2026-03-19 08:27:23] [INFO   ] Registered: org.terraform.structure.mineshaft.SmeltingHallPopulator at 5980 29 6007 in a room of size 15x15 
[2026-03-19 08:27:23] [INFO   ] Registered: org.terraform.structure.mineshaft.SmeltingHallPopulator at 5953 29 6004 in a room of size 13x13 
[2026-03-19 08:27:23] [INFO   ] Registered: org.terraform.structure.mineshaft.CaveSpiderDenPopulator at 5916 29 5904 in a room of size 14x13 
[2026-03-19 08:27:23] [INFO   ] Registered: org.terraform.structure.mineshaft.CaveSpiderDenPopulator at 5915 29 6026 in a room of size 13x15 
[2026-03-19 08:27:23] [INFO   ] Registered: org.terraform.structure.mineshaft.CaveSpiderDenPopulator at 6010 29 5890 in a room of size 14x14 
[2026-03-19 08:27:23] [INFO   ] Registered: org.terraform.structure.mineshaft.CaveSpiderDenPopulator at 5918 29 5977 in a room of size 15x13 
[2026-03-19 08:27:23] [INFO   ] Registered: org.terraform.structure.mineshaft.CaveSpiderDenPopulator at 5951 29 5899 in a room of size 15x15 
[2026-03-19 08:27:23] [INFO   ] Registered: org.terraform.structure.mineshaft.CaveSpiderDenPopulator at 5944 29 5955 in a room of size 14x15 
[2026-03-19 08:27:23] [INFO   ] Registered: org.terraform.structure.mineshaft.CaveSpiderDenPopulator at 5889 29 5955 in a room of size 13x14 
[2026-03-19 08:27:23] [INFO   ] Generating org.terraform.structure.small.ruinedportal.RuinedPortalPopulator at chunk: 377,344 
[2026-03-19 08:27:27] [INFO   ] Large Cave at 6464,103,5440 has water level > -7 with populator LargeLushCavePopulator 
[2026-03-19 08:27:32] [INFO   ] Generating org.terraform.structure.small.dungeon.SmallDungeonPopulator at chunk: 367,357 
[2026-03-19 08:27:32] [INFO   ] Spawning Drowned Dungeon at 5873,5713 
[2026-03-19 08:27:41] [INFO   ] Generating org.terraform.structure.small.ruinedportal.RuinedPortalPopulator at chunk: 395,364 
[2026-03-19 08:27:42] [INFO   ] Generating org.terraform.structure.small.igloo.IglooPopulator at chunk: 398,351 
[2026-03-19 08:27:42] [INFO   ] Placing igloo of size 5 
[2026-03-19 08:27:44] [INFO   ] Generating org.terraform.structure.small.dungeon.SmallDungeonPopulator at chunk: 402,365 
[2026-03-19 08:27:44] [INFO   ] Spawning Underground Dungeon at 6433,27,5848 
[2026-03-19 08:27:50] [INFO   ] Generating org.terraform.structure.village.VillagePopulator at chunk: 404,372 
[2026-03-19 08:27:50] [INFO   ] Spawning plains village at 6464,50,5952 
[2026-03-19 08:27:50] [INFO   ] Registered: org.terraform.structure.village.plains.PlainsVillageCropFarmPopulator at 6487 0 5974 in a room of size 17x15 
[2026-03-19 08:27:50] [INFO   ] Registered: org.terraform.structure.village.plains.PlainsVillageCropFarmPopulator at 6468 0 5976 in a room of size 15x18 
[2026-03-19 08:27:50] [INFO   ] Registered: org.terraform.structure.village.plains.PlainsVillageCropFarmPopulator at 6467 0 5929 in a room of size 16x17 
[2026-03-19 08:27:50] [INFO   ] Registered: org.terraform.structure.village.plains.PlainsVillageForgePopulator at 6487 0 5957 in a room of size 17x16 
[2026-03-19 08:27:50] [INFO   ] Registered: org.terraform.structure.village.plains.PlainsVillageTemplePopulator at 6487 0 5934 in a room of size 16x20 
[2026-03-19 08:27:50] [INFO   ] Registered: org.terraform.structure.village.plains.PlainsVillageTownhallPopulator at 6464 74 5952 in a room of size 24x24 
[2026-03-19 08:27:50] [INFO   ] Spawning farmhouse at 6464,73,5952 with rotation of EAST 
[2026-03-19 08:28:00] [INFO   ] 436,372 will spawn a vanilla structure, with tryGenerateStructure == true 
[2026-03-19 08:28:02] [INFO   ] Registered: org.terraform.structure.mineshaft.ShaftRoomPopulator at 7031 -6 6467 in a room of size 13x14 
[2026-03-19 08:28:02] [INFO   ] Registered: org.terraform.structure.mineshaft.CaveSpiderDenPopulator at 6968 -6 6437 in a room of size 15x13 
[2026-03-19 08:28:02] [INFO   ] Registered: org.terraform.structure.mineshaft.CaveSpiderDenPopulator at 6994 -6 6463 in a room of size 14x13 
[2026-03-19 08:28:02] [INFO   ] Registered: org.terraform.structure.mineshaft.SmeltingHallPopulator at 7034 -6 6408 in a room of size 14x14 
[2026-03-19 08:28:02] [INFO   ] Registered: org.terraform.structure.mineshaft.SmeltingHallPopulator at 7051 -6 6536 in a room of size 13x13 
[2026-03-19 08:28:02] [INFO   ] Registered: org.terraform.structure.mineshaft.SmeltingHallPopulator at 7043 -6 6446 in a room of size 15x15 
[2026-03-19 08:28:02] [INFO   ] Registered: org.terraform.structure.mineshaft.ShaftRoomPopulator at 6952 -6 6470 in a room of size 15x14 
[2026-03-19 08:28:02] [INFO   ] Registered: org.terraform.structure.mineshaft.CaveSpiderDenPopulator at 6919 -6 6451 in a room of size 13x15 
[2026-03-19 08:28:02] [INFO   ] Registered: org.terraform.structure.mineshaft.CaveSpiderDenPopulator at 6983 -6 6521 in a room of size 13x15 
[2026-03-19 08:28:02] [INFO   ] Registered: org.terraform.structure.mineshaft.CaveSpiderDenPopulator at 6950 -6 6435 in a room of size 14x15 
[2026-03-19 08:28:02] [INFO   ] Registered: org.terraform.structure.mineshaft.CaveSpiderDenPopulator at 6940 9 6393 in a room of size 13x14 
[2026-03-19 08:28:02] [INFO   ] Registered: org.terraform.structure.mineshaft.CaveSpiderDenPopulator at 6945 9 6528 in a room of size 14x15 
[2026-03-19 08:28:02] [INFO   ] Registered: org.terraform.structure.mineshaft.SmeltingHallPopulator at 7025 9 6511 in a room of size 13x13 
[2026-03-19 08:28:02] [INFO   ] Registered: org.terraform.structure.mineshaft.SmeltingHallPopulator at 6912 9 6412 in a room of size 15x15 
[2026-03-19 08:28:02] [INFO   ] Registered: org.terraform.structure.mineshaft.SmeltingHallPopulator at 6945 9 6496 in a room of size 15x15 
[2026-03-19 08:28:02] [INFO   ] Registered: org.terraform.structure.mineshaft.ShaftTopPopulator at 6952 9 6470 in a room of size 15x6 
[2026-03-19 08:28:02] [INFO   ] Registered: org.terraform.structure.mineshaft.SmeltingHallPopulator at 6931 9 6499 in a room of size 14x14 
[2026-03-19 08:28:02] [INFO   ] Registered: org.terraform.structure.mineshaft.SmeltingHallPopulator at 6910 9 6451 in a room of size 15x14 
[2026-03-19 08:28:02] [INFO   ] Registered: org.terraform.structure.mineshaft.ShaftTopPopulator at 7031 9 6467 in a room of size 13x5 
[2026-03-19 08:28:02] [INFO   ] Registered: org.terraform.structure.mineshaft.SmeltingHallPopulator at 6909 9 6434 in a room of size 13x13 
[2026-03-19 08:28:02] [INFO   ] Registered: org.terraform.structure.mineshaft.CaveSpiderDenPopulator at 7004 9 6393 in a room of size 13x13 
[2026-03-19 08:28:02] [INFO   ] Registered: org.terraform.structure.mineshaft.CaveSpiderDenPopulator at 6933 9 6469 in a room of size 13x15 
[2026-03-19 08:28:02] [INFO   ] Registered: org.terraform.structure.mineshaft.ShaftRoomPopulator at 6412 10 6410 in a room of size 14x15 
[2026-03-19 08:28:02] [INFO   ] Registered: org.terraform.structure.mineshaft.ShaftRoomPopulator at 6411 10 6440 in a room of size 13x13 
[2026-03-19 08:28:02] [INFO   ] Registered: org.terraform.structure.mineshaft.CaveSpiderDenPopulator at 6514 10 6435 in a room of size 15x13 
[2026-03-19 08:28:02] [INFO   ] Registered: org.terraform.structure.mineshaft.SmeltingHallPopulator at 6489 10 6395 in a room of size 15x14 
[2026-03-19 08:28:02] [INFO   ] Registered: org.terraform.structure.mineshaft.SmeltingHallPopulator at 6485 10 6420 in a room of size 15x13 
[2026-03-19 08:28:02] [INFO   ] Registered: org.terraform.structure.mineshaft.SmeltingHallPopulator at 6488 10 6439 in a room of size 13x15 
[2026-03-19 08:28:02] [INFO   ] Registered: org.terraform.structure.mineshaft.SmeltingHallPopulator at 6394 10 6495 in a room of size 13x13 
[2026-03-19 08:28:02] [INFO   ] Registered: org.terraform.structure.mineshaft.CaveSpiderDenPopulator at 6504 10 6479 in a room of size 13x15 
[2026-03-19 08:28:02] [INFO   ] Registered: org.terraform.structure.mineshaft.SmeltingHallPopulator at 6427 10 6451 in a room of size 13x15 
[2026-03-19 08:28:02] [INFO   ] Registered: org.terraform.structure.mineshaft.CaveSpiderDenPopulator at 6391 10 6532 in a room of size 15x15 
[2026-03-19 08:28:02] [INFO   ] Registered: org.terraform.structure.mineshaft.CaveSpiderDenPopulator at 6451 25 6456 in a room of size 14x13 
[2026-03-19 08:28:02] [INFO   ] Registered: org.terraform.structure.mineshaft.SmeltingHallPopulator at 6539 25 6426 in a room of size 13x14 
[2026-03-19 08:28:02] [INFO   ] Registered: org.terraform.structure.mineshaft.SmeltingHallPopulator at 6532 25 6443 in a room of size 13x14 
[2026-03-19 08:28:02] [INFO   ] Registered: org.terraform.structure.mineshaft.CaveSpiderDenPopulator at 6476 25 6406 in a room of size 14x13 
[2026-03-19 08:28:02] [INFO   ] Registered: org.terraform.structure.mineshaft.SmeltingHallPopulator at 6479 25 6444 in a room of size 14x13 
[2026-03-19 08:28:02] [INFO   ] Registered: org.terraform.structure.mineshaft.CaveSpiderDenPopulator at 6442 25 6410 in a room of size 15x14 
[2026-03-19 08:28:02] [INFO   ] Registered: org.terraform.structure.mineshaft.ShaftTopPopulator at 6412 25 6410 in a room of size 14x7 
[2026-03-19 08:28:02] [INFO   ] Registered: org.terraform.structure.mineshaft.SmeltingHallPopulator at 6465 25 6500 in a room of size 15x14 
[2026-03-19 08:28:02] [INFO   ] Registered: org.terraform.structure.mineshaft.CaveSpiderDenPopulator at 6421 25 6484 in a room of size 14x13 
[2026-03-19 08:28:02] [INFO   ] Registered: org.terraform.structure.mineshaft.ShaftTopPopulator at 6411 25 6440 in a room of size 13x7 
[2026-03-19 08:28:02] [INFO   ] Registered: org.terraform.structure.mineshaft.SmeltingHallPopulator at 6444 25 6528 in a room of size 14x13 
[2026-03-19 08:28:11] [INFO   ] Generating org.terraform.structure.small.ruinedportal.RuinedPortalPopulator at chunk: 433,393 
[2026-03-19 08:28:12] [INFO   ] Generating org.terraform.structure.trialchamber.TrialChamberPopulator at chunk: 436,372 
[2026-03-19 08:28:18] [INFO   ] Minecart with chest at: 6939, 9, 6399 
[2026-03-19 08:28:18] [INFO   ] Minecart with chest at: 7006, -6, 6408 
[2026-03-19 08:28:21] [INFO   ] Minecart with chest at: 6991, 9, 6450 
[2026-03-19 08:28:23] [INFO   ] 468,404 will spawn a vanilla structure, with tryGenerateStructure == true 
[2026-03-19 08:28:30] [INFO   ] Minecart with chest at: 7050, -6, 6508 
[2026-03-19 08:28:31] [INFO   ] Registered: org.terraform.structure.mineshaft.ShaftRoomPopulator at 7553 22 6955 in a room of size 15x13 
[2026-03-19 08:28:31] [INFO   ] Registered: org.terraform.structure.mineshaft.CaveSpiderDenPopulator at 7537 22 7044 in a room of size 14x14 
[2026-03-19 08:28:31] [INFO   ] Registered: org.terraform.structure.mineshaft.CaveSpiderDenPopulator at 7513 22 6920 in a room of size 14x14 
[2026-03-19 08:28:31] [INFO   ] Registered: org.terraform.structure.mineshaft.SmeltingHallPopulator at 7458 22 6982 in a room of size 13x14 
[2026-03-19 08:28:31] [INFO   ] Registered: org.terraform.structure.mineshaft.CaveSpiderDenPopulator at 7480 22 6976 in a room of size 13x13 
[2026-03-19 08:28:31] [INFO   ] Registered: org.terraform.structure.mineshaft.CaveSpiderDenPopulator at 7437 22 6905 in a room of size 13x15 
[2026-03-19 08:28:31] [INFO   ] Registered: org.terraform.structure.mineshaft.ShaftRoomPopulator at 7471 22 7034 in a room of size 15x15 
[2026-03-19 08:28:31] [INFO   ] Registered: org.terraform.structure.mineshaft.CaveSpiderDenPopulator at 7477 22 7018 in a room of size 13x14 
[2026-03-19 08:28:31] [INFO   ] Registered: org.terraform.structure.mineshaft.CaveSpiderDenPopulator at 7497 22 6954 in a room of size 14x15 
[2026-03-19 08:28:31] [INFO   ] Registered: org.terraform.structure.mineshaft.SmeltingHallPopulator at 7535 22 7009 in a room of size 13x14 
[2026-03-19 08:28:31] [INFO   ] Registered: org.terraform.structure.mineshaft.SmeltingHallPopulator at 7532 37 6941 in a room of size 15x14 
[2026-03-19 08:28:31] [INFO   ] Registered: org.terraform.structure.mineshaft.CaveSpiderDenPopulator at 7530 37 7016 in a room of size 13x15 
[2026-03-19 08:28:31] [INFO   ] Registered: org.terraform.structure.mineshaft.CaveSpiderDenPopulator at 7480 37 6975 in a room of size 14x13 
[2026-03-19 08:28:31] [INFO   ] Registered: org.terraform.structure.mineshaft.CaveSpiderDenPopulator at 7563 37 6992 in a room of size 13x13 
[2026-03-19 08:28:31] [INFO   ] Registered: org.terraform.structure.mineshaft.ShaftTopPopulator at 7553 37 6955 in a room of size 15x5 
[2026-03-19 08:28:31] [INFO   ] Registered: org.terraform.structure.mineshaft.ShaftTopPopulator at 7471 37 7034 in a room of size 15x7 
[2026-03-19 08:28:31] [INFO   ] Registered: org.terraform.structure.mineshaft.SmeltingHallPopulator at 7435 37 6901 in a room of size 13x15 
[2026-03-19 08:28:31] [INFO   ] Registered: org.terraform.structure.mineshaft.SmeltingHallPopulator at 7453 37 7030 in a room of size 14x13 
[2026-03-19 08:28:31] [INFO   ] Registered: org.terraform.structure.mineshaft.SmeltingHallPopulator at 7418 37 6945 in a room of size 14x13 
[2026-03-19 08:28:31] [INFO   ] Registered: org.terraform.structure.mineshaft.SmeltingHallPopulator at 7466 37 6953 in a room of size 15x13 
[2026-03-19 08:28:31] [INFO   ] Registered: org.terraform.structure.mineshaft.SmeltingHallPopulator at 7443 37 6961 in a room of size 13x15 
[2026-03-19 08:28:33] [INFO   ] Generating org.terraform.structure.trialchamber.TrialChamberPopulator at chunk: 468,404 
[2026-03-19 08:28:43] [INFO   ] Registered: org.terraform.structure.mineshaft.ShaftRoomPopulator at 8013 0 7031 in a room of size 14x13 
[2026-03-19 08:28:43] [INFO   ] Registered: org.terraform.structure.mineshaft.SmeltingHallPopulator at 7960 0 7025 in a room of size 13x13 
[2026-03-19 08:28:43] [INFO   ] Registered: org.terraform.structure.mineshaft.CaveSpiderDenPopulator at 7989 0 6953 in a room of size 14x14 
[2026-03-19 08:28:43] [INFO   ] Registered: org.terraform.structure.mineshaft.CaveSpiderDenPopulator at 7985 0 6916 in a room of size 13x14 
[2026-03-19 08:28:43] [INFO   ] Registered: org.terraform.structure.mineshaft.ShaftRoomPopulator at 8038 0 7049 in a room of size 15x15 
[2026-03-19 08:28:43] [INFO   ] Registered: org.terraform.structure.mineshaft.SmeltingHallPopulator at 8014 0 6956 in a room of size 15x14 
[2026-03-19 08:28:43] [INFO   ] Registered: org.terraform.structure.mineshaft.CaveSpiderDenPopulator at 7936 0 6952 in a room of size 14x14 
[2026-03-19 08:28:43] [INFO   ] Registered: org.terraform.structure.mineshaft.CaveSpiderDenPopulator at 8049 0 6989 in a room of size 14x15 
[2026-03-19 08:28:43] [INFO   ] Registered: org.terraform.structure.mineshaft.CaveSpiderDenPopulator at 7929 15 6933 in a room of size 13x14 
[2026-03-19 08:28:43] [INFO   ] Registered: org.terraform.structure.mineshaft.SmeltingHallPopulator at 8017 15 7046 in a room of size 13x15 
[2026-03-19 08:28:43] [INFO   ] Registered: org.terraform.structure.mineshaft.SmeltingHallPopulator at 8015 15 6912 in a room of size 15x13 
[2026-03-19 08:28:43] [INFO   ] Registered: org.terraform.structure.mineshaft.SmeltingHallPopulator at 7961 15 7042 in a room of size 15x15 
[2026-03-19 08:28:43] [INFO   ] Registered: org.terraform.structure.mineshaft.SmeltingHallPopulator at 8058 15 6912 in a room of size 15x15 
[2026-03-19 08:28:43] [INFO   ] Registered: org.terraform.structure.mineshaft.ShaftTopPopulator at 8038 15 7049 in a room of size 15x5 
[2026-03-19 08:28:43] [INFO   ] Registered: org.terraform.structure.mineshaft.ShaftTopPopulator at 8013 15 7031 in a room of size 14x7 
[2026-03-19 08:28:43] [INFO   ] Registered: org.terraform.structure.mineshaft.CaveSpiderDenPopulator at 8030 15 7026 in a room of size 13x14 
[2026-03-19 08:28:43] [INFO   ] Registered: org.terraform.structure.mineshaft.CaveSpiderDenPopulator at 8055 15 7028 in a room of size 15x13 
[2026-03-19 08:28:43] [INFO   ] Registered: org.terraform.structure.mineshaft.CaveSpiderDenPopulator at 7974 15 6979 in a room of size 15x14 
[2026-03-19 08:28:43] [INFO   ] Registered: org.terraform.structure.mineshaft.CaveSpiderDenPopulator at 7943 15 6984 in a room of size 13x14 
[2026-03-19 08:28:46] [INFO   ] Generating org.terraform.structure.small.dungeon.SmallDungeonPopulator at chunk: 468,430 
[2026-03-19 08:28:46] [INFO   ] Spawning Underground Dungeon at 7500,29,6890 
[2026-03-19 08:28:54] [INFO   ] Minecart with chest at: 7935, 0, 6951 
[2026-03-19 08:28:57] [INFO   ] Minecart with chest at: 7983, 15, 7041 
[2026-03-19 08:28:58] [INFO   ] Generating org.terraform.structure.mineshaft.MineshaftPopulator at chunk: 500,436 
[2026-03-19 08:28:58] [INFO   ] Minecart with chest at: 8013, 15, 7039 
[2026-03-19 08:28:58] [INFO   ] Minecart with chest at: 8010, 15, 7041 
[2026-03-19 08:28:58] [INFO   ] Minecart with chest at: 8058, 15, 6957 
[2026-03-19 08:28:58] [INFO   ] Minecart with chest at: 8058, 15, 6967 
[2026-03-19 08:28:58] [INFO   ] Minecart with chest at: 8058, 15, 6974 
[2026-03-19 08:29:03] [INFO   ] Registered: org.terraform.structure.catacombs.CatacombsPillarRoomPopulator at 8534 8 6993 in a room of size 10x10 
[2026-03-19 08:29:03] [INFO   ] Registered: org.terraform.structure.catacombs.CatacombsCasketRoomPopulator at 8500 8 6995 in a room of size 8x7 
[2026-03-19 08:29:03] [INFO   ] Registered: org.terraform.structure.catacombs.CatacombsSkeletonDungeonPopulator at 8490 8 6998 in a room of size 10x8 
[2026-03-19 08:29:03] [INFO   ] Registered: org.terraform.structure.catacombs.CatacombsCasketRoomPopulator at 8513 8 6992 in a room of size 9x10 
[2026-03-19 08:29:03] [INFO   ] Registered: org.terraform.structure.catacombs.CatacombsSkeletonDungeonPopulator at 8496 8 6961 in a room of size 7x9 
[2026-03-19 08:29:03] [INFO   ] Registered: org.terraform.structure.catacombs.CatacombsPillarRoomPopulator at 8524 8 6985 in a room of size 8x10 
[2026-03-19 08:29:03] [INFO   ] Registered: org.terraform.structure.catacombs.CatacombsPillarRoomPopulator at 8516 8 6952 in a room of size 8x10 
[2026-03-19 08:29:03] [INFO   ] Registered: org.terraform.structure.catacombs.CatacombsStandardPopulator at 8513 8 6979 in a room of size 8x10 
[2026-03-19 08:29:04] [INFO   ] Registered: org.terraform.structure.catacombs.CatacombsPillarRoomPopulator at 8491 0 7499 in a room of size 8x7 
[2026-03-19 08:29:04] [INFO   ] Registered: org.terraform.structure.catacombs.CatacombsPillarRoomPopulator at 8525 0 7490 in a room of size 8x8 
[2026-03-19 08:29:04] [INFO   ] Registered: org.terraform.structure.catacombs.CatacombsStandardPopulator at 8525 0 7472 in a room of size 10x9 
[2026-03-19 08:29:04] [INFO   ] Registered: org.terraform.structure.catacombs.CatacombsSkeletonDungeonPopulator at 8499 0 7492 in a room of size 9x9 
[2026-03-19 08:29:04] [INFO   ] Registered: org.terraform.structure.catacombs.CatacombsStandardPopulator at 8518 0 7482 in a room of size 9x7 
[2026-03-19 08:29:18] [INFO   ] Generating org.terraform.structure.catacombs.CatacombsPopulator at chunk: 532,468 
[2026-03-19 08:29:21] [INFO   ] Registered: org.terraform.structure.mineshaft.ShaftRoomPopulator at 8513 25 7941 in a room of size 15x15 
[2026-03-19 08:29:21] [INFO   ] Registered: org.terraform.structure.mineshaft.ShaftRoomPopulator at 8466 25 7962 in a room of size 15x14 
[2026-03-19 08:29:21] [INFO   ] Registered: org.terraform.structure.mineshaft.ShaftRoomPopulator at 8457 25 7937 in a room of size 13x15 
[2026-03-19 08:29:21] [INFO   ] Registered: org.terraform.structure.mineshaft.SmeltingHallPopulator at 8475 25 7996 in a room of size 14x15 
[2026-03-19 08:29:21] [INFO   ] Registered: org.terraform.structure.mineshaft.SmeltingHallPopulator at 8443 25 8050 in a room of size 15x15 
[2026-03-19 08:29:21] [INFO   ] Registered: org.terraform.structure.mineshaft.SmeltingHallPopulator at 8457 25 7988 in a room of size 14x13 
[2026-03-19 08:29:21] [INFO   ] Registered: org.terraform.structure.mineshaft.ShaftRoomPopulator at 8492 25 8046 in a room of size 15x14 
[2026-03-19 08:29:21] [INFO   ] Registered: org.terraform.structure.mineshaft.ShaftRoomPopulator at 8444 25 7934 in a room of size 14x13 
[2026-03-19 08:29:21] [INFO   ] Registered: org.terraform.structure.mineshaft.ShaftTopPopulator at 8466 40 7962 in a room of size 15x5 
[2026-03-19 08:29:21] [INFO   ] Registered: org.terraform.structure.mineshaft.SmeltingHallPopulator at 8571 40 7951 in a room of size 14x15 
[2026-03-19 08:29:21] [INFO   ] Registered: org.terraform.structure.mineshaft.ShaftTopPopulator at 8457 40 7937 in a room of size 13x7 
[2026-03-19 08:29:21] [INFO   ] Registered: org.terraform.structure.mineshaft.SmeltingHallPopulator at 8520 40 8055 in a room of size 13x15 
[2026-03-19 08:29:21] [INFO   ] Registered: org.terraform.structure.mineshaft.SmeltingHallPopulator at 8520 40 7976 in a room of size 13x15 
[2026-03-19 08:29:21] [INFO   ] Registered: org.terraform.structure.mineshaft.ShaftTopPopulator at 8444 40 7934 in a room of size 14x6 
[2026-03-19 08:29:21] [INFO   ] Registered: org.terraform.structure.mineshaft.SmeltingHallPopulator at 8582 40 7999 in a room of size 15x15 
[2026-03-19 08:29:21] [INFO   ] Registered: org.terraform.structure.mineshaft.CaveSpiderDenPopulator at 8529 40 7933 in a room of size 14x14 
[2026-03-19 08:29:21] [INFO   ] Registered: org.terraform.structure.mineshaft.CaveSpiderDenPopulator at 8437 40 8058 in a room of size 15x14 
[2026-03-19 08:29:21] [INFO   ] Registered: org.terraform.structure.mineshaft.SmeltingHallPopulator at 8454 40 8074 in a room of size 13x15 
[2026-03-19 08:29:21] [INFO   ] Registered: org.terraform.structure.mineshaft.CaveSpiderDenPopulator at 8554 40 7997 in a room of size 14x14 
[2026-03-19 08:29:21] [INFO   ] Registered: org.terraform.structure.mineshaft.ShaftTopPopulator at 8492 40 8046 in a room of size 15x6 
[2026-03-19 08:29:21] [INFO   ] Registered: org.terraform.structure.mineshaft.ShaftTopPopulator at 8513 40 7941 in a room of size 15x5 
[2026-03-19 08:29:32] [INFO   ] Generating org.terraform.structure.small.shipwreck.ShipwreckPopulator at chunk: 551,486 
[2026-03-19 08:29:32] [INFO   ] Spawning shipwreck at 8822, 42, 7788 with rotation of NORTH 
[2026-03-19 08:29:33] [INFO   ] Generating org.terraform.structure.small.dungeon.SmallDungeonPopulator at chunk: 554,473 
[2026-03-19 08:29:33] [INFO   ] Spawning Underground Dungeon at 8869,36,7581 
[2026-03-19 08:29:36] [INFO   ] 564,500 will spawn a vanilla structure, with tryGenerateStructure == true 
[2026-03-19 08:29:37] [INFO   ] Generating org.terraform.structure.small.ruinedportal.RuinedPortalPopulator at chunk: 554,494 
[2026-03-19 08:29:40] [INFO   ] Generating org.terraform.structure.small.dungeon.SmallDungeonPopulator at chunk: 565,490 
[2026-03-19 08:29:40] [INFO   ] Spawning Underground Dungeon at 9047,41,7850 
[2026-03-19 08:29:40] [INFO   ] Generating org.terraform.structure.small.dungeon.SmallDungeonPopulator at chunk: 566,488 
[2026-03-19 08:29:40] [INFO   ] Spawning Underground Dungeon at 9067,34,7812 
[2026-03-19 08:29:43] [INFO   ] Generating org.terraform.structure.small.dungeon.SmallDungeonPopulator at chunk: 566,499 
[2026-03-19 08:29:43] [INFO   ] Spawning Underground Dungeon at 9058,38,7996 
[2026-03-19 08:29:44] [INFO   ] Generating org.terraform.structure.trialchamber.TrialChamberPopulator at chunk: 564,500 
[2026-03-19 08:29:48] [INFO   ] Registered: org.terraform.structure.mineshaft.CaveSpiderDenPopulator at 9598 12 7991 in a room of size 15x13 
[2026-03-19 08:29:48] [INFO   ] Registered: org.terraform.structure.mineshaft.CaveSpiderDenPopulator at 9588 12 7965 in a room of size 13x14 
[2026-03-19 08:29:48] [INFO   ] Registered: org.terraform.structure.mineshaft.SmeltingHallPopulator at 9571 12 7946 in a room of size 14x14 
[2026-03-19 08:29:48] [INFO   ] Registered: org.terraform.structure.mineshaft.SmeltingHallPopulator at 9531 12 7943 in a room of size 15x13 
[2026-03-19 08:29:48] [INFO   ] Registered: org.terraform.structure.mineshaft.SmeltingHallPopulator at 9510 12 8044 in a room of size 15x13 
[2026-03-19 08:29:48] [INFO   ] Registered: org.terraform.structure.mineshaft.SmeltingHallPopulator at 9592 12 8005 in a room of size 13x15 
[2026-03-19 08:29:48] [INFO   ] Registered: org.terraform.structure.mineshaft.CaveSpiderDenPopulator at 9511 12 7966 in a room of size 14x14 
[2026-03-19 08:29:48] [INFO   ] Registered: org.terraform.structure.mineshaft.SmeltingHallPopulator at 9506 12 8029 in a room of size 13x13 
[2026-03-19 08:29:48] [INFO   ] Registered: org.terraform.structure.mineshaft.CaveSpiderDenPopulator at 9487 12 7931 in a room of size 13x13 
[2026-03-19 08:29:50] [INFO   ] Large Cave at 9024,13,8512 has water level > -29 with populator MushroomCavePopulator 
[2026-03-19 08:30:04] [INFO   ] 596,532 will spawn a vanilla structure, with tryGenerateStructure == true 
[2026-03-19 08:30:12] [INFO   ] Generating org.terraform.structure.small.dungeon.SmallDungeonPopulator at chunk: 594,534 
[2026-03-19 08:30:12] [INFO   ] Spawning Underground Dungeon at 9515,14,8558 
[2026-03-19 08:30:13] [INFO   ] Generating org.terraform.structure.trialchamber.TrialChamberPopulator at chunk: 596,532 
[2026-03-19 08:30:19] [INFO   ] Large Cave at 9536,18,9024 has water level > -26 with populator GenericLargeCavePopulator 
[2026-03-19 08:30:21] [INFO   ] Spawning ancient city at: 10048,-10,9024 
[2026-03-19 08:30:21] [INFO   ] Registered: org.terraform.structure.ancientcity.AncientCityAltarPopulator at 9997 -10 9067 in a room of size 24x25 
[2026-03-19 08:30:21] [INFO   ] Registered: org.terraform.structure.ancientcity.AncientCitySchematicPlatform at 10085 -10 8985 in a room of size 24x18 
[2026-03-19 08:30:21] [INFO   ] Registered: org.terraform.structure.ancientcity.AncientCityAltarPopulator at 10016 -10 8980 in a room of size 19x16 
[2026-03-19 08:30:21] [INFO   ] Registered: org.terraform.structure.ancientcity.AncientCitySchematicPlatform at 10026 -10 9000 in a room of size 26x18 
[2026-03-19 08:30:21] [INFO   ] Registered: org.terraform.structure.ancientcity.AncientCitySchematicPlatform at 10073 -10 9083 in a room of size 16x18 
[2026-03-19 08:30:21] [INFO   ] Registered: org.terraform.structure.ancientcity.AncientCityRuinsPlatform at 9995 -10 9033 in a room of size 17x20 
[2026-03-19 08:30:21] [INFO   ] Registered: org.terraform.structure.ancientcity.AncientCityAltarPopulator at 10041 -10 9079 in a room of size 19x20 
[2026-03-19 08:30:21] [INFO   ] Registered: org.terraform.structure.ancientcity.AncientCityCenterPlatformPopulator at 10056 -10 9032 in a room of size 46x46 
[2026-03-19 08:30:21] [INFO   ] Registered: org.terraform.structure.ancientcity.AncientCityAltarPopulator at 9997 -10 8969 in a room of size 19x26 
[2026-03-19 08:30:21] [INFO   ] Registered: org.terraform.structure.ancientcity.AncientCityAltarPopulator at 10103 -10 9057 in a room of size 21x25 
[2026-03-19 08:30:21] [INFO   ] Registered: org.terraform.structure.ancientcity.AncientCitySchematicPlatform at 10101 -10 9005 in a room of size 18x22 
[2026-03-19 08:30:21] [INFO   ] Registered: org.terraform.structure.ancientcity.AncientCityRuinsPlatform at 10023 -10 9061 in a room of size 18x20 
[2026-03-19 08:30:21] [INFO   ] Registered: org.terraform.structure.ancientcity.AncientCityAltarPopulator at 10017 -10 9023 in a room of size 26x19 
[2026-03-19 08:30:21] [INFO   ] Registered: org.terraform.structure.ancientcity.AncientCityRuinsPlatform at 10098 -10 9082 in a room of size 17x19 
[2026-03-19 08:30:21] [INFO   ] Registered: org.terraform.structure.ancientcity.AncientCityAltarPopulator at 9991 -10 9005 in a room of size 25x24 
[2026-03-19 08:30:21] [INFO   ] Registered: org.terraform.structure.ancientcity.AncientCityLargePillarRoomPopulator at 10058 -10 8977 in a room of size 16x16 
[2026-03-19 08:30:22] [INFO   ] 628,532 will spawn a vanilla structure, with tryGenerateStructure == true 
[2026-03-19 08:30:23] [INFO   ] Generating org.terraform.structure.small.ruinedportal.RuinedPortalPopulator at chunk: 619,539 
[2026-03-19 08:30:28] [INFO   ] [NativeGeneratorPatcher] Flushing repairs (101 chunks), pushed by cache size 
[2026-03-19 08:30:30] [INFO   ] Large Cave at 1344,5,2368 has water level > -23 with populator MushroomCavePopulator 
[2026-03-19 08:30:33] [INFO   ] Registered: org.terraform.structure.mineshaft.ShaftRoomPopulator at 7513 5 6920 in a room of size 14x14 
[2026-03-19 08:30:33] [INFO   ] Registered: org.terraform.structure.mineshaft.ShaftRoomPopulator at 7477 5 7018 in a room of size 13x14 
[2026-03-19 08:30:33] [INFO   ] Registered: org.terraform.structure.mineshaft.ShaftRoomPopulator at 7537 5 7044 in a room of size 14x14 
[2026-03-19 08:30:33] [INFO   ] Registered: org.terraform.structure.mineshaft.SmeltingHallPopulator at 7535 5 7009 in a room of size 13x14 
[2026-03-19 08:30:33] [INFO   ] Registered: org.terraform.structure.mineshaft.SmeltingHallPopulator at 7437 5 6905 in a room of size 13x15 
[2026-03-19 08:30:33] [INFO   ] Registered: org.terraform.structure.mineshaft.ShaftRoomPopulator at 7471 5 7034 in a room of size 15x15 
[2026-03-19 08:30:33] [INFO   ] Registered: org.terraform.structure.mineshaft.CaveSpiderDenPopulator at 7480 5 6976 in a room of size 13x13 
[2026-03-19 08:30:33] [INFO   ] Registered: org.terraform.structure.mineshaft.ShaftRoomPopulator at 7497 5 6954 in a room of size 14x15 
[2026-03-19 08:30:33] [INFO   ] Registered: org.terraform.structure.mineshaft.ShaftRoomPopulator at 7458 5 6982 in a room of size 13x14 
[2026-03-19 08:30:33] [INFO   ] Registered: org.terraform.structure.mineshaft.ShaftRoomPopulator at 7553 5 6955 in a room of size 15x13 
[2026-03-19 08:30:33] [INFO   ] Registered: org.terraform.structure.mineshaft.ShaftTopPopulator at 7477 20 7018 in a room of size 13x6 
[2026-03-19 08:30:33] [INFO   ] Registered: org.terraform.structure.mineshaft.SmeltingHallPopulator at 7435 20 6901 in a room of size 13x15 
[2026-03-19 08:30:33] [INFO   ] Registered: org.terraform.structure.mineshaft.ShaftTopPopulator at 7458 20 6982 in a room of size 13x6 
[2026-03-19 08:30:33] [INFO   ] Registered: org.terraform.structure.mineshaft.ShaftTopPopulator at 7537 20 7044 in a room of size 14x7 
[2026-03-19 08:30:33] [INFO   ] Registered: org.terraform.structure.mineshaft.SmeltingHallPopulator at 7563 20 6992 in a room of size 13x13 
[2026-03-19 08:30:33] [INFO   ] Registered: org.terraform.structure.mineshaft.ShaftTopPopulator at 7497 20 6954 in a room of size 14x5 
[2026-03-19 08:30:33] [INFO   ] Registered: org.terraform.structure.mineshaft.SmeltingHallPopulator at 7532 20 6941 in a room of size 15x14 
[2026-03-19 08:30:33] [INFO   ] Registered: org.terraform.structure.mineshaft.ShaftTopPopulator at 7513 20 6920 in a room of size 14x6 
[2026-03-19 08:30:33] [INFO   ] Registered: org.terraform.structure.mineshaft.SmeltingHallPopulator at 7453 20 7030 in a room of size 14x13 
[2026-03-19 08:30:33] [INFO   ] Registered: org.terraform.structure.mineshaft.CaveSpiderDenPopulator at 7480 20 6975 in a room of size 14x13 
[2026-03-19 08:30:33] [INFO   ] Registered: org.terraform.structure.mineshaft.ShaftTopPopulator at 7471 20 7034 in a room of size 15x7 
[2026-03-19 08:30:33] [INFO   ] Registered: org.terraform.structure.mineshaft.CaveSpiderDenPopulator at 7530 20 7016 in a room of size 13x15 
[2026-03-19 08:30:33] [INFO   ] Registered: org.terraform.structure.mineshaft.SmeltingHallPopulator at 7466 20 6953 in a room of size 15x13 
[2026-03-19 08:30:33] [INFO   ] Registered: org.terraform.structure.mineshaft.ShaftTopPopulator at 7553 20 6955 in a room of size 15x5 
[2026-03-19 08:30:33] [INFO   ] Registered: org.terraform.structure.mineshaft.CaveSpiderDenPopulator at 7443 20 6961 in a room of size 13x15 
[2026-03-19 08:30:33] [INFO   ] Registered: org.terraform.structure.mineshaft.SmeltingHallPopulator at 7418 20 6945 in a room of size 14x13 
[2026-03-19 08:30:33] [INFO   ] Registered: org.terraform.structure.mineshaft.ShaftRoomPopulator at 6968 13 6437 in a room of size 15x13 
[2026-03-19 08:30:33] [INFO   ] Registered: org.terraform.structure.mineshaft.ShaftRoomPopulator at 6994 13 6463 in a room of size 14x13 
[2026-03-19 08:30:33] [INFO   ] Registered: org.terraform.structure.mineshaft.ShaftRoomPopulator at 7031 13 6467 in a room of size 13x14 
[2026-03-19 08:30:33] [INFO   ] Registered: org.terraform.structure.mineshaft.SmeltingHallPopulator at 6983 13 6521 in a room of size 13x15 
[2026-03-19 08:30:33] [INFO   ] Registered: org.terraform.structure.mineshaft.SmeltingHallPopulator at 6950 13 6435 in a room of size 14x15 
[2026-03-19 08:30:33] [INFO   ] Registered: org.terraform.structure.mineshaft.ShaftRoomPopulator at 6952 13 6470 in a room of size 15x14 
[2026-03-19 08:30:33] [INFO   ] Registered: org.terraform.structure.mineshaft.CaveSpiderDenPopulator at 7043 13 6446 in a room of size 15x15 
[2026-03-19 08:30:33] [INFO   ] Registered: org.terraform.structure.mineshaft.SmeltingHallPopulator at 6919 13 6451 in a room of size 13x15 
[2026-03-19 08:30:33] [INFO   ] Registered: org.terraform.structure.mineshaft.ShaftRoomPopulator at 7051 13 6536 in a room of size 13x13 
[2026-03-19 08:30:33] [INFO   ] Registered: org.terraform.structure.mineshaft.ShaftRoomPopulator at 7034 13 6408 in a room of size 14x14 
[2026-03-19 08:30:33] [INFO   ] Registered: org.terraform.structure.mineshaft.CaveSpiderDenPopulator at 6909 28 6434 in a room of size 13x13 
[2026-03-19 08:30:33] [INFO   ] Registered: org.terraform.structure.mineshaft.CaveSpiderDenPopulator at 6933 28 6469 in a room of size 13x15 
[2026-03-19 08:30:33] [INFO   ] Registered: org.terraform.structure.mineshaft.ShaftTopPopulator at 6994 28 6463 in a room of size 14x7 
[2026-03-19 08:30:33] [INFO   ] Registered: org.terraform.structure.mineshaft.ShaftTopPopulator at 6952 28 6470 in a room of size 15x6 
[2026-03-19 08:30:33] [INFO   ] Registered: org.terraform.structure.mineshaft.CaveSpiderDenPopulator at 6945 28 6528 in a room of size 14x15 
[2026-03-19 08:30:33] [INFO   ] Registered: org.terraform.structure.mineshaft.SmeltingHallPopulator at 6912 28 6412 in a room of size 15x15 
[2026-03-19 08:30:33] [INFO   ] Registered: org.terraform.structure.mineshaft.ShaftTopPopulator at 7051 28 6536 in a room of size 13x5 
[2026-03-19 08:30:33] [INFO   ] Registered: org.terraform.structure.mineshaft.ShaftTopPopulator at 7034 28 6408 in a room of size 14x5 
[2026-03-19 08:30:33] [INFO   ] Registered: org.terraform.structure.mineshaft.CaveSpiderDenPopulator at 6945 28 6496 in a room of size 15x15 
[2026-03-19 08:30:33] [INFO   ] Registered: org.terraform.structure.mineshaft.CaveSpiderDenPopulator at 6931 28 6499 in a room of size 14x14 
[2026-03-19 08:30:33] [INFO   ] Registered: org.terraform.structure.mineshaft.SmeltingHallPopulator at 6940 28 6393 in a room of size 13x14 
[2026-03-19 08:30:33] [INFO   ] Registered: org.terraform.structure.mineshaft.SmeltingHallPopulator at 6910 28 6451 in a room of size 15x14 
[2026-03-19 08:30:33] [INFO   ] Registered: org.terraform.structure.mineshaft.ShaftTopPopulator at 7031 28 6467 in a room of size 13x5 
[2026-03-19 08:30:33] [INFO   ] Registered: org.terraform.structure.mineshaft.CaveSpiderDenPopulator at 7025 28 6511 in a room of size 13x13 
[2026-03-19 08:30:33] [INFO   ] Registered: org.terraform.structure.mineshaft.ShaftTopPopulator at 6968 28 6437 in a room of size 15x6 
[2026-03-19 08:30:33] [INFO   ] Registered: org.terraform.structure.mineshaft.SmeltingHallPopulator at 7004 28 6393 in a room of size 13x13 
[2026-03-19 08:30:34] [INFO   ] Large Cave at 4928,20,4416 has water level > -22 with populator GenericLargeCavePopulator 
[2026-03-19 08:30:35] [INFO   ] Large Cave at 4928,43,4928 has water level > -27 with populator GenericLargeCavePopulator 
[2026-03-19 08:30:37] [INFO   ] Minecart with chest at: 7483, 20, 6918 
[2026-03-19 08:30:38] [INFO   ] Registered: org.terraform.structure.catacombs.CatacombsPillarRoomPopulator at 8515 30 7487 in a room of size 8x7 
[2026-03-19 08:30:38] [INFO   ] Registered: org.terraform.structure.catacombs.CatacombsStandardPopulator at 8533 30 7483 in a room of size 10x8 
[2026-03-19 08:30:38] [INFO   ] Registered: org.terraform.structure.catacombs.CatacombsStandardPopulator at 8522 30 7509 in a room of size 8x7 
[2026-03-19 08:30:38] [INFO   ] Registered: org.terraform.structure.catacombs.CatacombsStandardPopulator at 8521 30 7469 in a room of size 7x9 
[2026-03-19 08:30:38] [INFO   ] Registered: org.terraform.structure.catacombs.CatacombsCasketRoomPopulator at 8498 30 7495 in a room of size 7x8 
[2026-03-19 08:30:38] [INFO   ] Registered: org.terraform.structure.catacombs.CatacombsStandardPopulator at 8507 30 7500 in a room of size 10x8 
[2026-03-19 08:30:38] [INFO   ] Registered: org.terraform.structure.catacombs.CatacombsSkeletonDungeonPopulator at 8530 30 7493 in a room of size 10x10 
[2026-03-19 08:30:38] [INFO   ] Registered: org.terraform.structure.catacombs.CatacombsSkeletonDungeonPopulator at 8496 30 7470 in a room of size 10x7 
[2026-03-19 08:30:41] [INFO   ] Registered: org.terraform.structure.mineshaft.ShaftRoomPopulator at 1315 25 1884 in a room of size 14x13 
[2026-03-19 08:30:41] [INFO   ] Registered: org.terraform.structure.mineshaft.SmeltingHallPopulator at 1404 25 1931 in a room of size 15x13 
[2026-03-19 08:30:41] [INFO   ] Registered: org.terraform.structure.mineshaft.SmeltingHallPopulator at 1335 25 1801 in a room of size 14x15 
[2026-03-19 08:30:41] [INFO   ] Registered: org.terraform.structure.mineshaft.ShaftRoomPopulator at 1355 25 1818 in a room of size 14x13 
[2026-03-19 08:30:41] [INFO   ] Registered: org.terraform.structure.mineshaft.ShaftRoomPopulator at 1401 25 1811 in a room of size 13x14 
[2026-03-19 08:30:41] [INFO   ] Registered: org.terraform.structure.mineshaft.SmeltingHallPopulator at 1314 25 1911 in a room of size 14x15 
[2026-03-19 08:30:41] [INFO   ] Registered: org.terraform.structure.mineshaft.SmeltingHallPopulator at 1290 25 1793 in a room of size 13x15 
[2026-03-19 08:30:41] [INFO   ] Registered: org.terraform.structure.mineshaft.SmeltingHallPopulator at 1408 25 1915 in a room of size 14x14 
[2026-03-19 08:30:41] [INFO   ] Registered: org.terraform.structure.mineshaft.CaveSpiderDenPopulator at 1376 25 1794 in a room of size 14x15 
[2026-03-19 08:30:41] [INFO   ] Registered: org.terraform.structure.mineshaft.SmeltingHallPopulator at 1366 25 1911 in a room of size 13x15 
[2026-03-19 08:30:41] [INFO   ] Registered: org.terraform.structure.mineshaft.SmeltingHallPopulator at 1310 40 1796 in a room of size 13x13 
[2026-03-19 08:30:41] [INFO   ] Registered: org.terraform.structure.mineshaft.SmeltingHallPopulator at 1367 40 1869 in a room of size 15x15 
[2026-03-19 08:30:41] [INFO   ] Registered: org.terraform.structure.mineshaft.ShaftTopPopulator at 1315 40 1884 in a room of size 14x5 
[2026-03-19 08:30:41] [INFO   ] Registered: org.terraform.structure.mineshaft.CaveSpiderDenPopulator at 1332 40 1896 in a room of size 14x14 
[2026-03-19 08:30:41] [INFO   ] Registered: org.terraform.structure.mineshaft.ShaftTopPopulator at 1355 40 1818 in a room of size 14x5 
[2026-03-19 08:30:41] [INFO   ] Registered: org.terraform.structure.mineshaft.SmeltingHallPopulator at 1323 40 1829 in a room of size 13x13 
[2026-03-19 08:30:41] [INFO   ] Registered: org.terraform.structure.mineshaft.SmeltingHallPopulator at 1403 40 1877 in a room of size 15x14 
[2026-03-19 08:30:41] [INFO   ] Registered: org.terraform.structure.mineshaft.CaveSpiderDenPopulator at 1372 40 1896 in a room of size 15x13 
[2026-03-19 08:30:41] [INFO   ] Registered: org.terraform.structure.mineshaft.ShaftTopPopulator at 1401 40 1811 in a room of size 13x5 
[2026-03-19 08:30:41] [INFO   ] Registered: org.terraform.structure.mineshaft.CaveSpiderDenPopulator at 1297 40 1931 in a room of size 14x14 
[2026-03-19 08:30:41] [INFO   ] Registered: org.terraform.structure.mineshaft.SmeltingHallPopulator at 1417 40 1876 in a room of size 14x14 
[2026-03-19 08:30:42] [INFO   ] Registered: org.terraform.structure.mineshaft.BrokenShaftPopulator at 2880 47 3904 in a room of size 15x15 
[2026-03-19 08:30:42] [INFO   ] Registered: org.terraform.structure.mineshaft.SmeltingHallPopulator at 2847 47 3893 in a room of size 15x15 
[2026-03-19 08:30:42] [INFO   ] Registered: org.terraform.structure.mineshaft.SmeltingHallPopulator at 2902 47 3974 in a room of size 14x15 
[2026-03-19 08:30:42] [INFO   ] Registered: org.terraform.structure.mineshaft.CaveSpiderDenPopulator at 2852 47 3977 in a room of size 13x14 
[2026-03-19 08:30:42] [INFO   ] Registered: org.terraform.structure.mineshaft.CaveSpiderDenPopulator at 2861 47 3865 in a room of size 14x14 
[2026-03-19 08:30:42] [INFO   ] Registered: org.terraform.structure.mineshaft.CaveSpiderDenPopulator at 2896 47 3900 in a room of size 15x15 
[2026-03-19 08:30:42] [INFO   ] Registered: org.terraform.structure.mineshaft.CaveSpiderDenPopulator at 2915 47 3957 in a room of size 14x14 
[2026-03-19 08:30:42] [INFO   ] Registered: org.terraform.structure.mineshaft.SmeltingHallPopulator at 2819 47 3837 in a room of size 15x14 
[2026-03-19 08:30:42] [INFO   ] Registered: org.terraform.structure.mineshaft.SmeltingHallPopulator at 2942 47 3911 in a room of size 15x14 
[2026-03-19 08:30:42] [INFO   ] Registered: org.terraform.structure.mineshaft.SmeltingHallPopulator at 2881 47 3943 in a room of size 14x14 
[2026-03-19 08:30:48] [INFO   ] Large Cave at 3904,21,4416 has water level > -6 with populator MushroomCavePopulator 
[2026-03-19 08:30:56] [INFO   ] Registered: org.terraform.structure.mineshaft.ShaftRoomPopulator at 7936 -8 6952 in a room of size 14x14 
[2026-03-19 08:30:56] [INFO   ] Registered: org.terraform.structure.mineshaft.ShaftRoomPopulator at 8049 -8 6989 in a room of size 14x15 
[2026-03-19 08:30:56] [INFO   ] Registered: org.terraform.structure.mineshaft.ShaftRoomPopulator at 8013 -8 7031 in a room of size 14x13 
[2026-03-19 08:30:56] [INFO   ] Registered: org.terraform.structure.mineshaft.SmeltingHallPopulator at 7989 -8 6953 in a room of size 14x14 
[2026-03-19 08:30:56] [INFO   ] Registered: org.terraform.structure.mineshaft.SmeltingHallPopulator at 8014 -8 6956 in a room of size 15x14 
[2026-03-19 08:30:56] [INFO   ] Registered: org.terraform.structure.mineshaft.SmeltingHallPopulator at 7985 -8 6916 in a room of size 13x14 
[2026-03-19 08:30:56] [INFO   ] Registered: org.terraform.structure.mineshaft.ShaftRoomPopulator at 7960 -8 7025 in a room of size 13x13 
[2026-03-19 08:30:56] [INFO   ] Registered: org.terraform.structure.mineshaft.SmeltingHallPopulator at 8038 -8 7049 in a room of size 15x15 
[2026-03-19 08:30:56] [INFO   ] Registered: org.terraform.structure.mineshaft.ShaftTopPopulator at 7960 7 7025 in a room of size 13x5 
[2026-03-19 08:30:56] [INFO   ] Registered: org.terraform.structure.mineshaft.CaveSpiderDenPopulator at 8030 7 7026 in a room of size 13x14 
[2026-03-19 08:30:56] [INFO   ] Registered: org.terraform.structure.mineshaft.ShaftTopPopulator at 7936 7 6952 in a room of size 14x6 
[2026-03-19 08:30:56] [INFO   ] Registered: org.terraform.structure.mineshaft.CaveSpiderDenPopulator at 7974 7 6979 in a room of size 15x14 
[2026-03-19 08:30:56] [INFO   ] Registered: org.terraform.structure.mineshaft.ShaftTopPopulator at 8049 7 6989 in a room of size 14x5 
[2026-03-19 08:30:56] [INFO   ] Registered: org.terraform.structure.mineshaft.CaveSpiderDenPopulator at 7943 7 6984 in a room of size 13x14 
[2026-03-19 08:30:56] [INFO   ] Registered: org.terraform.structure.mineshaft.CaveSpiderDenPopulator at 7929 7 6933 in a room of size 13x14 
[2026-03-19 08:30:56] [INFO   ] Registered: org.terraform.structure.mineshaft.CaveSpiderDenPopulator at 7961 7 7042 in a room of size 15x15 
[2026-03-19 08:30:56] [INFO   ] Registered: org.terraform.structure.mineshaft.ShaftTopPopulator at 8013 7 7031 in a room of size 14x7 
[2026-03-19 08:30:56] [INFO   ] Registered: org.terraform.structure.mineshaft.SmeltingHallPopulator at 8017 7 7046 in a room of size 13x15 
[2026-03-19 08:30:56] [INFO   ] Registered: org.terraform.structure.mineshaft.CaveSpiderDenPopulator at 8015 7 6912 in a room of size 15x13 
[2026-03-19 08:30:56] [INFO   ] Registered: org.terraform.structure.mineshaft.SmeltingHallPopulator at 8058 7 6912 in a room of size 15x15 
[2026-03-19 08:30:56] [INFO   ] Registered: org.terraform.structure.mineshaft.CaveSpiderDenPopulator at 8055 7 7028 in a room of size 15x13 
[2026-03-19 08:30:56] [INFO   ] Minecart with chest at: 7494, 5, 6954 
[2026-03-19 08:30:57] [INFO   ] Registered: org.terraform.structure.mineshaft.ShaftRoomPopulator at 1335 15 1801 in a room of size 14x15 
[2026-03-19 08:30:57] [INFO   ] Registered: org.terraform.structure.mineshaft.ShaftRoomPopulator at 1355 15 1818 in a room of size 14x13 
[2026-03-19 08:30:57] [INFO   ] Registered: org.terraform.structure.mineshaft.SmeltingHallPopulator at 1315 15 1884 in a room of size 14x13 
[2026-03-19 08:30:57] [INFO   ] Registered: org.terraform.structure.mineshaft.CaveSpiderDenPopulator at 1376 15 1794 in a room of size 14x15 
[2026-03-19 08:30:57] [INFO   ] Registered: org.terraform.structure.mineshaft.ShaftRoomPopulator at 1404 15 1931 in a room of size 15x13 
[2026-03-19 08:30:57] [INFO   ] Registered: org.terraform.structure.mineshaft.CaveSpiderDenPopulator at 1314 15 1911 in a room of size 14x15 
[2026-03-19 08:30:57] [INFO   ] Registered: org.terraform.structure.mineshaft.CaveSpiderDenPopulator at 1290 15 1793 in a room of size 13x15 
[2026-03-19 08:30:57] [INFO   ] Registered: org.terraform.structure.mineshaft.CaveSpiderDenPopulator at 1408 15 1915 in a room of size 14x14 
[2026-03-19 08:30:57] [INFO   ] Registered: org.terraform.structure.mineshaft.SmeltingHallPopulator at 1401 15 1811 in a room of size 13x14 
[2026-03-19 08:30:57] [INFO   ] Registered: org.terraform.structure.mineshaft.SmeltingHallPopulator at 1366 15 1911 in a room of size 13x15 
[2026-03-19 08:30:57] [INFO   ] Registered: org.terraform.structure.mineshaft.ShaftTopPopulator at 1335 30 1801 in a room of size 14x5 
[2026-03-19 08:30:57] [INFO   ] Registered: org.terraform.structure.mineshaft.SmeltingHallPopulator at 1310 30 1796 in a room of size 13x13 
[2026-03-19 08:30:57] [INFO   ] Registered: org.terraform.structure.mineshaft.SmeltingHallPopulator at 1297 30 1931 in a room of size 14x14 
[2026-03-19 08:30:57] [INFO   ] Registered: org.terraform.structure.mineshaft.CaveSpiderDenPopulator at 1372 30 1896 in a room of size 15x13 
[2026-03-19 08:30:57] [INFO   ] Registered: org.terraform.structure.mineshaft.CaveSpiderDenPopulator at 1367 30 1869 in a room of size 15x15 
[2026-03-19 08:30:57] [INFO   ] Registered: org.terraform.structure.mineshaft.ShaftTopPopulator at 1355 30 1818 in a room of size 14x5 
[2026-03-19 08:30:57] [INFO   ] Registered: org.terraform.structure.mineshaft.ShaftTopPopulator at 1404 30 1931 in a room of size 15x7 
[2026-03-19 08:30:57] [INFO   ] Registered: org.terraform.structure.mineshaft.CaveSpiderDenPopulator at 1332 30 1896 in a room of size 14x14 
[2026-03-19 08:30:57] [INFO   ] Registered: org.terraform.structure.mineshaft.SmeltingHallPopulator at 1403 30 1877 in a room of size 15x14 
[2026-03-19 08:30:57] [INFO   ] Registered: org.terraform.structure.mineshaft.SmeltingHallPopulator at 1417 30 1876 in a room of size 14x14 
[2026-03-19 08:30:57] [INFO   ] Registered: org.terraform.structure.mineshaft.SmeltingHallPopulator at 1323 30 1829 in a room of size 13x13 
[2026-03-19 08:30:58] [INFO   ] Registered: org.terraform.structure.mineshaft.SmeltingHallPopulator at 2902 47 3974 in a room of size 14x15 
[2026-03-19 08:30:58] [INFO   ] Registered: org.terraform.structure.mineshaft.CaveSpiderDenPopulator at 2896 47 3900 in a room of size 15x15 
[2026-03-19 08:30:58] [INFO   ] Registered: org.terraform.structure.mineshaft.CaveSpiderDenPopulator at 2915 47 3957 in a room of size 14x14 
[2026-03-19 08:30:58] [INFO   ] Registered: org.terraform.structure.mineshaft.SmeltingHallPopulator at 2819 47 3837 in a room of size 15x14 
[2026-03-19 08:30:58] [INFO   ] Registered: org.terraform.structure.mineshaft.SmeltingHallPopulator at 2942 47 3911 in a room of size 15x14 
[2026-03-19 08:30:58] [INFO   ] Registered: org.terraform.structure.mineshaft.SmeltingHallPopulator at 2881 47 3943 in a room of size 14x14 
[2026-03-19 08:30:58] [INFO   ] Registered: org.terraform.structure.mineshaft.SmeltingHallPopulator at 2847 47 3893 in a room of size 15x15 
[2026-03-19 08:30:58] [INFO   ] Registered: org.terraform.structure.mineshaft.CaveSpiderDenPopulator at 2861 47 3865 in a room of size 14x14 
[2026-03-19 08:30:58] [INFO   ] Registered: org.terraform.structure.mineshaft.BrokenShaftPopulator at 2880 47 3904 in a room of size 15x15 
[2026-03-19 08:30:58] [INFO   ] Registered: org.terraform.structure.mineshaft.CaveSpiderDenPopulator at 2852 47 3977 in a room of size 13x14 
[2026-03-19 08:30:58] [INFO   ] Generating org.terraform.structure.small.dungeon.SmallDungeonPopulator at chunk: 152,200 
[2026-03-19 08:30:58] [INFO   ] Spawning Underground Dungeon at 2446,90,3207 
[2026-03-19 08:31:05] [INFO   ] Large Cave at 9536,18,9024 has water level > -26 with populator GenericLargeCavePopulator 
[2026-03-19 08:31:26] [INFO   ] Generating org.terraform.structure.trialchamber.TrialChamberPopulator at chunk: 628,532 
[2026-03-19 08:31:53] [INFO   ] Generating org.terraform.structure.small.dungeon.SmallDungeonPopulator at chunk: 655,523 
[2026-03-19 08:31:53] [INFO   ] Spawning Underground Dungeon at 10491,28,8369 
[2026-03-19 08:31:58] [INFO   ] Generating org.terraform.structure.warmoceanruins.WarmOceanRuinsPopulator at chunk: 660,532 
[2026-03-19 08:31:58] [INFO   ] Registered: org.terraform.structure.warmoceanruins.WarmOceanAltarRoom at 10528 23 8498 in a room of size 15x14 
[2026-03-19 08:31:58] [INFO   ] Registered: org.terraform.structure.warmoceanruins.WarmOceanDomeHutRoom at 10542 23 8477 in a room of size 10x11 
[2026-03-19 08:31:58] [INFO   ] Registered: org.terraform.structure.warmoceanruins.WarmOceanDomeHutRoom at 10561 23 8529 in a room of size 12x11 
[2026-03-19 08:31:58] [INFO   ] Registered: org.terraform.structure.warmoceanruins.WarmOceanWellRoom at 10555 23 8475 in a room of size 15x10 
[2026-03-19 08:31:58] [INFO   ] Registered: org.terraform.structure.warmoceanruins.WarmOceanDomeHutRoom at 10579 23 8493 in a room of size 15x13 
[2026-03-19 08:31:58] [INFO   ] Registered: org.terraform.structure.warmoceanruins.WarmOceanAltarRoom at 10548 23 8520 in a room of size 11x11 
[2026-03-19 08:31:58] [INFO   ] Registered: org.terraform.structure.warmoceanruins.WarmOceanDomeHutRoom at 10529 23 8486 in a room of size 14x10 
[2026-03-19 08:31:58] [INFO   ] Registered: org.terraform.structure.warmoceanruins.WarmOceanLargeArcRoom at 10537 23 8547 in a room of size 25x25 
[2026-03-19 08:31:58] [INFO   ] Spawning Desert Well at 10555,27,8475 
[2026-03-19 08:32:01] [INFO   ] Generating org.terraform.structure.small.shipwreck.ShipwreckPopulator at chunk: 663,527 
[2026-03-19 08:32:01] [INFO   ] Spawning shipwreck at 10623, 41, 8442 with rotation of EAST 
[2026-03-19 08:32:21] [INFO   ] Registered: org.terraform.structure.mineshaft.SmeltingHallPopulator at 11064 9 8041 in a room of size 13x15 
[2026-03-19 08:32:21] [INFO   ] Registered: org.terraform.structure.mineshaft.CaveSpiderDenPopulator at 11021 9 8003 in a room of size 15x13 
[2026-03-19 08:32:21] [INFO   ] Registered: org.terraform.structure.mineshaft.CaveSpiderDenPopulator at 11025 9 7977 in a room of size 13x14 
[2026-03-19 08:32:21] [INFO   ] Registered: org.terraform.structure.mineshaft.CaveSpiderDenPopulator at 11039 9 8052 in a room of size 15x14 
[2026-03-19 08:32:21] [INFO   ] Registered: org.terraform.structure.mineshaft.CaveSpiderDenPopulator at 11120 9 8034 in a room of size 15x14 
[2026-03-19 08:32:21] [INFO   ] Registered: org.terraform.structure.mineshaft.SmeltingHallPopulator at 11077 9 8025 in a room of size 13x15 
[2026-03-19 08:32:21] [INFO   ] Registered: org.terraform.structure.mineshaft.CaveSpiderDenPopulator at 11017 9 8063 in a room of size 13x14 
[2026-03-19 08:32:21] [INFO   ] Registered: org.terraform.structure.mineshaft.SmeltingHallPopulator at 11018 9 7931 in a room of size 14x14 
[2026-03-19 08:32:22] [INFO   ] Registered: org.terraform.structure.mineshaft.SmeltingHallPopulator at 10621 8 8049 in a room of size 13x15 
[2026-03-19 08:32:22] [INFO   ] Registered: org.terraform.structure.mineshaft.SmeltingHallPopulator at 10509 8 7958 in a room of size 14x15 
[2026-03-19 08:32:22] [INFO   ] Registered: org.terraform.structure.mineshaft.CaveSpiderDenPopulator at 10621 8 8003 in a room of size 15x15 
[2026-03-19 08:32:22] [INFO   ] Registered: org.terraform.structure.mineshaft.CaveSpiderDenPopulator at 10519 8 7938 in a room of size 13x15 
[2026-03-19 08:32:22] [INFO   ] Registered: org.terraform.structure.mineshaft.SmeltingHallPopulator at 10552 8 7955 in a room of size 15x14 
[2026-03-19 08:32:22] [INFO   ] Registered: org.terraform.structure.mineshaft.SmeltingHallPopulator at 10574 8 8049 in a room of size 15x15 
[2026-03-19 08:32:22] [INFO   ] Registered: org.terraform.structure.mineshaft.CaveSpiderDenPopulator at 10580 8 7970 in a room of size 15x15 
[2026-03-19 08:32:22] [INFO   ] Registered: org.terraform.structure.mineshaft.CaveSpiderDenPopulator at 10538 8 7971 in a room of size 15x13 
[2026-03-19 08:32:24] [INFO   ] Generating org.terraform.structure.small.dungeon.SmallDungeonPopulator at chunk: 687,515 
[2026-03-19 08:32:24] [INFO   ] Spawning Underground Dungeon at 11001,51,8247 
[2026-03-19 08:32:26] [INFO   ] Generating org.terraform.structure.small.shipwreck.ShipwreckPopulator at chunk: 691,529 
[2026-03-19 08:32:26] [INFO   ] Spawning shipwreck at 11060, 22, 8474 with rotation of SOUTH 
[2026-03-19 08:32:35] [INFO   ] Large Cave at 11584,25,8512 has water level > -7 with populator GenericLargeCavePopulator 
[2026-03-19 08:32:37] [INFO   ] Large Cave at 11584,12,8000 has water level > -27 with populator MushroomCavePopulator 
[2026-03-19 08:32:46] [INFO   ] Generating org.terraform.structure.small.igloo.IglooPopulator at chunk: 715,518 
[2026-03-19 08:32:46] [INFO   ] Placing igloo of size 7 
[2026-03-19 08:32:53] [INFO   ] Generating org.terraform.structure.small.dungeon.SmallDungeonPopulator at chunk: 728,503 
[2026-03-19 08:32:53] [INFO   ] Spawning Underground Dungeon at 11653,29,8048 
[2026-03-19 08:32:53] [INFO   ] Generating org.terraform.structure.caves.LargeCavePopulator at chunk: 724,500 
[2026-03-19 08:32:59] [INFO   ] Registered: org.terraform.structure.catacombs.CatacombsStandardPopulator at 12088 25 8508 in a room of size 8x7 
[2026-03-19 08:32:59] [INFO   ] Registered: org.terraform.structure.catacombs.CatacombsPillarRoomPopulator at 12119 25 8496 in a room of size 9x8 
[2026-03-19 08:32:59] [INFO   ] Registered: org.terraform.structure.catacombs.CatacombsCasketRoomPopulator at 12110 25 8504 in a room of size 8x7 
[2026-03-19 08:32:59] [INFO   ] Registered: org.terraform.structure.catacombs.CatacombsPillarRoomPopulator at 12075 25 8492 in a room of size 10x8 
[2026-03-19 08:32:59] [INFO   ] Registered: org.terraform.structure.catacombs.CatacombsSkeletonDungeonPopulator at 12115 25 8522 in a room of size 8x10 
[2026-03-19 08:32:59] [INFO   ] Registered: org.terraform.structure.catacombs.CatacombsStandardPopulator at 12102 25 8532 in a room of size 10x9 
[2026-03-19 08:32:59] [INFO   ] Registered: org.terraform.structure.catacombs.CatacombsPillarRoomPopulator at 12078 25 8524 in a room of size 8x8 
[2026-03-19 08:32:59] [INFO   ] Registered: org.terraform.structure.catacombs.CatacombsPillarRoomPopulator at 12093 25 8490 in a room of size 9x8 
[2026-03-19 08:33:02] [INFO   ] 756,500 will spawn a vanilla structure, with tryGenerateStructure == true 
[2026-03-19 08:33:11] [INFO   ] Generating org.terraform.structure.trialchamber.TrialChamberPopulator at chunk: 756,500 
[2026-03-19 08:33:11] [INFO   ] Generating org.terraform.structure.small.dungeon.SmallDungeonPopulator at chunk: 759,497 
[2026-03-19 08:33:11] [INFO   ] Spawning Underground Dungeon at 12155,40,7963 
[2026-03-19 08:34:52] [INFO   ] Generating org.terraform.structure.small.dungeon.SmallDungeonPopulator at chunk: 764,500 
[2026-03-19 08:34:52] [INFO   ] Spawning Underground Dungeon at 12224,31,8015 
[2026-03-19 08:34:58] [INFO   ] Registered: org.terraform.structure.mineshaft.CaveSpiderDenPopulator at 12617 19 7942 in a room of size 15x14 
[2026-03-19 08:34:58] [INFO   ] Registered: org.terraform.structure.mineshaft.SmeltingHallPopulator at 12653 19 8005 in a room of size 14x13 
[2026-03-19 08:34:58] [INFO   ] Registered: org.terraform.structure.mineshaft.CaveSpiderDenPopulator at 12673 19 7980 in a room of size 14x13 
[2026-03-19 08:34:58] [INFO   ] Registered: org.terraform.structure.mineshaft.CaveSpiderDenPopulator at 12659 19 7979 in a room of size 15x15 
[2026-03-19 08:34:58] [INFO   ] Registered: org.terraform.structure.mineshaft.CaveSpiderDenPopulator at 12676 19 8063 in a room of size 15x14 
[2026-03-19 08:34:58] [INFO   ] Registered: org.terraform.structure.mineshaft.CaveSpiderDenPopulator at 12583 19 7987 in a room of size 14x13 
[2026-03-19 08:34:58] [INFO   ] Registered: org.terraform.structure.mineshaft.SmeltingHallPopulator at 12549 19 8044 in a room of size 15x13 
[2026-03-19 08:34:58] [INFO   ] Registered: org.terraform.structure.mineshaft.CaveSpiderDenPopulator at 12661 19 7961 in a room of size 14x14 
[2026-03-19 08:34:58] [INFO   ] Registered: org.terraform.structure.mineshaft.SmeltingHallPopulator at 12619 19 7990 in a room of size 14x13 
[2026-03-19 08:35:00] [INFO   ] Generating org.terraform.structure.small.ruinedportal.RuinedPortalPopulator at chunk: 771,505 
[2026-03-19 08:35:34] [INFO   ] Minecart with chest at: 12591, 19, 7986 
[2026-03-19 08:35:40] [INFO   ] Generating org.terraform.structure.mineshaft.MineshaftPopulator at chunk: 788,500 
[2026-03-19 08:35:49] [INFO   ] Spawning ancient city at: 13120,-13,8000 
[2026-03-19 08:35:49] [INFO   ] Registered: org.terraform.structure.ancientcity.AncientCityRuinsPlatform at 13141 -13 7964 in a room of size 16x25 
[2026-03-19 08:35:49] [INFO   ] Registered: org.terraform.structure.ancientcity.AncientCityRuinsPlatform at 13062 -13 7994 in a room of size 16x23 
[2026-03-19 08:35:49] [INFO   ] Registered: org.terraform.structure.ancientcity.AncientCitySchematicPlatform at 13091 -13 8026 in a room of size 19x23 
[2026-03-19 08:35:49] [INFO   ] Registered: org.terraform.structure.ancientcity.AncientCityLargePillarRoomPopulator at 13105 -13 7959 in a room of size 18x17 
[2026-03-19 08:35:49] [INFO   ] Registered: org.terraform.structure.ancientcity.AncientCityAltarPopulator at 13082 -13 8053 in a room of size 25x22 
[2026-03-19 08:35:49] [INFO   ] Registered: org.terraform.structure.ancientcity.AncientCityRuinsPlatform at 13170 -13 7948 in a room of size 17x18 
[2026-03-19 08:35:49] [INFO   ] Registered: org.terraform.structure.ancientcity.AncientCityAltarPopulator at 13177 -13 8001 in a room of size 21x24 
[2026-03-19 08:35:49] [INFO   ] Registered: org.terraform.structure.ancientcity.AncientCitySchematicPlatform at 13121 -13 8056 in a room of size 20x19 
[2026-03-19 08:35:49] [INFO   ] Registered: org.terraform.structure.ancientcity.AncientCityRuinsPlatform at 13098 -13 7940 in a room of size 21x17 
[2026-03-19 08:35:49] [INFO   ] Registered: org.terraform.structure.ancientcity.AncientCityRuinsPlatform at 13176 -13 7972 in a room of size 16x18 
[2026-03-19 08:35:49] [INFO   ] Registered: org.terraform.structure.ancientcity.AncientCityCenterPlatformPopulator at 13128 -13 8008 in a room of size 46x46 
[2026-03-19 08:35:49] [INFO   ] Registered: org.terraform.structure.ancientcity.AncientCityRuinsPlatform at 13069 -13 7956 in a room of size 21x19 
[2026-03-19 08:35:49] [INFO   ] Registered: org.terraform.structure.ancientcity.AncientCityRuinsPlatform at 13173 -13 8040 in a room of size 16x25 
[2026-03-19 08:36:04] [INFO   ] Generating org.terraform.structure.small.dungeon.SmallDungeonPopulator at chunk: 814,494 
[2026-03-19 08:36:04] [INFO   ] Spawning Underground Dungeon at 13033,18,7905 
[2026-03-19 08:36:12] [INFO   ] Generating org.terraform.structure.small.ruinedportal.RuinedPortalPopulator at chunk: 817,498 
[2026-03-19 08:36:15] [INFO   ] Medium Schematic 
[2026-03-19 08:36:17] [INFO   ] Large Cave at 12608,7,7488 has water level > -17 with populator MushroomCavePopulator 
[2026-03-19 08:36:18] [INFO   ] Medium Schematic 
[2026-03-19 08:36:20] [INFO   ] Generating org.terraform.structure.ancientcity.AncientCityPopulator at chunk: 820,500 
[2026-03-19 08:36:29] [INFO   ] Registered: org.terraform.structure.mineshaft.SmeltingHallPopulator at 13657 8 7476 in a room of size 14x13 
[2026-03-19 08:36:29] [INFO   ] Registered: org.terraform.structure.mineshaft.SmeltingHallPopulator at 13613 8 7435 in a room of size 15x14 
[2026-03-19 08:36:29] [INFO   ] Registered: org.terraform.structure.mineshaft.CaveSpiderDenPopulator at 13654 8 7539 in a room of size 14x14 
[2026-03-19 08:36:29] [INFO   ] Registered: org.terraform.structure.mineshaft.SmeltingHallPopulator at 13569 8 7501 in a room of size 13x15 
[2026-03-19 08:36:29] [INFO   ] Registered: org.terraform.structure.mineshaft.CaveSpiderDenPopulator at 13662 8 7444 in a room of size 14x13 
[2026-03-19 08:36:29] [INFO   ] Registered: org.terraform.structure.mineshaft.CaveSpiderDenPopulator at 13667 8 7557 in a room of size 15x14 
[2026-03-19 08:36:29] [INFO   ] Registered: org.terraform.structure.mineshaft.SmeltingHallPopulator at 13557 8 7553 in a room of size 13x13 
[2026-03-19 08:36:29] [INFO   ] Registered: org.terraform.structure.mineshaft.SmeltingHallPopulator at 13697 8 7463 in a room of size 13x13 
[2026-03-19 08:36:33] [INFO   ] Generating org.terraform.structure.small.dungeon.SmallDungeonPopulator at chunk: 839,490 
[2026-03-19 08:36:33] [INFO   ] Spawning Underground Dungeon at 13433,19,7846 
[2026-03-19 08:36:33] [INFO   ] Generating org.terraform.structure.small.ruinedportal.RuinedPortalPopulator at chunk: 825,475 
[2026-03-19 08:36:36] [INFO   ] 852,500 will spawn a vanilla structure, with tryGenerateStructure == true 
[2026-03-19 08:36:47] [INFO   ] Generating org.terraform.structure.small.ruinedportal.RuinedPortalPopulator at chunk: 853,496 
[2026-03-19 08:36:48] [INFO   ] Minecart with chest at: 13662, 8, 7553 
[2026-03-19 08:36:49] [INFO   ] Generating org.terraform.structure.small.buriedtreasure.BuriedTreasurePopulator at chunk: 855,498 
[2026-03-19 08:36:54] [INFO   ] Minecart with chest at: 13572, 8, 7551 
[2026-03-19 08:36:54] [INFO   ] Minecart with chest at: 13691, 8, 7551 
[2026-03-19 08:37:00] [INFO   ] Large Cave at 14144,54,8000 has water level > -25 with populator GenericLargeCavePopulator 
[2026-03-19 08:37:09] [INFO   ] Spawning Creaking Heart at 13935,78,7684 
[2026-03-19 08:37:09] [INFO   ] Generating org.terraform.structure.small.buriedtreasure.BuriedTreasurePopulator at chunk: 870,493 
[2026-03-19 08:37:15] [INFO   ] Spawning Creaking Heart at 13972,75,7687 
[2026-03-19 08:37:16] [INFO   ] 884,468 will spawn a vanilla structure, with tryGenerateStructure == true 
[2026-03-19 08:37:17] [INFO   ] Spawning Creaking Heart at 14014,78,7676 
[2026-03-19 08:37:17] [INFO   ] Spawning Creaking Heart at 14009,76,7647 
[2026-03-19 08:37:17] [INFO   ] Spawning Creaking Heart at 14000,75,7627 
[2026-03-19 08:37:17] [INFO   ] Spawning Creaking Heart at 14001,71,7567 
[2026-03-19 08:37:18] [INFO   ] Spawning Creaking Heart at 14029,73,7573 
[2026-03-19 08:37:21] [INFO   ] Spawning Creaking Heart at 14048,68,7677 
[2026-03-19 08:37:23] [INFO   ] Spawning Creaking Heart at 14068,67,7913 
[2026-03-19 08:37:25] [INFO   ] Spawning Creaking Heart at 14091,69,7907 
[2026-03-19 08:37:25] [INFO   ] Spawning Creaking Heart at 14091,69,7917 
[2026-03-19 08:37:29] [INFO   ] Spawning Creaking Heart at 14120,65,7833 
[2026-03-19 08:37:29] [INFO   ] Spawning Creaking Heart at 14113,66,7851 
[2026-03-19 08:37:29] [INFO   ] Spawning Creaking Heart at 14121,66,7867 
[2026-03-19 08:37:30] [INFO   ] Spawning Creaking Heart at 14135,76,7915 
[2026-03-19 08:37:36] [INFO   ] Spawning Creaking Heart at 14191,68,7833 
[2026-03-19 08:37:45] [INFO   ] Generating org.terraform.structure.trialchamber.TrialChamberPopulator at chunk: 884,468 
[2026-03-19 08:37:53] [INFO   ] Large Cave at 14656,17,7488 has water level > -22 with populator GenericLargeCavePopulator 
[2026-03-19 08:38:11] [INFO   ] 916,500 will spawn a vanilla structure, with tryGenerateStructure == true 
[2026-03-19 08:38:17] [INFO   ] Generating org.terraform.structure.small.dungeon.SmallDungeonPopulator at chunk: 909,485 
[2026-03-19 08:38:17] [INFO   ] Spawning Underground Dungeon at 14554,32,7765 
[2026-03-19 08:38:19] [INFO   ] Generating org.terraform.structure.small.dungeon.SmallDungeonPopulator at chunk: 910,476 
[2026-03-19 08:38:19] [INFO   ] Spawning Underground Dungeon at 14567,45,7624 
[2026-03-19 08:38:23] [INFO   ] Generating org.terraform.structure.small.dungeon.SmallDungeonPopulator at chunk: 912,491 
[2026-03-19 08:38:23] [INFO   ] Spawning Underground Dungeon at 14599,22,7871 
[2026-03-19 08:38:26] [INFO   ] Generating org.terraform.structure.small.ruinedportal.RuinedPortalPopulator at chunk: 900,465 
[2026-03-19 08:38:32] [INFO   ] Generating org.terraform.structure.caves.LargeCavePopulator at chunk: 916,468 
[2026-03-19 08:38:35] [INFO   ] [NativeGeneratorPatcher] Flushing repairs (102 chunks), pushed by cache size 
[2026-03-19 08:38:36] [INFO   ] Large Cave at 1344,5,2368 has water level > -23 with populator MushroomCavePopulator 
[2026-03-19 08:38:37] [INFO   ] Spawning ancient city at: 10048,-16,9024 
[2026-03-19 08:38:37] [INFO   ] Registered: org.terraform.structure.ancientcity.AncientCitySchematicPlatform at 10011 -16 8990 in a room of size 20x21 
[2026-03-19 08:38:37] [INFO   ] Registered: org.terraform.structure.ancientcity.AncientCityRuinsPlatform at 10032 -16 9083 in a room of size 18x16 
[2026-03-19 08:38:37] [INFO   ] Registered: org.terraform.structure.ancientcity.AncientCitySchematicPlatform at 10083 -16 8967 in a room of size 26x23 
[2026-03-19 08:38:37] [INFO   ] Registered: org.terraform.structure.ancientcity.AncientCitySchematicPlatform at 10099 -16 9069 in a room of size 20x21 
[2026-03-19 08:38:37] [INFO   ] Registered: org.terraform.structure.ancientcity.AncientCityAltarPopulator at 10015 -16 8967 in a room of size 24x25 
[2026-03-19 08:38:37] [INFO   ] Registered: org.terraform.structure.ancientcity.AncientCitySchematicPlatform at 9988 -16 8970 in a room of size 26x22 
[2026-03-19 08:38:37] [INFO   ] Registered: org.terraform.structure.ancientcity.AncientCityAltarPopulator at 9991 -16 8998 in a room of size 17x20 
[2026-03-19 08:38:37] [INFO   ] Registered: org.terraform.structure.ancientcity.AncientCityRuinsPlatform at 10022 -16 9047 in a room of size 20x19 
[2026-03-19 08:38:37] [INFO   ] Registered: org.terraform.structure.ancientcity.AncientCitySchematicPlatform at 10108 -16 9027 in a room of size 19x20 
[2026-03-19 08:38:37] [INFO   ] Registered: org.terraform.structure.ancientcity.AncientCityAltarPopulator at 10008 -16 9076 in a room of size 21x18 
[2026-03-19 08:38:37] [INFO   ] Registered: org.terraform.structure.ancientcity.AncientCitySchematicPlatform at 10081 -16 8998 in a room of size 20x22 
[2026-03-19 08:38:37] [INFO   ] Registered: org.terraform.structure.ancientcity.AncientCitySchematicPlatform at 10102 -16 9050 in a room of size 22x17 
[2026-03-19 08:38:37] [INFO   ] Registered: org.terraform.structure.ancientcity.AncientCityCenterPlatformPopulator at 10056 -16 9032 in a room of size 46x46 
[2026-03-19 08:38:37] [INFO   ] Registered: org.terraform.structure.ancientcity.AncientCitySchematicPlatform at 10002 -16 9056 in a room of size 20x22 
[2026-03-19 08:38:37] [INFO   ] Registered: org.terraform.structure.ancientcity.AncientCitySchematicPlatform at 9996 -16 9024 in a room of size 25x18 
[2026-03-19 08:38:40] [INFO   ] Large Cave at 9536,18,9024 has water level > -26 with populator GenericLargeCavePopulator 
[2026-03-19 08:38:41] [INFO   ] Registered: org.terraform.structure.mineshaft.ShaftRoomPopulator at 7043 22 6446 in a room of size 15x15 
[2026-03-19 08:38:41] [INFO   ] Registered: org.terraform.structure.mineshaft.CaveSpiderDenPopulator at 7051 22 6536 in a room of size 13x13 
[2026-03-19 08:38:41] [INFO   ] Registered: org.terraform.structure.mineshaft.CaveSpiderDenPopulator at 6952 22 6470 in a room of size 15x14 
[2026-03-19 08:38:41] [INFO   ] Registered: org.terraform.structure.mineshaft.ShaftRoomPopulator at 6994 22 6463 in a room of size 14x13 
[2026-03-19 08:38:41] [INFO   ] Registered: org.terraform.structure.mineshaft.ShaftRoomPopulator at 7031 22 6467 in a room of size 13x14 
[2026-03-19 08:38:41] [INFO   ] Registered: org.terraform.structure.mineshaft.SmeltingHallPopulator at 6968 22 6437 in a room of size 15x13 
[2026-03-19 08:38:41] [INFO   ] Registered: org.terraform.structure.mineshaft.ShaftRoomPopulator at 6950 22 6435 in a room of size 14x15 
[2026-03-19 08:38:41] [INFO   ] Registered: org.terraform.structure.mineshaft.CaveSpiderDenPopulator at 6983 22 6521 in a room of size 13x15 
[2026-03-19 08:38:41] [INFO   ] Registered: org.terraform.structure.mineshaft.CaveSpiderDenPopulator at 7034 22 6408 in a room of size 14x14 
[2026-03-19 08:38:41] [INFO   ] Registered: org.terraform.structure.mineshaft.ShaftRoomPopulator at 6919 22 6451 in a room of size 13x15 
[2026-03-19 08:38:41] [INFO   ] Registered: org.terraform.structure.mineshaft.ShaftTopPopulator at 6919 37 6451 in a room of size 13x6 
[2026-03-19 08:38:41] [INFO   ] Registered: org.terraform.structure.mineshaft.SmeltingHallPopulator at 6945 37 6528 in a room of size 14x15 
[2026-03-19 08:38:41] [INFO   ] Registered: org.terraform.structure.mineshaft.SmeltingHallPopulator at 6940 37 6393 in a room of size 13x14 
[2026-03-19 08:38:41] [INFO   ] Registered: org.terraform.structure.mineshaft.ShaftTopPopulator at 7031 37 6467 in a room of size 13x5 
[2026-03-19 08:38:41] [INFO   ] Registered: org.terraform.structure.mineshaft.SmeltingHallPopulator at 6931 37 6499 in a room of size 14x14 
[2026-03-19 08:38:41] [INFO   ] Registered: org.terraform.structure.mineshaft.CaveSpiderDenPopulator at 6909 37 6434 in a room of size 13x13 
[2026-03-19 08:38:41] [INFO   ] Registered: org.terraform.structure.mineshaft.SmeltingHallPopulator at 6945 37 6496 in a room of size 15x15 
[2026-03-19 08:38:41] [INFO   ] Registered: org.terraform.structure.mineshaft.SmeltingHallPopulator at 7004 37 6393 in a room of size 13x13 
[2026-03-19 08:38:41] [INFO   ] Registered: org.terraform.structure.mineshaft.ShaftTopPopulator at 7043 37 6446 in a room of size 15x7 
[2026-03-19 08:38:41] [INFO   ] Registered: org.terraform.structure.mineshaft.ShaftTopPopulator at 6950 37 6435 in a room of size 14x5 
[2026-03-19 08:38:41] [INFO   ] Registered: org.terraform.structure.mineshaft.CaveSpiderDenPopulator at 6933 37 6469 in a room of size 13x15 
[2026-03-19 08:38:41] [INFO   ] Registered: org.terraform.structure.mineshaft.SmeltingHallPopulator at 6912 37 6412 in a room of size 15x15 
[2026-03-19 08:38:41] [INFO   ] Registered: org.terraform.structure.mineshaft.SmeltingHallPopulator at 7025 37 6511 in a room of size 13x13 
[2026-03-19 08:38:41] [INFO   ] Registered: org.terraform.structure.mineshaft.ShaftTopPopulator at 6994 37 6463 in a room of size 14x7 
[2026-03-19 08:38:45] [INFO   ] Spawning Creaking Heart at 14174,73,7924 
[2026-03-19 08:38:53] [INFO   ] Small Schematic 
[2026-03-19 08:38:54] [INFO   ] Generating org.terraform.structure.small.buriedtreasure.BuriedTreasurePopulator at chunk: 920,465 
[2026-03-19 08:38:58] [INFO   ] Registered: org.terraform.structure.mineshaft.CaveSpiderDenPopulator at 15146 14 7461 in a room of size 14x14 
[2026-03-19 08:38:58] [INFO   ] Registered: org.terraform.structure.mineshaft.CaveSpiderDenPopulator at 15176 14 7519 in a room of size 14x14 
[2026-03-19 08:38:58] [INFO   ] Registered: org.terraform.structure.mineshaft.CaveSpiderDenPopulator at 15132 14 7508 in a room of size 15x13 
[2026-03-19 08:38:58] [INFO   ] Registered: org.terraform.structure.mineshaft.CaveSpiderDenPopulator at 15122 14 7556 in a room of size 14x15 
[2026-03-19 08:38:58] [INFO   ] Registered: org.terraform.structure.mineshaft.SmeltingHallPopulator at 15158 14 7439 in a room of size 15x14 
[2026-03-19 08:38:58] [INFO   ] Registered: org.terraform.structure.mineshaft.CaveSpiderDenPopulator at 15233 14 7559 in a room of size 14x15 
[2026-03-19 08:38:58] [INFO   ] Registered: org.terraform.structure.mineshaft.SmeltingHallPopulator at 15138 14 7493 in a room of size 14x13 
[2026-03-19 08:38:58] [INFO   ] Registered: org.terraform.structure.mineshaft.CaveSpiderDenPopulator at 15147 14 7480 in a room of size 13x13 
[2026-03-19 08:38:58] [INFO   ] Registered: org.terraform.structure.mineshaft.SmeltingHallPopulator at 15128 14 7443 in a room of size 14x15 
[2026-03-19 08:38:58] [INFO   ] Registered: org.terraform.structure.mineshaft.SmeltingHallPopulator at 15198 14 7424 in a room of size 13x14 
[2026-03-19 08:39:00] [INFO   ] Spawning Creaking Heart at 14878,73,7617 
[2026-03-19 08:39:05] [INFO   ] Spawning Creaking Heart at 14913,78,7679 
[2026-03-19 08:39:05] [INFO   ] Spawning Creaking Heart at 14927,72,7668 
[2026-03-19 08:39:07] [INFO   ] Spawning Creaking Heart at 14928,73,7603 
[2026-03-19 08:39:07] [INFO   ] Spawning Creaking Heart at 14939,75,7593 
[2026-03-19 08:39:16] [INFO   ] 948,500 will spawn a vanilla structure, with tryGenerateStructure == true 
[2026-03-19 08:39:35] [INFO   ] Minecart with chest at: 15172, 14, 7437 
[2026-03-19 08:39:37] [INFO   ] Generating org.terraform.structure.mineshaft.MineshaftPopulator at chunk: 948,468 
[2026-03-19 08:39:40] [INFO   ] Minecart with chest at: 15231, 14, 7445 
[2026-03-19 08:39:45] [INFO   ] Generating org.terraform.structure.small.dungeon.SmallDungeonPopulator at chunk: 954,465 
[2026-03-19 08:39:45] [INFO   ] Spawning Underground Dungeon at 15268,49,7447 
[2026-03-19 08:40:02] [INFO   ] Generating org.terraform.structure.small.dungeon.SmallDungeonPopulator at chunk: 964,463 
[2026-03-19 08:40:02] [INFO   ] Spawning Underground Dungeon at 15429,34,7414 
[2026-03-19 08:40:11] [INFO   ] Generating org.terraform.structure.small.shipwreck.ShipwreckPopulator at chunk: 970,473 
[2026-03-19 08:40:11] [INFO   ] Spawning shipwreck at 15522, 27, 7568 with rotation of EAST 
[2026-03-19 08:40:17] [INFO   ] Generating org.terraform.structure.small.ruinedportal.RuinedPortalPopulator at chunk: 974,475 
[2026-03-19 08:40:47] [INFO   ] Large Cave at 16192,29,7488 has water level > -7 with populator LargeLushCavePopulator 
[2026-03-19 08:40:58] [INFO   ] Generating org.terraform.structure.small.dungeon.SmallDungeonPopulator at chunk: 999,485 
[2026-03-19 08:40:58] [INFO   ] Spawning Underground Dungeon at 15990,32,7771 
[2026-03-19 08:41:13] [INFO   ] Generating org.terraform.structure.small.dungeon.SmallDungeonPopulator at chunk: 1009,461 
[2026-03-19 08:41:13] [INFO   ] Spawning Underground Dungeon at 16147,30,7388 
[2026-03-19 08:41:14] [INFO   ] Generating org.terraform.structure.small.dungeon.SmallDungeonPopulator at chunk: 1010,459 
[2026-03-19 08:41:14] [INFO   ] Spawning Underground Dungeon at 16167,28,7350 
[2026-03-19 08:41:19] [INFO   ] Generating org.terraform.structure.caves.LargeCavePopulator at chunk: 1012,468 
[2026-03-19 08:41:36] [INFO   ] Registered: org.terraform.structure.mineshaft.SmeltingHallPopulator at 16698 8 7456 in a room of size 13x15 
[2026-03-19 08:41:36] [INFO   ] Registered: org.terraform.structure.mineshaft.CaveSpiderDenPopulator at 16769 8 7529 in a room of size 13x13 
[2026-03-19 08:41:36] [INFO   ] Registered: org.terraform.structure.mineshaft.SmeltingHallPopulator at 16675 8 7508 in a room of size 14x15 
[2026-03-19 08:41:36] [INFO   ] Registered: org.terraform.structure.mineshaft.SmeltingHallPopulator at 16673 8 7563 in a room of size 13x14 
[2026-03-19 08:41:36] [INFO   ] Registered: org.terraform.structure.mineshaft.SmeltingHallPopulator at 16768 8 7552 in a room of size 14x13 
[2026-03-19 08:41:36] [INFO   ] Registered: org.terraform.structure.mineshaft.SmeltingHallPopulator at 16748 8 7547 in a room of size 14x15 
[2026-03-19 08:41:36] [INFO   ] Registered: org.terraform.structure.mineshaft.CaveSpiderDenPopulator at 16638 8 7455 in a room of size 14x13 
[2026-03-19 08:41:36] [INFO   ] Registered: org.terraform.structure.mineshaft.CaveSpiderDenPopulator at 16665 8 7428 in a room of size 13x13 
[2026-03-19 08:41:36] [INFO   ] Spawning ancient city at: 16704,-13,8000 
[2026-03-19 08:41:36] [INFO   ] Registered: org.terraform.structure.ancientcity.AncientCityAltarPopulator at 16762 -13 8051 in a room of size 20x21 
[2026-03-19 08:41:36] [INFO   ] Registered: org.terraform.structure.ancientcity.AncientCityCenterPlatformPopulator at 16712 -13 8008 in a room of size 46x46 
[2026-03-19 08:41:36] [INFO   ] Registered: org.terraform.structure.ancientcity.AncientCityRuinsPlatform at 16679 -13 8012 in a room of size 17x21 
[2026-03-19 08:41:36] [INFO   ] Registered: org.terraform.structure.ancientcity.AncientCityAltarPopulator at 16702 -13 7946 in a room of size 20x21 
[2026-03-19 08:41:36] [INFO   ] Registered: org.terraform.structure.ancientcity.AncientCitySchematicPlatform at 16754 -13 8021 in a room of size 17x20 
[2026-03-19 08:41:36] [INFO   ] Registered: org.terraform.structure.ancientcity.AncientCitySchematicPlatform at 16661 -13 8058 in a room of size 23x18 
[2026-03-19 08:41:36] [INFO   ] Registered: org.terraform.structure.ancientcity.AncientCityRuinsPlatform at 16707 -13 7968 in a room of size 18x19 
[2026-03-19 08:41:36] [INFO   ] Registered: org.terraform.structure.ancientcity.AncientCitySchematicPlatform at 16652 -13 8014 in a room of size 24x23 
[2026-03-19 08:41:36] [INFO   ] Registered: org.terraform.structure.ancientcity.AncientCityAltarPopulator at 16660 -13 8035 in a room of size 19x19 
[2026-03-19 08:41:36] [INFO   ] Registered: org.terraform.structure.ancientcity.AncientCityAltarPopulator at 16760 -13 7997 in a room of size 23x25 
[2026-03-19 08:41:36] [INFO   ] Registered: org.terraform.structure.ancientcity.AncientCityAltarPopulator at 16749 -13 7959 in a room of size 22x21 
[2026-03-19 08:41:36] [INFO   ] Registered: org.terraform.structure.ancientcity.AncientCitySchematicPlatform at 16655 -13 7976 in a room of size 24x20 
[2026-03-19 08:41:36] [INFO   ] Registered: org.terraform.structure.ancientcity.AncientCityLargePillarRoomPopulator at 16660 -13 7952 in a room of size 16x17 
[2026-03-19 08:41:36] [INFO   ] Registered: org.terraform.structure.ancientcity.AncientCityRuinsPlatform at 16720 -13 8046 in a room of size 20x17 
[2026-03-19 08:41:36] [INFO   ] Registered: org.terraform.structure.ancientcity.AncientCityAltarPopulator at 16689 -13 7971 in a room of size 19x21 
[2026-03-19 08:41:44] [INFO   ] Generating org.terraform.structure.small.buriedtreasure.BuriedTreasurePopulator at chunk: 1029,464 
[2026-03-19 08:41:46] [INFO   ] Generating org.terraform.structure.small.ruinedportal.RuinedPortalPopulator at chunk: 1030,466 
[2026-03-19 08:42:09] [INFO   ] Generating org.terraform.structure.mineshaft.MineshaftPopulator at chunk: 1044,468 
[2026-03-19 08:42:10] [INFO   ] Minecart with chest at: 16737, 8, 7545 
[2026-03-19 08:42:10] [INFO   ] Minecart with chest at: 16746, 8, 7547 
[2026-03-19 08:42:12] [INFO   ] Minecart with chest at: 16767, 8, 7500 
[2026-03-19 08:42:12] [INFO   ] Generating org.terraform.structure.small.dungeon.SmallDungeonPopulator at chunk: 1047,463 
[2026-03-19 08:42:12] [INFO   ] Spawning Underground Dungeon at 16757,10,7423 
[2026-03-19 08:42:26] [INFO   ] Large Cave at 17216,21,8000 has water level > -12 with populator GenericLargeCavePopulator 
[2026-03-19 08:42:45] [INFO   ] Generating org.terraform.structure.small.dungeon.SmallDungeonPopulator at chunk: 1068,456 
[2026-03-19 08:42:45] [INFO   ] Spawning Underground Dungeon at 17088,28,7311 
[2026-03-19 08:42:57] [INFO   ] Spawning Creaking Heart at 17228,68,7277 
[2026-03-19 08:42:59] [INFO   ] Generating org.terraform.structure.village.VillagePopulator at chunk: 1076,468 
[2026-03-19 08:42:59] [INFO   ] Spawning plains village at 17216,50,7488 
[2026-03-19 08:42:59] [INFO   ] Registered: org.terraform.structure.village.plains.PlainsVillageCropFarmPopulator at 17182 0 7504 in a room of size 16x17 
[2026-03-19 08:42:59] [INFO   ] Registered: org.terraform.structure.village.plains.PlainsVillageTemplePopulator at 17194 0 7486 in a room of size 15x18 
[2026-03-19 08:42:59] [INFO   ] Registered: org.terraform.structure.village.plains.PlainsVillageCropFarmPopulator at 17214 0 7466 in a room of size 18x15 
[2026-03-19 08:42:59] [INFO   ] Registered: org.terraform.structure.village.plains.PlainsVillageWellPopulator at 17196 0 7501 in a room of size 10x10 
[2026-03-19 08:42:59] [INFO   ] Registered: org.terraform.structure.village.plains.PlainsVillageForgePopulator at 17202 0 7449 in a room of size 19x17 
[2026-03-19 08:42:59] [INFO   ] Registered: org.terraform.structure.village.plains.PlainsVillageAnimalPenPopulator at 17193 0 7468 in a room of size 17x17 
[2026-03-19 08:42:59] [INFO   ] Registered: org.terraform.structure.village.plains.PlainsVillageStandardHousePopulator at 17214 0 7511 in a room of size 19x18 
[2026-03-19 08:42:59] [INFO   ] Registered: org.terraform.structure.village.plains.PlainsVillageStandardHousePopulator at 17186 0 7523 in a room of size 20x15 
[2026-03-19 08:42:59] [INFO   ] Registered: org.terraform.structure.village.plains.PlainsVillageStandardHousePopulator at 17182 0 7448 in a room of size 17x18 
[2026-03-19 08:42:59] [INFO   ] Registered: org.terraform.structure.village.plains.PlainsVillageTownhallPopulator at 17216 72 7488 in a room of size 24x24 
[2026-03-19 08:43:00] [INFO   ] Spawning farmhouse at 17216,72,7488 with rotation of WEST 
[2026-03-19 08:43:00] [INFO   ] Registered: org.terraform.structure.village.plains.PlainsVillageAnimalPenPopulator at 17174 0 7470 in a room of size 17x19 
[2026-03-19 08:43:01] [INFO   ] Spawning Creaking Heart at 17227,74,7259 
[2026-03-19 08:43:01] [INFO   ] Spawning Creaking Heart at 17232,70,7253 
[2026-03-19 08:43:01] [INFO   ] Spawning Creaking Heart at 17255,71,7265 
[2026-03-19 08:43:26] [INFO   ] Large Cave at 17728,24,7488 has water level > -7 with populator LargeLushCavePopulator 
[2026-03-19 08:43:27] [INFO   ] Registered: org.terraform.structure.mineshaft.ShaftRoomPopulator at 17660 12 8015 in a room of size 13x13 
[2026-03-19 08:43:27] [INFO   ] Registered: org.terraform.structure.mineshaft.ShaftRoomPopulator at 17705 12 8039 in a room of size 13x13 
[2026-03-19 08:43:27] [INFO   ] Registered: org.terraform.structure.mineshaft.SmeltingHallPopulator at 17751 12 7986 in a room of size 13x15 
[2026-03-19 08:43:27] [INFO   ] Registered: org.terraform.structure.mineshaft.CaveSpiderDenPopulator at 17802 12 8061 in a room of size 13x13 
[2026-03-19 08:43:27] [INFO   ] Registered: org.terraform.structure.mineshaft.ShaftRoomPopulator at 17789 12 7937 in a room of size 15x14 
[2026-03-19 08:43:27] [INFO   ] Registered: org.terraform.structure.mineshaft.ShaftRoomPopulator at 17654 12 8067 in a room of size 14x14 
[2026-03-19 08:43:27] [INFO   ] Registered: org.terraform.structure.mineshaft.ShaftRoomPopulator at 17762 12 8035 in a room of size 13x14 
[2026-03-19 08:43:27] [INFO   ] Registered: org.terraform.structure.mineshaft.CaveSpiderDenPopulator at 17738 12 7968 in a room of size 14x14 
[2026-03-19 08:43:27] [INFO   ] Registered: org.terraform.structure.mineshaft.SmeltingHallPopulator at 17743 12 8022 in a room of size 13x14 
[2026-03-19 08:43:27] [INFO   ] Registered: org.terraform.structure.mineshaft.CaveSpiderDenPopulator at 17654 12 8051 in a room of size 14x14 
[2026-03-19 08:43:27] [INFO   ] Registered: org.terraform.structure.mineshaft.CaveSpiderDenPopulator at 17774 27 8052 in a room of size 13x14 
[2026-03-19 08:43:27] [INFO   ] Registered: org.terraform.structure.mineshaft.ShaftTopPopulator at 17789 27 7937 in a room of size 15x5 
[2026-03-19 08:43:27] [INFO   ] Registered: org.terraform.structure.mineshaft.ShaftTopPopulator at 17654 27 8067 in a room of size 14x7 
[2026-03-19 08:43:27] [INFO   ] Registered: org.terraform.structure.mineshaft.SmeltingHallPopulator at 17704 27 7982 in a room of size 14x14 
[2026-03-19 08:43:27] [INFO   ] Registered: org.terraform.structure.mineshaft.SmeltingHallPopulator at 17685 27 7970 in a room of size 15x14 
[2026-03-19 08:43:27] [INFO   ] Registered: org.terraform.structure.mineshaft.SmeltingHallPopulator at 17740 27 7984 in a room of size 14x15 
[2026-03-19 08:43:27] [INFO   ] Registered: org.terraform.structure.mineshaft.CaveSpiderDenPopulator at 17764 27 7934 in a room of size 13x14 
[2026-03-19 08:43:27] [INFO   ] Registered: org.terraform.structure.mineshaft.ShaftTopPopulator at 17762 27 8035 in a room of size 13x7 
[2026-03-19 08:43:27] [INFO   ] Registered: org.terraform.structure.mineshaft.SmeltingHallPopulator at 17668 27 7989 in a room of size 15x13 
[2026-03-19 08:43:27] [INFO   ] Registered: org.terraform.structure.mineshaft.ShaftTopPopulator at 17705 27 8039 in a room of size 13x7 
[2026-03-19 08:43:27] [INFO   ] Registered: org.terraform.structure.mineshaft.CaveSpiderDenPopulator at 17758 27 7952 in a room of size 15x15 
[2026-03-19 08:43:27] [INFO   ] Registered: org.terraform.structure.mineshaft.SmeltingHallPopulator at 17732 27 7932 in a room of size 15x13 
[2026-03-19 08:43:27] [INFO   ] Registered: org.terraform.structure.mineshaft.CaveSpiderDenPopulator at 17747 27 8001 in a room of size 13x15 
[2026-03-19 08:43:27] [INFO   ] Registered: org.terraform.structure.mineshaft.ShaftTopPopulator at 17660 27 8015 in a room of size 13x6 
[2026-03-19 08:43:49] [INFO   ] Generating org.terraform.structure.small.buriedtreasure.BuriedTreasurePopulator at chunk: 1103,470 
[2026-03-19 08:43:52] [INFO   ] Generating org.terraform.structure.small.dungeon.SmallDungeonPopulator at chunk: 1107,471 
[2026-03-19 08:43:52] [INFO   ] Spawning Underground Dungeon at 17714,10,7538 
[2026-03-19 08:43:54] [INFO   ] Generating org.terraform.structure.small.dungeon.SmallDungeonPopulator at chunk: 1108,452 
[2026-03-19 08:43:54] [INFO   ] Spawning Underground Dungeon at 17733,48,7233 
[2026-03-19 08:43:55] [INFO   ] Generating org.terraform.structure.caves.LargeCavePopulator at chunk: 1108,468 
[2026-03-19 08:44:58] [INFO   ] Spawning Creaking Heart at 17868,76,7267 
[2026-03-19 08:45:00] [INFO   ] Spawning Creaking Heart at 17873,73,7239 
[2026-03-19 08:45:00] [INFO   ] Spawning Creaking Heart at 17878,76,7227 
[2026-03-19 08:45:12] [INFO   ] Spawning Creaking Heart at 17827,74,7182 
[2026-03-19 08:45:19] [INFO   ] 1140,468 will spawn a vanilla structure, with tryGenerateStructure == true 
[2026-03-19 08:45:25] [INFO   ] Registered: org.terraform.structure.mineshaft.ShaftRoomPopulator at 18273 15 6977 in a room of size 15x15 
[2026-03-19 08:45:25] [INFO   ] Registered: org.terraform.structure.mineshaft.CaveSpiderDenPopulator at 18243 15 6911 in a room of size 13x14 
[2026-03-19 08:45:25] [INFO   ] Registered: org.terraform.structure.mineshaft.CaveSpiderDenPopulator at 18225 15 6961 in a room of size 13x14 
[2026-03-19 08:45:25] [INFO   ] Registered: org.terraform.structure.mineshaft.CaveSpiderDenPopulator at 18296 15 6943 in a room of size 15x15 
[2026-03-19 08:45:25] [INFO   ] Registered: org.terraform.structure.mineshaft.CaveSpiderDenPopulator at 18217 15 6938 in a room of size 13x13 
[2026-03-19 08:45:25] [INFO   ] Registered: org.terraform.structure.mineshaft.CaveSpiderDenPopulator at 18204 15 7023 in a room of size 14x13 
[2026-03-19 08:45:25] [INFO   ] Registered: org.terraform.structure.mineshaft.ShaftRoomPopulator at 18255 15 6936 in a room of size 15x15 
[2026-03-19 08:45:25] [INFO   ] Registered: org.terraform.structure.mineshaft.ShaftRoomPopulator at 18260 15 6995 in a room of size 13x14 
[2026-03-19 08:45:25] [INFO   ] Registered: org.terraform.structure.mineshaft.SmeltingHallPopulator at 18286 15 6957 in a room of size 13x14 
[2026-03-19 08:45:25] [INFO   ] Registered: org.terraform.structure.mineshaft.ShaftTopPopulator at 18255 30 6936 in a room of size 15x7 
[2026-03-19 08:45:25] [INFO   ] Registered: org.terraform.structure.mineshaft.CaveSpiderDenPopulator at 18178 30 7034 in a room of size 14x15 
[2026-03-19 08:45:25] [INFO   ] Registered: org.terraform.structure.mineshaft.SmeltingHallPopulator at 18236 30 7042 in a room of size 13x14 
[2026-03-19 08:45:25] [INFO   ] Registered: org.terraform.structure.mineshaft.CaveSpiderDenPopulator at 18238 30 6902 in a room of size 14x13 
[2026-03-19 08:45:25] [INFO   ] Registered: org.terraform.structure.mineshaft.CaveSpiderDenPopulator at 18201 30 7046 in a room of size 14x13 
[2026-03-19 08:45:25] [INFO   ] Registered: org.terraform.structure.mineshaft.SmeltingHallPopulator at 18190 30 6921 in a room of size 13x15 
[2026-03-19 08:45:25] [INFO   ] Registered: org.terraform.structure.mineshaft.SmeltingHallPopulator at 18170 30 6910 in a room of size 14x13 
[2026-03-19 08:45:25] [INFO   ] Registered: org.terraform.structure.mineshaft.SmeltingHallPopulator at 18179 30 6989 in a room of size 14x15 
[2026-03-19 08:45:25] [INFO   ] Registered: org.terraform.structure.mineshaft.ShaftTopPopulator at 18273 30 6977 in a room of size 15x7 
[2026-03-19 08:45:25] [INFO   ] Registered: org.terraform.structure.mineshaft.ShaftTopPopulator at 18260 30 6995 in a room of size 13x5 
[2026-03-19 08:45:25] [INFO   ] Registered: org.terraform.structure.mineshaft.CaveSpiderDenPopulator at 18179 30 6961 in a room of size 14x13 
[2026-03-19 08:45:25] [INFO   ] Registered: org.terraform.structure.mineshaft.SmeltingHallPopulator at 18270 30 7041 in a room of size 13x14 
[2026-03-19 08:45:32] [INFO   ] Generating org.terraform.structure.small.ruinedportal.RuinedPortalPopulator at chunk: 1136,459 
[2026-03-19 08:45:36] [INFO   ] 1108,436 will spawn a vanilla structure, with tryGenerateStructure == true 
[2026-03-19 08:45:38] [INFO   ] Generating org.terraform.structure.small.dungeon.SmallDungeonPopulator at chunk: 1136,470 
[2026-03-19 08:45:38] [INFO   ] Spawning Underground Dungeon at 18189,21,7535 
[2026-03-19 08:45:41] [INFO   ] Generating org.terraform.structure.trialchamber.TrialChamberPopulator at chunk: 1140,468 
[2026-03-19 08:45:48] [INFO   ] Large Cave at 18752,21,7488 has water level > -19 with populator LargeLushCavePopulator 
[2026-03-19 08:45:50] [INFO   ] Registered: org.terraform.structure.mineshaft.ShaftRoomPopulator at 18755 -9 7009 in a room of size 13x14 
[2026-03-19 08:45:50] [INFO   ] Registered: org.terraform.structure.mineshaft.ShaftRoomPopulator at 18744 -9 7036 in a room of size 15x15 
[2026-03-19 08:45:50] [INFO   ] Registered: org.terraform.structure.mineshaft.ShaftRoomPopulator at 18812 -9 6997 in a room of size 13x14 
[2026-03-19 08:45:50] [INFO   ] Registered: org.terraform.structure.mineshaft.SmeltingHallPopulator at 18711 -9 6927 in a room of size 13x14 
[2026-03-19 08:45:50] [INFO   ] Registered: org.terraform.structure.mineshaft.ShaftRoomPopulator at 18700 -9 7021 in a room of size 14x15 
[2026-03-19 08:45:50] [INFO   ] Registered: org.terraform.structure.mineshaft.ShaftRoomPopulator at 18795 -9 7045 in a room of size 13x15 
[2026-03-19 08:45:50] [INFO   ] Registered: org.terraform.structure.mineshaft.ShaftRoomPopulator at 18765 -9 6924 in a room of size 13x15 
[2026-03-19 08:45:50] [INFO   ] Registered: org.terraform.structure.mineshaft.CaveSpiderDenPopulator at 18823 -9 6976 in a room of size 15x15 
[2026-03-19 08:45:50] [INFO   ] Registered: org.terraform.structure.mineshaft.CaveSpiderDenPopulator at 18802 -9 6975 in a room of size 13x14 
[2026-03-19 08:45:50] [INFO   ] Registered: org.terraform.structure.mineshaft.ShaftTopPopulator at 18765 6 6924 in a room of size 13x7 
[2026-03-19 08:45:50] [INFO   ] Registered: org.terraform.structure.mineshaft.SmeltingHallPopulator at 18751 6 6991 in a room of size 14x15 
[2026-03-19 08:45:50] [INFO   ] Registered: org.terraform.structure.mineshaft.SmeltingHallPopulator at 18699 6 7005 in a room of size 15x13 
[2026-03-19 08:45:50] [INFO   ] Registered: org.terraform.structure.mineshaft.CaveSpiderDenPopulator at 18726 6 7009 in a room of size 13x13 
[2026-03-19 08:45:50] [INFO   ] Registered: org.terraform.structure.mineshaft.ShaftTopPopulator at 18755 6 7009 in a room of size 13x7 
[2026-03-19 08:45:50] [INFO   ] Registered: org.terraform.structure.mineshaft.CaveSpiderDenPopulator at 18722 6 6930 in a room of size 15x14 
[2026-03-19 08:45:50] [INFO   ] Registered: org.terraform.structure.mineshaft.ShaftTopPopulator at 18744 6 7036 in a room of size 15x7 
[2026-03-19 08:45:50] [INFO   ] Registered: org.terraform.structure.mineshaft.CaveSpiderDenPopulator at 18770 6 7006 in a room of size 13x15 
[2026-03-19 08:45:50] [INFO   ] Registered: org.terraform.structure.mineshaft.CaveSpiderDenPopulator at 18795 6 7017 in a room of size 13x13 
[2026-03-19 08:45:50] [INFO   ] Registered: org.terraform.structure.mineshaft.CaveSpiderDenPopulator at 18749 6 6924 in a room of size 14x13 
[2026-03-19 08:45:50] [INFO   ] Registered: org.terraform.structure.mineshaft.SmeltingHallPopulator at 18704 6 6904 in a room of size 13x15 
[2026-03-19 08:45:50] [INFO   ] Registered: org.terraform.structure.mineshaft.SmeltingHallPopulator at 18750 6 6943 in a room of size 13x14 
[2026-03-19 08:45:50] [INFO   ] Registered: org.terraform.structure.mineshaft.ShaftTopPopulator at 18812 6 6997 in a room of size 13x6 
[2026-03-19 08:45:50] [INFO   ] Registered: org.terraform.structure.mineshaft.ShaftTopPopulator at 18795 6 7045 in a room of size 13x6 
[2026-03-19 08:45:50] [INFO   ] Registered: org.terraform.structure.mineshaft.ShaftTopPopulator at 18700 6 7021 in a room of size 14x5 
[2026-03-19 08:46:07] [INFO   ] Minecart with chest at: 18237, 30, 7003 
[2026-03-19 08:46:10] [INFO   ] Minecart with chest at: 18711, -9, 6991 
[2026-03-19 08:46:13] [INFO   ] Minecart with chest at: 18750, 6, 6984 
[2026-03-19 08:46:15] [INFO   ] Minecart with chest at: 18767, -9, 7020 
[2026-03-19 08:46:15] [INFO   ] Generating org.terraform.structure.mineshaft.MineshaftPopulator at chunk: 1172,436 
[2026-03-19 08:46:18] [INFO   ] Minecart with chest at: 18795, 6, 7044 
[2026-03-19 08:46:21] [INFO   ] Generating org.terraform.structure.small.dungeon.SmallDungeonPopulator at chunk: 1167,433 
[2026-03-19 08:46:21] [INFO   ] Spawning Underground Dungeon at 18681,23,6936 
[2026-03-19 08:46:21] [INFO   ] Minecart with chest at: 18704, 6, 6942 
[2026-03-19 08:46:21] [INFO   ] Minecart with chest at: 18741, 6, 6930 
[2026-03-19 08:46:21] [INFO   ] Minecart with chest at: 18738, 6, 6942 
[2026-03-19 08:46:21] [INFO   ] Generating org.terraform.structure.small.buriedtreasure.BuriedTreasurePopulator at chunk: 1177,455 
[2026-03-19 08:46:23] [INFO   ] Minecart with chest at: 18776, -9, 6924 
[2026-03-19 08:46:27] [INFO   ] Generating org.terraform.structure.small.buriedtreasure.BuriedTreasurePopulator at chunk: 1158,431 
[2026-03-19 08:46:30] [INFO   ] Large Cave at 19264,19,6976 has water level > -19 with populator GenericLargeCavePopulator 
[2026-03-19 08:46:31] [INFO   ] Large Cave at 19264,11,7488 has water level > -31 with populator GenericLargeCavePopulator 
[2026-03-19 08:46:53] [INFO   ] Generating org.terraform.structure.small.dungeon.SmallDungeonPopulator at chunk: 1208,460 
[2026-03-19 08:46:53] [INFO   ] Spawning Underground Dungeon at 19333,42,7369 
[2026-03-19 08:46:54] [INFO   ] Generating org.terraform.structure.caves.LargeCavePopulator at chunk: 1204,468 
[2026-03-19 08:47:03] [INFO   ] Large Cave at 19264,13,8000 has water level > -11 with populator MushroomCavePopulator 
[2026-03-19 08:47:03] [INFO   ] Spawning ancient city at: 19776,-14,7488 
[2026-03-19 08:47:03] [INFO   ] Registered: org.terraform.structure.ancientcity.AncientCitySchematicPlatform at 19821 -14 7533 in a room of size 25x24 
[2026-03-19 08:47:03] [INFO   ] Registered: org.terraform.structure.ancientcity.AncientCityAltarPopulator at 19821 -14 7501 in a room of size 22x21 
[2026-03-19 08:47:03] [INFO   ] Registered: org.terraform.structure.ancientcity.AncientCitySchematicPlatform at 19821 -14 7454 in a room of size 21x20 
[2026-03-19 08:47:03] [INFO   ] Registered: org.terraform.structure.ancientcity.AncientCitySchematicPlatform at 19767 -14 7456 in a room of size 26x20 
[2026-03-19 08:47:03] [INFO   ] Registered: org.terraform.structure.ancientcity.AncientCityLargePillarRoomPopulator at 19721 -14 7523 in a room of size 19x17 
[2026-03-19 08:47:03] [INFO   ] Registered: org.terraform.structure.ancientcity.AncientCityRuinsPlatform at 19730 -14 7472 in a room of size 22x18 
[2026-03-19 08:47:03] [INFO   ] Registered: org.terraform.structure.ancientcity.AncientCityCenterPlatformPopulator at 19784 -14 7496 in a room of size 46x46 
[2026-03-19 08:47:03] [INFO   ] Registered: org.terraform.structure.ancientcity.AncientCitySchematicPlatform at 19744 -14 7505 in a room of size 25x18 
[2026-03-19 08:47:03] [INFO   ] Registered: org.terraform.structure.ancientcity.AncientCitySchematicPlatform at 19807 -14 7429 in a room of size 22x25 
[2026-03-19 08:47:03] [INFO   ] Registered: org.terraform.structure.ancientcity.AncientCitySchematicPlatform at 19742 -14 7538 in a room of size 23x18 
[2026-03-19 08:47:03] [INFO   ] Registered: org.terraform.structure.ancientcity.AncientCityRuinsPlatform at 19780 -14 7541 in a room of size 22x18 
[2026-03-19 08:47:06] [INFO   ] Registered: org.terraform.structure.mineshaft.ShaftRoomPopulator at 19849 26 7944 in a room of size 15x13 
[2026-03-19 08:47:06] [INFO   ] Registered: org.terraform.structure.mineshaft.SmeltingHallPopulator at 19792 26 7950 in a room of size 15x14 
[2026-03-19 08:47:06] [INFO   ] Registered: org.terraform.structure.mineshaft.ShaftRoomPopulator at 19755 26 8029 in a room of size 13x14 
[2026-03-19 08:47:06] [INFO   ] Registered: org.terraform.structure.mineshaft.ShaftRoomPopulator at 19847 26 8043 in a room of size 15x14 
[2026-03-19 08:47:06] [INFO   ] Registered: org.terraform.structure.mineshaft.ShaftRoomPopulator at 19707 26 8008 in a room of size 15x13 
[2026-03-19 08:47:06] [INFO   ] Registered: org.terraform.structure.mineshaft.ShaftRoomPopulator at 19760 26 8047 in a room of size 15x14 
[2026-03-19 08:47:06] [INFO   ] Registered: org.terraform.structure.mineshaft.SmeltingHallPopulator at 19786 26 8054 in a room of size 15x13 
[2026-03-19 08:47:06] [INFO   ] Registered: org.terraform.structure.mineshaft.CaveSpiderDenPopulator at 19844 26 8072 in a room of size 14x15 
[2026-03-19 08:47:06] [INFO   ] Registered: org.terraform.structure.mineshaft.SmeltingHallPopulator at 19726 26 8067 in a room of size 13x14 
[2026-03-19 08:47:06] [INFO   ] Registered: org.terraform.structure.mineshaft.ShaftTopPopulator at 19847 41 8043 in a room of size 15x6 
[2026-03-19 08:47:06] [INFO   ] Registered: org.terraform.structure.mineshaft.SmeltingHallPopulator at 19740 41 7972 in a room of size 13x15 
[2026-03-19 08:47:06] [INFO   ] Registered: org.terraform.structure.mineshaft.CaveSpiderDenPopulator at 19787 41 7943 in a room of size 14x15 
[2026-03-19 08:47:06] [INFO   ] Registered: org.terraform.structure.mineshaft.SmeltingHallPopulator at 19746 41 7957 in a room of size 13x15 
[2026-03-19 08:47:06] [INFO   ] Registered: org.terraform.structure.mineshaft.SmeltingHallPopulator at 19814 41 8015 in a room of size 13x14 
[2026-03-19 08:47:06] [INFO   ] Registered: org.terraform.structure.mineshaft.ShaftTopPopulator at 19849 41 7944 in a room of size 15x6 
[2026-03-19 08:47:06] [INFO   ] Registered: org.terraform.structure.mineshaft.CaveSpiderDenPopulator at 19707 41 8048 in a room of size 13x14 
[2026-03-19 08:47:06] [INFO   ] Registered: org.terraform.structure.mineshaft.ShaftTopPopulator at 19707 41 8008 in a room of size 15x6 
[2026-03-19 08:47:06] [INFO   ] Registered: org.terraform.structure.mineshaft.ShaftTopPopulator at 19755 41 8029 in a room of size 13x7 
[2026-03-19 08:47:06] [INFO   ] Registered: org.terraform.structure.mineshaft.ShaftTopPopulator at 19760 41 8047 in a room of size 15x5 
[2026-03-19 08:47:06] [INFO   ] Registered: org.terraform.structure.mineshaft.SmeltingHallPopulator at 19808 41 8055 in a room of size 15x15 
[2026-03-19 08:47:06] [INFO   ] Registered: org.terraform.structure.mineshaft.CaveSpiderDenPopulator at 19741 41 8071 in a room of size 13x13 
[2026-03-19 08:47:06] [INFO   ] Registered: org.terraform.structure.mineshaft.CaveSpiderDenPopulator at 19841 41 7982 in a room of size 15x13 
[2026-03-19 08:47:06] [INFO   ] Registered: org.terraform.structure.mineshaft.CaveSpiderDenPopulator at 19802 41 8035 in a room of size 15x15 
[2026-03-19 08:47:06] [INFO   ] Registered: org.terraform.structure.mineshaft.CaveSpiderDenPopulator at 19833 41 7963 in a room of size 15x14 
[2026-03-19 08:47:19] [INFO   ] Generating org.terraform.structure.small.dungeon.SmallDungeonPopulator at chunk: 1233,484 
[2026-03-19 08:47:19] [INFO   ] Spawning Underground Dungeon at 19730,24,7757 
[2026-03-19 08:47:23] [INFO   ] Medium Schematic 
[2026-03-19 08:47:27] [INFO   ] Minecart with chest at: 19791, 26, 7960 
[2026-03-19 08:47:27] [INFO   ] Minecart with chest at: 19707, 41, 8006 
[2026-03-19 08:47:28] [INFO   ] Minecart with chest at: 19746, 41, 8007 
[2026-03-19 08:47:28] [INFO   ] Minecart with chest at: 19781, 41, 7971 
[2026-03-19 08:47:28] [INFO   ] Minecart with chest at: 19767, 41, 8013 
[2026-03-19 08:47:28] [INFO   ] Minecart with chest at: 19794, 41, 7980 
[2026-03-19 08:47:29] [INFO   ] Minecart with chest at: 19789, 41, 8013 
[2026-03-19 08:47:31] [INFO   ] Minecart with chest at: 19801, 26, 8043 
[2026-03-19 08:47:31] [INFO   ] Minecart with chest at: 19803, 41, 8046 
[2026-03-19 08:47:31] [INFO   ] Generating org.terraform.structure.mineshaft.MineshaftPopulator at chunk: 1236,500 
[2026-03-19 08:47:32] [INFO   ] Minecart with chest at: 19837, 26, 8043 
[2026-03-19 08:47:35] [INFO   ] Minecart with chest at: 19771, 41, 8070 
[2026-03-19 08:47:44] [INFO   ] Registered: org.terraform.structure.mineshaft.ShaftRoomPopulator at 20304 22 7963 in a room of size 15x13 
[2026-03-19 08:47:44] [INFO   ] Registered: org.terraform.structure.mineshaft.SmeltingHallPopulator at 20296 22 7985 in a room of size 13x15 
[2026-03-19 08:47:44] [INFO   ] Registered: org.terraform.structure.mineshaft.ShaftRoomPopulator at 20340 22 7959 in a room of size 13x13 
[2026-03-19 08:47:44] [INFO   ] Registered: org.terraform.structure.mineshaft.SmeltingHallPopulator at 20281 22 8069 in a room of size 14x13 
[2026-03-19 08:47:44] [INFO   ] Registered: org.terraform.structure.mineshaft.ShaftRoomPopulator at 20267 22 7979 in a room of size 13x13 
[2026-03-19 08:47:44] [INFO   ] Registered: org.terraform.structure.mineshaft.CaveSpiderDenPopulator at 20326 22 7994 in a room of size 15x15 
[2026-03-19 08:47:44] [INFO   ] Registered: org.terraform.structure.mineshaft.SmeltingHallPopulator at 20321 22 7968 in a room of size 15x13 
[2026-03-19 08:47:44] [INFO   ] Registered: org.terraform.structure.mineshaft.CaveSpiderDenPopulator at 20290 22 7952 in a room of size 14x14 
[2026-03-19 08:47:44] [INFO   ] Registered: org.terraform.structure.mineshaft.CaveSpiderDenPopulator at 20243 22 7941 in a room of size 15x14 
[2026-03-19 08:47:44] [INFO   ] Registered: org.terraform.structure.mineshaft.ShaftTopPopulator at 20304 37 7963 in a room of size 15x5 
[2026-03-19 08:47:44] [INFO   ] Registered: org.terraform.structure.mineshaft.ShaftTopPopulator at 20267 37 7979 in a room of size 13x7 
[2026-03-19 08:47:44] [INFO   ] Registered: org.terraform.structure.mineshaft.SmeltingHallPopulator at 20267 37 8032 in a room of size 14x14 
[2026-03-19 08:47:44] [INFO   ] Registered: org.terraform.structure.mineshaft.SmeltingHallPopulator at 20293 37 8020 in a room of size 15x14 
[2026-03-19 08:47:44] [INFO   ] Registered: org.terraform.structure.mineshaft.SmeltingHallPopulator at 20221 37 8015 in a room of size 13x15 
[2026-03-19 08:47:44] [INFO   ] Registered: org.terraform.structure.mineshaft.CaveSpiderDenPopulator at 20352 37 8009 in a room of size 13x13 
[2026-03-19 08:47:44] [INFO   ] Registered: org.terraform.structure.mineshaft.SmeltingHallPopulator at 20330 37 7928 in a room of size 14x15 
[2026-03-19 08:47:44] [INFO   ] Registered: org.terraform.structure.mineshaft.CaveSpiderDenPopulator at 20253 37 7950 in a room of size 15x13 
[2026-03-19 08:47:44] [INFO   ] Registered: org.terraform.structure.mineshaft.SmeltingHallPopulator at 20219 37 7975 in a room of size 14x15 
[2026-03-19 08:47:44] [INFO   ] Registered: org.terraform.structure.mineshaft.ShaftTopPopulator at 20340 37 7959 in a room of size 13x7 
[2026-03-19 08:47:44] [INFO   ] Registered: org.terraform.structure.mineshaft.SmeltingHallPopulator at 20259 37 8006 in a room of size 13x14 
[2026-03-19 08:47:44] [INFO   ] Registered: org.terraform.structure.mineshaft.SmeltingHallPopulator at 20245 37 7933 in a room of size 14x15 
[2026-03-19 08:47:50] [INFO   ] Registered: org.terraform.structure.mineshaft.CaveSpiderDenPopulator at 19703 23 8459 in a room of size 13x15 
[2026-03-19 08:47:50] [INFO   ] Registered: org.terraform.structure.mineshaft.SmeltingHallPopulator at 19807 23 8551 in a room of size 13x13 
[2026-03-19 08:47:50] [INFO   ] Registered: org.terraform.structure.mineshaft.CaveSpiderDenPopulator at 19724 23 8528 in a room of size 14x15 
[2026-03-19 08:47:50] [INFO   ] Registered: org.terraform.structure.mineshaft.CaveSpiderDenPopulator at 19740 23 8488 in a room of size 13x15 
[2026-03-19 08:47:50] [INFO   ] Registered: org.terraform.structure.mineshaft.CaveSpiderDenPopulator at 19718 23 8492 in a room of size 13x15 
[2026-03-19 08:47:50] [INFO   ] Registered: org.terraform.structure.mineshaft.CaveSpiderDenPopulator at 19800 23 8440 in a room of size 14x15 
[2026-03-19 08:47:50] [INFO   ] Registered: org.terraform.structure.mineshaft.CaveSpiderDenPopulator at 19788 23 8458 in a room of size 13x14 
[2026-03-19 08:47:50] [INFO   ] Registered: org.terraform.structure.mineshaft.CaveSpiderDenPopulator at 20355 14 8519 in a room of size 13x13 
[2026-03-19 08:47:50] [INFO   ] Registered: org.terraform.structure.mineshaft.SmeltingHallPopulator at 20224 14 8452 in a room of size 13x15 
[2026-03-19 08:47:50] [INFO   ] Registered: org.terraform.structure.mineshaft.SmeltingHallPopulator at 20279 14 8453 in a room of size 15x13 
[2026-03-19 08:47:50] [INFO   ] Registered: org.terraform.structure.mineshaft.CaveSpiderDenPopulator at 20326 14 8460 in a room of size 15x13 
[2026-03-19 08:47:50] [INFO   ] Registered: org.terraform.structure.mineshaft.CaveSpiderDenPopulator at 20310 14 8528 in a room of size 15x13 
[2026-03-19 08:47:50] [INFO   ] Registered: org.terraform.structure.mineshaft.SmeltingHallPopulator at 20262 14 8458 in a room of size 15x13 
[2026-03-19 08:47:50] [INFO   ] Registered: org.terraform.structure.mineshaft.SmeltingHallPopulator at 20265 14 8498 in a room of size 14x13 
[2026-03-19 08:47:50] [INFO   ] Registered: org.terraform.structure.mineshaft.CaveSpiderDenPopulator at 20287 14 8557 in a room of size 15x13 
[2026-03-19 08:47:50] [INFO   ] Registered: org.terraform.structure.mineshaft.SmeltingHallPopulator at 20304 14 8482 in a room of size 15x13 
[2026-03-19 08:47:50] [INFO   ] Registered: org.terraform.structure.mineshaft.CaveSpiderDenPopulator at 20362 14 8467 in a room of size 14x14 
[2026-03-19 08:48:04] [INFO   ] Generating org.terraform.structure.small.igloo.IglooPopulator at chunk: 1256,518 
[2026-03-19 08:48:04] [INFO   ] Placing igloo of size 4 
[2026-03-19 08:48:18] [INFO   ] Minecart with chest at: 20265, 22, 8026 
[2026-03-19 08:48:20] [INFO   ] Minecart with chest at: 20280, 22, 8064 
[2026-03-19 08:48:21] [INFO   ] Generating org.terraform.structure.small.dungeon.SmallDungeonPopulator at chunk: 1268,508 
[2026-03-19 08:48:21] [INFO   ] Spawning Underground Dungeon at 20301,45,8134 
[2026-03-19 08:48:26] [INFO   ] Minecart with chest at: 20310, 14, 8463 
[2026-03-19 08:48:29] [INFO   ] Minecart with chest at: 20355, 14, 8476 
[2026-03-19 08:48:37] [INFO   ] Minecart with chest at: 20265, 14, 8529 
[2026-03-19 08:48:37] [INFO   ] Minecart with chest at: 20304, 14, 8538 
[2026-03-19 08:48:37] [INFO   ] Generating org.terraform.structure.mineshaft.MineshaftPopulator at chunk: 1268,532 
[2026-03-19 08:49:01] [INFO   ] Generating org.terraform.structure.small.igloo.IglooPopulator at chunk: 1288,516 
[2026-03-19 08:49:01] [INFO   ] Placing igloo of size 5 
[2026-03-19 08:49:02] [INFO   ] 1300,532 will spawn a vanilla structure, with tryGenerateStructure == true 
[2026-03-19 08:49:02] [INFO   ] 1300,500 will spawn a vanilla structure, with tryGenerateStructure == true 
[2026-03-19 08:49:12] [INFO   ] Generating org.terraform.structure.trialchamber.TrialChamberPopulator at chunk: 1300,532 
[2026-03-19 08:49:13] [INFO   ] Generating org.terraform.structure.small.dungeon.SmallDungeonPopulator at chunk: 1302,533 
[2026-03-19 08:49:13] [INFO   ] Spawning Underground Dungeon at 20841,15,8529 
[2026-03-19 08:49:15] [INFO   ] Generating org.terraform.structure.small.ruinedportal.RuinedPortalPopulator at chunk: 1305,518 
[2026-03-19 08:49:22] [INFO   ] Generating org.terraform.structure.small.dungeon.SmallDungeonPopulator at chunk: 1307,508 
[2026-03-19 08:49:22] [INFO   ] Spawning Underground Dungeon at 20919,30,8139 
[2026-03-19 08:49:23] [INFO   ] Generating org.terraform.structure.small.dungeon.SmallDungeonPopulator at chunk: 1316,527 
[2026-03-19 08:49:23] [INFO   ] Spawning Underground Dungeon at 21057,46,8445 
[2026-03-19 08:49:24] [INFO   ] Generating org.terraform.structure.small.dungeon.SmallDungeonPopulator at chunk: 1317,534 
[2026-03-19 08:49:24] [INFO   ] Spawning Underground Dungeon at 21074,38,8548 
[2026-03-19 08:49:44] [INFO   ] Large Cave at 21824,10,8000 has water level > -23 with populator MushroomCavePopulator 
[2026-03-19 08:51:58] [INFO   ] Generating org.terraform.structure.small.dungeon.SmallDungeonPopulator at chunk: 1357,529 
[2026-03-19 08:51:58] [INFO   ] Spawning Underground Dungeon at 21720,20,8471 
[2026-03-19 08:52:07] [INFO   ] Generating org.terraform.structure.small.ruinedportal.RuinedPortalPopulator at chunk: 1366,532 
[2026-03-19 08:52:07] [INFO   ] Generating org.terraform.structure.villagehouse.VillageHousePopulator at chunk: 1364,532 
[2026-03-19 08:52:07] [INFO   ] Spawning animal farm at 21824,70,8512 with rotation of NORTH 
[2026-03-19 08:52:18] [INFO   ] Registered: org.terraform.structure.mineshaft.SmeltingHallPopulator at 22385 14 8502 in a room of size 13x14 
[2026-03-19 08:52:18] [INFO   ] Registered: org.terraform.structure.mineshaft.SmeltingHallPopulator at 22291 14 8584 in a room of size 14x15 
[2026-03-19 08:52:18] [INFO   ] Registered: org.terraform.structure.mineshaft.SmeltingHallPopulator at 22316 14 8526 in a room of size 15x13 
[2026-03-19 08:52:18] [INFO   ] Registered: org.terraform.structure.mineshaft.CaveSpiderDenPopulator at 22407 14 8585 in a room of size 13x15 
[2026-03-19 08:52:18] [INFO   ] Registered: org.terraform.structure.mineshaft.SmeltingHallPopulator at 22324 14 8560 in a room of size 15x13 
[2026-03-19 08:52:18] [INFO   ] Registered: org.terraform.structure.mineshaft.CaveSpiderDenPopulator at 22263 14 8442 in a room of size 15x13 
[2026-03-19 08:52:18] [INFO   ] Registered: org.terraform.structure.mineshaft.CaveSpiderDenPopulator at 22346 14 8551 in a room of size 13x13 
[2026-03-19 08:52:18] [INFO   ] Registered: org.terraform.structure.mineshaft.SmeltingHallPopulator at 22351 14 8537 in a room of size 14x14 
[2026-03-19 08:52:18] [INFO   ] Registered: org.terraform.structure.mineshaft.SmeltingHallPopulator at 22387 14 8483 in a room of size 14x13 
[2026-03-19 08:52:18] [INFO   ] Registered: org.terraform.structure.mineshaft.CaveSpiderDenPopulator at 22290 14 8460 in a room of size 13x15 
[2026-03-19 08:52:39] [INFO   ] Minecart with chest at: 22263, 14, 8525 
[2026-03-19 08:52:41] [INFO   ] Minecart with chest at: 22330, 14, 8526 
[2026-03-19 08:52:42] [INFO   ] Minecart with chest at: 22350, 14, 8517 
[2026-03-19 08:52:42] [INFO   ] Minecart with chest at: 22314, 14, 8560 
[2026-03-19 08:52:43] [INFO   ] Minecart with chest at: 22314, 14, 8576 
[2026-03-19 08:52:43] [INFO   ] Generating org.terraform.structure.mineshaft.MineshaftPopulator at chunk: 1396,532 
[2026-03-19 08:52:44] [INFO   ] Generating org.terraform.structure.small.shipwreck.ShipwreckPopulator at chunk: 1402,530 
[2026-03-19 08:52:44] [INFO   ] Spawning shipwreck at 22439, 38, 8492 with rotation of EAST 
[2026-03-19 08:52:44] [INFO   ] Generating org.terraform.structure.small.ruinedportal.RuinedPortalPopulator at chunk: 1402,530 
[2026-03-19 08:52:48] [INFO   ] Registered: org.terraform.structure.mineshaft.SmeltingHallPopulator at 22898 -7 8568 in a room of size 14x15 
[2026-03-19 08:52:48] [INFO   ] Registered: org.terraform.structure.mineshaft.CaveSpiderDenPopulator at 22810 -7 8514 in a room of size 14x14 
[2026-03-19 08:52:48] [INFO   ] Registered: org.terraform.structure.mineshaft.SmeltingHallPopulator at 22921 -7 8485 in a room of size 13x15 
[2026-03-19 08:52:48] [INFO   ] Registered: org.terraform.structure.mineshaft.CaveSpiderDenPopulator at 22804 -7 8453 in a room of size 13x14 
[2026-03-19 08:52:48] [INFO   ] Registered: org.terraform.structure.mineshaft.CaveSpiderDenPopulator at 22834 -7 8478 in a room of size 13x13 
[2026-03-19 08:52:48] [INFO   ] Registered: org.terraform.structure.mineshaft.SmeltingHallPopulator at 22825 -7 8529 in a room of size 13x14 
[2026-03-19 08:52:48] [INFO   ] Registered: org.terraform.structure.mineshaft.SmeltingHallPopulator at 22777 -7 8577 in a room of size 15x15 
[2026-03-19 08:52:48] [INFO   ] Registered: org.terraform.structure.mineshaft.CaveSpiderDenPopulator at 22818 -7 8544 in a room of size 15x14 
[2026-03-19 08:52:53] [INFO   ] Generating org.terraform.structure.small.shipwreck.ShipwreckPopulator at chunk: 1414,532 
[2026-03-19 08:52:53] [INFO   ] Spawning shipwreck at 22625, 46, 8525 with rotation of SOUTH 
[2026-03-19 08:53:00] [INFO   ] Minecart with chest at: 22803, -7, 8471 
[2026-03-19 08:53:03] [INFO   ] Generating org.terraform.structure.mineshaft.MineshaftPopulator at chunk: 1428,532 
[2026-03-19 08:53:05] [INFO   ] Generating org.terraform.structure.small.dungeon.SmallDungeonPopulator at chunk: 1432,534 
[2026-03-19 08:53:05] [INFO   ] Spawning Underground Dungeon at 22920,33,8555 
[2026-03-19 08:53:11] [INFO   ] Registered: org.terraform.structure.mineshaft.CaveSpiderDenPopulator at 23419 -4 8520 in a room of size 14x14 
[2026-03-19 08:53:11] [INFO   ] Registered: org.terraform.structure.mineshaft.SmeltingHallPopulator at 23340 -4 8457 in a room of size 15x15 
[2026-03-19 08:53:11] [INFO   ] Registered: org.terraform.structure.mineshaft.SmeltingHallPopulator at 23373 -4 8513 in a room of size 15x13 
[2026-03-19 08:53:11] [INFO   ] Registered: org.terraform.structure.mineshaft.CaveSpiderDenPopulator at 23391 -4 8516 in a room of size 14x14 
[2026-03-19 08:53:11] [INFO   ] Registered: org.terraform.structure.mineshaft.SmeltingHallPopulator at 23297 -4 8508 in a room of size 14x15 
[2026-03-19 08:53:11] [INFO   ] Registered: org.terraform.structure.mineshaft.CaveSpiderDenPopulator at 23380 -4 8562 in a room of size 13x13 
[2026-03-19 08:53:11] [INFO   ] Registered: org.terraform.structure.mineshaft.SmeltingHallPopulator at 23361 -4 8464 in a room of size 13x15 
[2026-03-19 08:53:11] [INFO   ] Registered: org.terraform.structure.mineshaft.CaveSpiderDenPopulator at 23289 -4 8579 in a room of size 14x15 
[2026-03-19 08:53:11] [INFO   ] Registered: org.terraform.structure.mineshaft.CaveSpiderDenPopulator at 23322 -4 8570 in a room of size 14x14 
[2026-03-19 08:53:11] [INFO   ] Registered: org.terraform.structure.mineshaft.CaveSpiderDenPopulator at 23356 -4 8570 in a room of size 15x14 
[2026-03-19 08:53:18] [INFO   ] Large Cave at 22848,15,8000 has water level > -30 with populator GenericLargeCavePopulator 
[2026-03-19 08:53:28] [INFO   ] Minecart with chest at: 23332, -4, 8577 
[2026-03-19 08:53:31] [INFO   ] Generating org.terraform.structure.mineshaft.MineshaftPopulator at chunk: 1460,532 
[2026-03-19 08:53:33] [INFO   ] Spawning Creaking Heart at 23414,68,8243 
[2026-03-19 08:53:33] [INFO   ] Spawning Creaking Heart at 23420,67,8227 
[2026-03-19 08:53:38] [INFO   ] Spawning Creaking Heart at 23431,74,8343 
[2026-03-19 08:53:38] [INFO   ] Spawning Creaking Heart at 23430,75,8333 
[2026-03-19 08:53:38] [INFO   ] Spawning Creaking Heart at 23427,75,8282 
[2026-03-19 08:53:39] [INFO   ] Spawning Creaking Heart at 23442,70,8257 
[2026-03-19 08:53:41] [INFO   ] Spawning Creaking Heart at 23467,71,8292 
[2026-03-19 08:53:41] [INFO   ] Spawning Creaking Heart at 23467,70,8258 
[2026-03-19 08:53:41] [INFO   ] Spawning Creaking Heart at 23460,70,8213 
[2026-03-19 08:53:41] [INFO   ] [NativeGeneratorPatcher] Flushing repairs (101 chunks), pushed by cache size 
[2026-03-19 08:53:42] [INFO   ] Large Cave at 14144,54,8000 has water level > -25 with populator GenericLargeCavePopulator 
[2026-03-19 08:53:45] [INFO   ] Registered: org.terraform.structure.mineshaft.ShaftRoomPopulator at 1355 16 1818 in a room of size 14x13 
[2026-03-19 08:53:45] [INFO   ] Registered: org.terraform.structure.mineshaft.ShaftRoomPopulator at 1315 16 1884 in a room of size 14x13 
[2026-03-19 08:53:45] [INFO   ] Registered: org.terraform.structure.mineshaft.CaveSpiderDenPopulator at 1408 16 1915 in a room of size 14x14 
[2026-03-19 08:53:45] [INFO   ] Registered: org.terraform.structure.mineshaft.ShaftRoomPopulator at 1376 16 1794 in a room of size 14x15 
[2026-03-19 08:53:45] [INFO   ] Registered: org.terraform.structure.mineshaft.SmeltingHallPopulator at 1290 16 1793 in a room of size 13x15 
[2026-03-19 08:53:45] [INFO   ] Registered: org.terraform.structure.mineshaft.SmeltingHallPopulator at 1335 16 1801 in a room of size 14x15 
[2026-03-19 08:53:45] [INFO   ] Registered: org.terraform.structure.mineshaft.CaveSpiderDenPopulator at 1314 16 1911 in a room of size 14x15 
[2026-03-19 08:53:45] [INFO   ] Registered: org.terraform.structure.mineshaft.SmeltingHallPopulator at 1366 16 1911 in a room of size 13x15 
[2026-03-19 08:53:45] [INFO   ] Registered: org.terraform.structure.mineshaft.ShaftRoomPopulator at 1401 16 1811 in a room of size 13x14 
[2026-03-19 08:53:45] [INFO   ] Registered: org.terraform.structure.mineshaft.ShaftRoomPopulator at 1404 16 1931 in a room of size 15x13 
[2026-03-19 08:53:45] [INFO   ] Registered: org.terraform.structure.mineshaft.SmeltingHallPopulator at 1332 31 1896 in a room of size 14x14 
[2026-03-19 08:53:45] [INFO   ] Registered: org.terraform.structure.mineshaft.ShaftTopPopulator at 1404 31 1931 in a room of size 15x7 
[2026-03-19 08:53:45] [INFO   ] Registered: org.terraform.structure.mineshaft.CaveSpiderDenPopulator at 1310 31 1796 in a room of size 13x13 
[2026-03-19 08:53:45] [INFO   ] Registered: org.terraform.structure.mineshaft.SmeltingHallPopulator at 1403 31 1877 in a room of size 15x14 
[2026-03-19 08:53:45] [INFO   ] Registered: org.terraform.structure.mineshaft.ShaftTopPopulator at 1376 31 1794 in a room of size 14x6 
[2026-03-19 08:53:45] [INFO   ] Registered: org.terraform.structure.mineshaft.ShaftTopPopulator at 1355 31 1818 in a room of size 14x5 
[2026-03-19 08:53:45] [INFO   ] Registered: org.terraform.structure.mineshaft.SmeltingHallPopulator at 1323 31 1829 in a room of size 13x13 
[2026-03-19 08:53:45] [INFO   ] Registered: org.terraform.structure.mineshaft.ShaftTopPopulator at 1315 31 1884 in a room of size 14x5 
[2026-03-19 08:53:45] [INFO   ] Registered: org.terraform.structure.mineshaft.SmeltingHallPopulator at 1417 31 1876 in a room of size 14x14 
[2026-03-19 08:53:45] [INFO   ] Registered: org.terraform.structure.mineshaft.SmeltingHallPopulator at 1367 31 1869 in a room of size 15x15 
[2026-03-19 08:53:45] [INFO   ] Registered: org.terraform.structure.mineshaft.ShaftTopPopulator at 1401 31 1811 in a room of size 13x5 
[2026-03-19 08:53:45] [INFO   ] Registered: org.terraform.structure.mineshaft.SmeltingHallPopulator at 1372 31 1896 in a room of size 15x13 
[2026-03-19 08:53:45] [INFO   ] Registered: org.terraform.structure.mineshaft.SmeltingHallPopulator at 1297 31 1931 in a room of size 14x14 
[2026-03-19 08:53:46] [INFO   ] Large Cave at 19264,11,7488 has water level > -31 with populator GenericLargeCavePopulator 
[2026-03-19 08:53:46] [INFO   ] Spawning ancient city at: 10048,-11,9024 
[2026-03-19 08:53:46] [INFO   ] Registered: org.terraform.structure.ancientcity.AncientCityAltarPopulator at 10016 -11 9045 in a room of size 23x20 
[2026-03-19 08:53:46] [INFO   ] Registered: org.terraform.structure.ancientcity.AncientCitySchematicPlatform at 10089 -11 9072 in a room of size 23x25 
[2026-03-19 08:53:46] [INFO   ] Registered: org.terraform.structure.ancientcity.AncientCitySchematicPlatform at 10070 -11 8966 in a room of size 21x16 
[2026-03-19 08:53:46] [INFO   ] Registered: org.terraform.structure.ancientcity.AncientCityAltarPopulator at 10090 -11 9048 in a room of size 19x21 
[2026-03-19 08:53:46] [INFO   ] Registered: org.terraform.structure.ancientcity.AncientCitySchematicPlatform at 10102 -11 8993 in a room of size 21x23 
[2026-03-19 08:53:46] [INFO   ] Registered: org.terraform.structure.ancientcity.AncientCitySchematicPlatform at 10002 -11 9081 in a room of size 25x26 
[2026-03-19 08:53:46] [INFO   ] Registered: org.terraform.structure.ancientcity.AncientCitySchematicPlatform at 10073 -11 8985 in a room of size 22x21 
[2026-03-19 08:53:46] [INFO   ] Registered: org.terraform.structure.ancientcity.AncientCitySchematicPlatform at 10107 -11 8970 in a room of size 18x21 
[2026-03-19 08:53:46] [INFO   ] Registered: org.terraform.structure.ancientcity.AncientCityCenterPlatformPopulator at 10056 -11 9032 in a room of size 46x46 
[2026-03-19 08:53:46] [INFO   ] Registered: org.terraform.structure.ancientcity.AncientCitySchematicPlatform at 10034 -11 9079 in a room of size 19x24 
[2026-03-19 08:53:46] [INFO   ] Registered: org.terraform.structure.ancientcity.AncientCityRuinsPlatform at 9989 -11 9039 in a room of size 16x25 
[2026-03-19 08:53:46] [INFO   ] Registered: org.terraform.structure.ancientcity.AncientCityAltarPopulator at 10035 -11 8997 in a room of size 19x18 
[2026-03-19 08:53:46] [INFO   ] Registered: org.terraform.structure.ancientcity.AncientCitySchematicPlatform at 10034 -11 8974 in a room of size 22x19 
[2026-03-19 08:53:46] [INFO   ] Registered: org.terraform.structure.ancientcity.AncientCitySchematicPlatform at 10010 -11 8965 in a room of size 20x16 
[2026-03-19 08:53:46] [INFO   ] Registered: org.terraform.structure.ancientcity.AncientCitySchematicPlatform at 10012 -11 9004 in a room of size 23x19 
[2026-03-19 08:53:47] [INFO   ] Large Cave at 17216,21,8000 has water level > -12 with populator GenericLargeCavePopulator 
[2026-03-19 08:53:48] [INFO   ] Registered: org.terraform.structure.mineshaft.ShaftRoomPopulator at 18795 -2 7045 in a room of size 13x15 
[2026-03-19 08:53:48] [INFO   ] Registered: org.terraform.structure.mineshaft.SmeltingHallPopulator at 18711 -2 6927 in a room of size 13x14 
[2026-03-19 08:53:48] [INFO   ] Registered: org.terraform.structure.mineshaft.ShaftRoomPopulator at 18744 -2 7036 in a room of size 15x15 
[2026-03-19 08:53:48] [INFO   ] Registered: org.terraform.structure.mineshaft.ShaftRoomPopulator at 18700 -2 7021 in a room of size 14x15 
[2026-03-19 08:53:48] [INFO   ] Registered: org.terraform.structure.mineshaft.CaveSpiderDenPopulator at 18802 -2 6975 in a room of size 13x14 
[2026-03-19 08:53:48] [INFO   ] Registered: org.terraform.structure.mineshaft.CaveSpiderDenPopulator at 18765 -2 6924 in a room of size 13x15 
[2026-03-19 08:53:48] [INFO   ] Registered: org.terraform.structure.mineshaft.SmeltingHallPopulator at 18755 -2 7009 in a room of size 13x14 
[2026-03-19 08:53:48] [INFO   ] Registered: org.terraform.structure.mineshaft.SmeltingHallPopulator at 18823 -2 6976 in a room of size 15x15 
[2026-03-19 08:53:48] [INFO   ] Registered: org.terraform.structure.mineshaft.ShaftRoomPopulator at 18812 -2 6997 in a room of size 13x14 
[2026-03-19 08:53:48] [INFO   ] Registered: org.terraform.structure.mineshaft.SmeltingHallPopulator at 18726 13 7009 in a room of size 13x13 
[2026-03-19 08:53:48] [INFO   ] Registered: org.terraform.structure.mineshaft.ShaftTopPopulator at 18744 13 7036 in a room of size 15x7 
[2026-03-19 08:53:48] [INFO   ] Registered: org.terraform.structure.mineshaft.ShaftTopPopulator at 18700 13 7021 in a room of size 14x5 
[2026-03-19 08:53:48] [INFO   ] Registered: org.terraform.structure.mineshaft.ShaftTopPopulator at 18795 13 7045 in a room of size 13x6 
[2026-03-19 08:53:48] [INFO   ] Registered: org.terraform.structure.mineshaft.SmeltingHallPopulator at 18751 13 6991 in a room of size 14x15 
[2026-03-19 08:53:48] [INFO   ] Registered: org.terraform.structure.mineshaft.CaveSpiderDenPopulator at 18722 13 6930 in a room of size 15x14 
[2026-03-19 08:53:48] [INFO   ] Registered: org.terraform.structure.mineshaft.CaveSpiderDenPopulator at 18749 13 6924 in a room of size 14x13 
[2026-03-19 08:53:48] [INFO   ] Registered: org.terraform.structure.mineshaft.SmeltingHallPopulator at 18795 13 7017 in a room of size 13x13 
[2026-03-19 08:53:48] [INFO   ] Registered: org.terraform.structure.mineshaft.SmeltingHallPopulator at 18770 13 7006 in a room of size 13x15 
[2026-03-19 08:53:48] [INFO   ] Registered: org.terraform.structure.mineshaft.SmeltingHallPopulator at 18704 13 6904 in a room of size 13x15 
[2026-03-19 08:53:48] [INFO   ] Registered: org.terraform.structure.mineshaft.SmeltingHallPopulator at 18699 13 7005 in a room of size 15x13 
[2026-03-19 08:53:48] [INFO   ] Registered: org.terraform.structure.mineshaft.ShaftTopPopulator at 18812 13 6997 in a room of size 13x6 
[2026-03-19 08:53:48] [INFO   ] Registered: org.terraform.structure.mineshaft.CaveSpiderDenPopulator at 18750 13 6943 in a room of size 13x14 
[2026-03-19 08:53:59] [INFO   ] Spawning ancient city at: 13120,-19,8000 
[2026-03-19 08:53:59] [INFO   ] Registered: org.terraform.structure.ancientcity.AncientCityCenterPlatformPopulator at 13128 -19 8008 in a room of size 46x46 
[2026-03-19 08:53:59] [INFO   ] Registered: org.terraform.structure.ancientcity.AncientCityRuinsPlatform at 13169 -19 8056 in a room of size 25x17 
[2026-03-19 08:53:59] [INFO   ] Registered: org.terraform.structure.ancientcity.AncientCityRuinsPlatform at 13142 -19 7954 in a room of size 25x17 
[2026-03-19 08:53:59] [INFO   ] Registered: org.terraform.structure.ancientcity.AncientCityAltarPopulator at 13122 -19 7973 in a room of size 24x19 
[2026-03-19 08:53:59] [INFO   ] Registered: org.terraform.structure.ancientcity.AncientCitySchematicPlatform at 13167 -19 8008 in a room of size 21x24 
[2026-03-19 08:53:59] [INFO   ] Registered: org.terraform.structure.ancientcity.AncientCityRuinsPlatform at 13147 -19 8049 in a room of size 16x26 
[2026-03-19 08:53:59] [INFO   ] Registered: org.terraform.structure.ancientcity.AncientCityRuinsPlatform at 13100 -19 8058 in a room of size 17x21 
[2026-03-19 08:53:59] [INFO   ] Registered: org.terraform.structure.ancientcity.AncientCitySchematicPlatform at 13087 -19 8008 in a room of size 22x24 
[2026-03-19 08:53:59] [INFO   ] Registered: org.terraform.structure.ancientcity.AncientCityAltarPopulator at 13093 -19 7950 in a room of size 22x23 
[2026-03-19 08:53:59] [INFO   ] Registered: org.terraform.structure.ancientcity.AncientCitySchematicPlatform at 13072 -19 8044 in a room of size 26x25 
[2026-03-19 08:53:59] [INFO   ] Registered: org.terraform.structure.ancientcity.AncientCitySchematicPlatform at 13169 -19 7945 in a room of size 18x16 
[2026-03-19 08:53:59] [INFO   ] Registered: org.terraform.structure.ancientcity.AncientCityAltarPopulator at 13170 -19 7981 in a room of size 20x25 
[2026-03-19 08:54:02] [INFO   ] Large Cave at 9536,18,9024 has water level > -26 with populator GenericLargeCavePopulator 
[2026-03-19 08:54:05] [INFO   ] Registered: org.terraform.structure.mineshaft.ShaftRoomPopulator at 6950 14 6435 in a room of size 14x15 
[2026-03-19 08:54:05] [INFO   ] Registered: org.terraform.structure.mineshaft.ShaftRoomPopulator at 6983 14 6521 in a room of size 13x15 
[2026-03-19 08:54:05] [INFO   ] Registered: org.terraform.structure.mineshaft.SmeltingHallPopulator at 6919 14 6451 in a room of size 13x15 
[2026-03-19 08:54:05] [INFO   ] Registered: org.terraform.structure.mineshaft.SmeltingHallPopulator at 7043 14 6446 in a room of size 15x15 
[2026-03-19 08:54:05] [INFO   ] Registered: org.terraform.structure.mineshaft.SmeltingHallPopulator at 6952 14 6470 in a room of size 15x14 
[2026-03-19 08:54:05] [INFO   ] Registered: org.terraform.structure.mineshaft.ShaftRoomPopulator at 6994 14 6463 in a room of size 14x13 
[2026-03-19 08:54:05] [INFO   ] Registered: org.terraform.structure.mineshaft.CaveSpiderDenPopulator at 7034 14 6408 in a room of size 14x14 
[2026-03-19 08:54:05] [INFO   ] Registered: org.terraform.structure.mineshaft.ShaftRoomPopulator at 7031 14 6467 in a room of size 13x14 
[2026-03-19 08:54:05] [INFO   ] Registered: org.terraform.structure.mineshaft.CaveSpiderDenPopulator at 7051 14 6536 in a room of size 13x13 
[2026-03-19 08:54:05] [INFO   ] Registered: org.terraform.structure.mineshaft.ShaftRoomPopulator at 6968 14 6437 in a room of size 15x13 
[2026-03-19 08:54:05] [INFO   ] Registered: org.terraform.structure.mineshaft.ShaftTopPopulator at 6968 29 6437 in a room of size 15x6 
[2026-03-19 08:54:05] [INFO   ] Registered: org.terraform.structure.mineshaft.SmeltingHallPopulator at 6940 29 6393 in a room of size 13x14 
[2026-03-19 08:54:05] [INFO   ] Registered: org.terraform.structure.mineshaft.SmeltingHallPopulator at 6931 29 6499 in a room of size 14x14 
[2026-03-19 08:54:05] [INFO   ] Registered: org.terraform.structure.mineshaft.ShaftTopPopulator at 6994 29 6463 in a room of size 14x7 
[2026-03-19 08:54:05] [INFO   ] Registered: org.terraform.structure.mineshaft.CaveSpiderDenPopulator at 6945 29 6528 in a room of size 14x15 
[2026-03-19 08:54:05] [INFO   ] Registered: org.terraform.structure.mineshaft.CaveSpiderDenPopulator at 6933 29 6469 in a room of size 13x15 
[2026-03-19 08:54:05] [INFO   ] Registered: org.terraform.structure.mineshaft.ShaftTopPopulator at 6950 29 6435 in a room of size 14x5 
[2026-03-19 08:54:05] [INFO   ] Registered: org.terraform.structure.mineshaft.SmeltingHallPopulator at 7025 29 6511 in a room of size 13x13 
[2026-03-19 08:54:05] [INFO   ] Registered: org.terraform.structure.mineshaft.SmeltingHallPopulator at 6945 29 6496 in a room of size 15x15 
[2026-03-19 08:54:05] [INFO   ] Registered: org.terraform.structure.mineshaft.SmeltingHallPopulator at 6912 29 6412 in a room of size 15x15 
[2026-03-19 08:54:05] [INFO   ] Registered: org.terraform.structure.mineshaft.ShaftTopPopulator at 6983 29 6521 in a room of size 13x5 
[2026-03-19 08:54:05] [INFO   ] Registered: org.terraform.structure.mineshaft.ShaftTopPopulator at 7031 29 6467 in a room of size 13x5 
[2026-03-19 08:54:05] [INFO   ] Registered: org.terraform.structure.mineshaft.SmeltingHallPopulator at 6910 29 6451 in a room of size 15x14 
[2026-03-19 08:54:05] [INFO   ] Registered: org.terraform.structure.mineshaft.SmeltingHallPopulator at 6909 29 6434 in a room of size 13x13 
[2026-03-19 08:54:05] [INFO   ] Registered: org.terraform.structure.mineshaft.CaveSpiderDenPopulator at 7004 29 6393 in a room of size 13x13 
[2026-03-19 08:54:06] [INFO   ] Minecart with chest at: 6966, 29, 6450 
[2026-03-19 08:54:10] [INFO   ] Spawning Creaking Heart at 23473,69,8261 
[2026-03-19 08:54:20] [INFO   ] Large Schematic 
[2026-03-19 08:54:21] [INFO   ] Spawning Creaking Heart at 17207,68,7222 
[2026-03-19 08:54:21] [INFO   ] Minecart with chest at: 6933, 29, 6525 
[2026-03-19 08:54:21] [INFO   ] Medium Schematic 
[2026-03-19 08:54:22] [INFO   ] Minecart with chest at: 6916, 29, 6495 
[2026-03-19 08:54:22] [INFO   ] Minecart with chest at: 6922, 29, 6495 
[2026-03-19 08:54:22] [INFO   ] Large Cave at 1344,5,2368 has water level > -23 with populator MushroomCavePopulator 
[2026-03-19 08:54:23] [INFO   ] Spawning Creaking Heart at 23495,71,8265 
[2026-03-19 08:54:23] [INFO   ] Spawning Creaking Heart at 23503,70,8252 
[2026-03-19 08:54:25] [INFO   ] Spawning Creaking Heart at 23533,72,8272 
[2026-03-19 08:54:25] [INFO   ] Spawning Creaking Heart at 23538,73,8313 
[2026-03-19 08:54:26] [INFO   ] Spawning Creaking Heart at 23538,72,8283 
[2026-03-19 08:54:26] [INFO   ] Spawning Creaking Heart at 23515,75,8225 
[2026-03-19 08:54:27] [INFO   ] Spawning Creaking Heart at 23512,71,8207 
[2026-03-19 08:54:28] [INFO   ] Spawning Creaking Heart at 23521,75,8207 
[2026-03-19 08:54:30] [INFO   ] Spawning Creaking Heart at 23569,73,8183 
[2026-03-19 08:54:42] [INFO   ] 1492,532 will spawn a vanilla structure, with tryGenerateStructure == true 
[2026-03-19 08:54:51] [INFO   ] Generating org.terraform.structure.small.shipwreck.ShipwreckPopulator at chunk: 1484,527 
[2026-03-19 08:54:51] [INFO   ] Spawning shipwreck at 23745, 40, 8443 with rotation of NORTH 
[2026-03-19 08:54:56] [INFO   ] Registered: org.terraform.structure.mineshaft.CaveSpiderDenPopulator at 23343 -6 8987 in a room of size 14x15 
[2026-03-19 08:54:56] [INFO   ] Registered: org.terraform.structure.mineshaft.SmeltingHallPopulator at 23435 -6 9037 in a room of size 14x13 
[2026-03-19 08:54:56] [INFO   ] Registered: org.terraform.structure.mineshaft.SmeltingHallPopulator at 23326 -6 8982 in a room of size 13x13 
[2026-03-19 08:54:56] [INFO   ] Registered: org.terraform.structure.mineshaft.CaveSpiderDenPopulator at 23415 -6 9058 in a room of size 15x14 
[2026-03-19 08:54:56] [INFO   ] Registered: org.terraform.structure.mineshaft.SmeltingHallPopulator at 23423 -6 8958 in a room of size 15x14 
[2026-03-19 08:54:56] [INFO   ] Registered: org.terraform.structure.mineshaft.SmeltingHallPopulator at 23404 -6 8981 in a room of size 14x15 
[2026-03-19 08:54:56] [INFO   ] Registered: org.terraform.structure.mineshaft.SmeltingHallPopulator at 23357 -6 8967 in a room of size 15x14 
[2026-03-19 08:54:56] [INFO   ] Registered: org.terraform.structure.mineshaft.SmeltingHallPopulator at 23358 -6 9052 in a room of size 13x15 
[2026-03-19 08:54:56] [INFO   ] Registered: org.terraform.structure.mineshaft.SmeltingHallPopulator at 23365 -6 9093 in a room of size 15x14 
[2026-03-19 08:54:56] [INFO   ] Registered: org.terraform.structure.mineshaft.CaveSpiderDenPopulator at 23828 -7 8986 in a room of size 15x14 
[2026-03-19 08:54:56] [INFO   ] Registered: org.terraform.structure.mineshaft.SmeltingHallPopulator at 23888 -7 9059 in a room of size 15x15 
[2026-03-19 08:54:56] [INFO   ] Registered: org.terraform.structure.mineshaft.CaveSpiderDenPopulator at 23872 -7 8950 in a room of size 13x13 
[2026-03-19 08:54:56] [INFO   ] Registered: org.terraform.structure.mineshaft.SmeltingHallPopulator at 23942 -7 9099 in a room of size 13x13 
[2026-03-19 08:54:56] [INFO   ] Registered: org.terraform.structure.mineshaft.CaveSpiderDenPopulator at 23806 -7 9021 in a room of size 14x15 
[2026-03-19 08:54:56] [INFO   ] Registered: org.terraform.structure.mineshaft.SmeltingHallPopulator at 23869 -7 9062 in a room of size 13x14 
[2026-03-19 08:54:56] [INFO   ] Registered: org.terraform.structure.mineshaft.SmeltingHallPopulator at 23808 -7 9051 in a room of size 14x13 
[2026-03-19 08:54:56] [INFO   ] Registered: org.terraform.structure.mineshaft.SmeltingHallPopulator at 23921 -7 9099 in a room of size 15x15 
[2026-03-19 08:54:56] [INFO   ] Registered: org.terraform.structure.mineshaft.SmeltingHallPopulator at 23843 -7 9007 in a room of size 15x14 
[2026-03-19 08:54:56] [INFO   ] Registered: org.terraform.structure.mineshaft.CaveSpiderDenPopulator at 23864 -7 9040 in a room of size 13x14 
[2026-03-19 08:56:50] [INFO   ] Generating org.terraform.structure.small.dungeon.SmallDungeonPopulator at chunk: 1479,554 
[2026-03-19 08:56:50] [INFO   ] Spawning Underground Dungeon at 23676,76,8866 
[2026-03-19 08:56:55] [INFO   ] Generating org.terraform.structure.trialchamber.TrialChamberPopulator at chunk: 1492,532 
[2026-03-19 09:21:30] [INFO   ]  Custom Logger Initialized 
[2026-03-19 09:21:30] [INFO   ] [NOTICE] TerraformGenerator will suppress the server's watchdog while generating chunks to prevent unnecessary stacktrace warnings. Unless you specifically need thewatchdog now (to take aikar timings or debug lag), you don't need to take any action. 
[2026-03-19 09:21:30] [INFO   ] It is recommended to pregenerate to reduce lag problems. 
[2026-03-19 09:21:30] [INFO   ] Watchdog Thread hooked. 
[2026-03-19 09:21:30] [INFO   ]  bStats Metrics enabled. 
[2026-03-19 09:21:30] [INFO   ]  Detected version: v1_21_R7, packName: v1_21_R7 
[2026-03-19 09:21:30] [INFO   ] Unfreezing biome registry... 
[2026-03-19 09:21:30] [INFO   ] Registered custom biome: muddy_bog 
[2026-03-19 09:21:30] [INFO   ] Registered custom biome: cherry_grove 
[2026-03-19 09:21:30] [INFO   ] Registered custom biome: scarlet_forest 
[2026-03-19 09:21:30] [INFO   ] Registered custom biome: crystalline_cluster 
[2026-03-19 09:21:30] [INFO   ] Freezing biome registry 
[2026-03-19 09:21:30] [INFO   ] [Structure Registry] Registered Large Structure: VillageHousePopulator 
[2026-03-19 09:21:30] [INFO   ] [Structure Registry] Registered Large Structure: VillagePopulator 
[2026-03-19 09:21:30] [INFO   ] [Structure Registry] Registered Large Structure: OutpostPopulator 
[2026-03-19 09:21:30] [INFO   ] [Structure Registry] Registered Large Structure: PyramidPopulator 
[2026-03-19 09:21:30] [INFO   ] [Structure Registry] Registered Large Structure: MonumentPopulator 
[2026-03-19 09:21:30] [INFO   ] [Structure Registry] Registered Large Structure: StrongholdPopulator 
[2026-03-19 09:21:30] [INFO   ] [Structure Registry] Registered Large Structure: MansionPopulator 
[2026-03-19 09:21:30] [INFO   ] [Structure Registry] Registered Large Structure: AncientCityPopulator 
[2026-03-19 09:21:30] [INFO   ] [Structure Registry] Registered Large Structure: TrialChamberPopulator 
[2026-03-19 09:21:30] [INFO   ] [Structure Registry] Registered Large Structure: LargeCavePopulator 
[2026-03-19 09:21:30] [INFO   ] [Structure Registry] Registered Large Structure: MineshaftPopulator 
[2026-03-19 09:21:30] [INFO   ] [Structure Registry] Registered Large Structure: CatacombsPopulator 
[2026-03-19 09:21:30] [INFO   ] [Structure Registry] Registered Large Structure: BadlandsMinePopulator 
[2026-03-19 09:21:30] [INFO   ] [Structure Registry] Registered Large Structure: WarmOceanRuinsPopulator 
[2026-03-19 09:21:30] [INFO   ] [Structure Registry] Registered Large Structure: TrailRuinsPopulator 
[2026-03-19 09:21:30] [INFO   ] [Structure Registry] Registered Small Structure: SmallDungeonPopulator 
[2026-03-19 09:21:30] [INFO   ] [Structure Registry] Registered Small Structure: ShipwreckPopulator 
[2026-03-19 09:21:30] [INFO   ] [Structure Registry] Registered Small Structure: BuriedTreasurePopulator 
[2026-03-19 09:21:30] [INFO   ] [Structure Registry] Registered Small Structure: RuinedPortalPopulator 
[2026-03-19 09:21:30] [INFO   ] [Structure Registry] Registered Small Structure: IglooPopulator 
[2026-03-19 09:21:30] [INFO   ] [Structure Registry] Registered Small Structure: DesertWellPopulator 
[2026-03-19 09:21:30] [INFO   ] [Structure Registry] Registered Small Structure: WitchHutPopulator 
[2026-03-19 09:21:32] [INFO   ] Creating TW instance: world - 8157096416607632898 
[2026-03-19 09:21:32] [INFO   ]  Detected world: world, commencing injection...  
[2026-03-19 09:21:32] [INFO   ] Creating TW instance: world - 8157096416607632898 
[2026-03-19 09:21:32] [INFO   ] NMSChunkGenerator Delegate is of type CustomChunkGenerator 
[2026-03-19 09:21:32] [INFO   ] Post injection: getChunkSource().getChunkGenerator() is of type NMSChunkGenerator 
[2026-03-19 09:21:32] [INFO   ]  Injection success! Proceeding with generation. 
[2026-03-19 09:21:32] [INFO   ]  world loaded. 
[2026-03-19 09:25:16] [INFO   ]  Custom Logger Initialized 
[2026-03-19 09:25:16] [INFO   ] [NOTICE] TerraformGenerator will suppress the server's watchdog while generating chunks to prevent unnecessary stacktrace warnings. Unless you specifically need thewatchdog now (to take aikar timings or debug lag), you don't need to take any action. 
[2026-03-19 09:25:16] [INFO   ] It is recommended to pregenerate to reduce lag problems. 
[2026-03-19 09:25:16] [INFO   ] Watchdog Thread hooked. 
[2026-03-19 09:25:16] [INFO   ]  bStats Metrics enabled. 
[2026-03-19 09:25:16] [INFO   ]  Detected version: v1_21_R7, packName: v1_21_R7 
[2026-03-19 09:25:16] [INFO   ] Unfreezing biome registry... 
[2026-03-19 09:25:16] [INFO   ] Registered custom biome: muddy_bog 
[2026-03-19 09:25:16] [INFO   ] Registered custom biome: cherry_grove 
[2026-03-19 09:25:16] [INFO   ] Registered custom biome: scarlet_forest 
[2026-03-19 09:25:16] [INFO   ] Registered custom biome: crystalline_cluster 
[2026-03-19 09:25:16] [INFO   ] Freezing biome registry 
[2026-03-19 09:25:16] [INFO   ] [Structure Registry] Registered Large Structure: VillageHousePopulator 
[2026-03-19 09:25:16] [INFO   ] [Structure Registry] Registered Large Structure: VillagePopulator 
[2026-03-19 09:25:16] [INFO   ] [Structure Registry] Registered Large Structure: OutpostPopulator 
[2026-03-19 09:25:16] [INFO   ] [Structure Registry] Registered Large Structure: PyramidPopulator 
[2026-03-19 09:25:16] [INFO   ] [Structure Registry] Registered Large Structure: MonumentPopulator 
[2026-03-19 09:25:16] [INFO   ] [Structure Registry] Registered Large Structure: StrongholdPopulator 
[2026-03-19 09:25:16] [INFO   ] [Structure Registry] Registered Large Structure: MansionPopulator 
[2026-03-19 09:25:16] [INFO   ] [Structure Registry] Registered Large Structure: AncientCityPopulator 
[2026-03-19 09:25:16] [INFO   ] [Structure Registry] Registered Large Structure: TrialChamberPopulator 
[2026-03-19 09:25:16] [INFO   ] [Structure Registry] Registered Large Structure: LargeCavePopulator 
[2026-03-19 09:25:16] [INFO   ] [Structure Registry] Registered Large Structure: MineshaftPopulator 
[2026-03-19 09:25:16] [INFO   ] [Structure Registry] Registered Large Structure: CatacombsPopulator 
[2026-03-19 09:25:16] [INFO   ] [Structure Registry] Registered Large Structure: BadlandsMinePopulator 
[2026-03-19 09:25:16] [INFO   ] [Structure Registry] Registered Large Structure: WarmOceanRuinsPopulator 
[2026-03-19 09:25:16] [INFO   ] [Structure Registry] Registered Large Structure: TrailRuinsPopulator 
[2026-03-19 09:25:16] [INFO   ] [Structure Registry] Registered Small Structure: SmallDungeonPopulator 
[2026-03-19 09:25:16] [INFO   ] [Structure Registry] Registered Small Structure: ShipwreckPopulator 
[2026-03-19 09:25:16] [INFO   ] [Structure Registry] Registered Small Structure: BuriedTreasurePopulator 
[2026-03-19 09:25:16] [INFO   ] [Structure Registry] Registered Small Structure: RuinedPortalPopulator 
[2026-03-19 09:25:16] [INFO   ] [Structure Registry] Registered Small Structure: IglooPopulator 
[2026-03-19 09:25:16] [INFO   ] [Structure Registry] Registered Small Structure: DesertWellPopulator 
[2026-03-19 09:25:16] [INFO   ] [Structure Registry] Registered Small Structure: WitchHutPopulator 
[2026-03-19 09:25:18] [INFO   ] Creating TW instance: world - 8157096416607632898 
[2026-03-19 09:25:18] [INFO   ]  Detected world: world, commencing injection...  
[2026-03-19 09:25:18] [INFO   ] Creating TW instance: world - 8157096416607632898 
[2026-03-19 09:25:18] [INFO   ] NMSChunkGenerator Delegate is of type CustomChunkGenerator 
[2026-03-19 09:25:18] [INFO   ] Post injection: getChunkSource().getChunkGenerator() is of type NMSChunkGenerator 
[2026-03-19 09:25:18] [INFO   ]  Injection success! Proceeding with generation. 
[2026-03-19 09:25:18] [INFO   ]  world loaded. 
[2026-03-19 09:27:34] [INFO   ]  Custom Logger Initialized 
[2026-03-19 09:27:35] [INFO   ] [NOTICE] TerraformGenerator will suppress the server's watchdog while generating chunks to prevent unnecessary stacktrace warnings. Unless you specifically need thewatchdog now (to take aikar timings or debug lag), you don't need to take any action. 
[2026-03-19 09:27:35] [INFO   ] It is recommended to pregenerate to reduce lag problems. 
[2026-03-19 09:27:35] [INFO   ] Watchdog Thread hooked. 
[2026-03-19 09:27:35] [INFO   ]  bStats Metrics enabled. 
[2026-03-19 09:27:35] [INFO   ]  Detected version: v1_21_R7, packName: v1_21_R7 
[2026-03-19 09:27:35] [INFO   ] Unfreezing biome registry... 
[2026-03-19 09:27:35] [INFO   ] Registered custom biome: muddy_bog 
[2026-03-19 09:27:35] [INFO   ] Registered custom biome: cherry_grove 
[2026-03-19 09:27:35] [INFO   ] Registered custom biome: scarlet_forest 
[2026-03-19 09:27:35] [INFO   ] Registered custom biome: crystalline_cluster 
[2026-03-19 09:27:35] [INFO   ] Freezing biome registry 
[2026-03-19 09:27:35] [INFO   ] [Structure Registry] Registered Large Structure: VillageHousePopulator 
[2026-03-19 09:27:35] [INFO   ] [Structure Registry] Registered Large Structure: VillagePopulator 
[2026-03-19 09:27:35] [INFO   ] [Structure Registry] Registered Large Structure: OutpostPopulator 
[2026-03-19 09:27:35] [INFO   ] [Structure Registry] Registered Large Structure: PyramidPopulator 
[2026-03-19 09:27:35] [INFO   ] [Structure Registry] Registered Large Structure: MonumentPopulator 
[2026-03-19 09:27:35] [INFO   ] [Structure Registry] Registered Large Structure: StrongholdPopulator 
[2026-03-19 09:27:35] [INFO   ] [Structure Registry] Registered Large Structure: MansionPopulator 
[2026-03-19 09:27:35] [INFO   ] [Structure Registry] Registered Large Structure: AncientCityPopulator 
[2026-03-19 09:27:35] [INFO   ] [Structure Registry] Registered Large Structure: TrialChamberPopulator 
[2026-03-19 09:27:35] [INFO   ] [Structure Registry] Registered Large Structure: LargeCavePopulator 
[2026-03-19 09:27:35] [INFO   ] [Structure Registry] Registered Large Structure: MineshaftPopulator 
[2026-03-19 09:27:35] [INFO   ] [Structure Registry] Registered Large Structure: CatacombsPopulator 
[2026-03-19 09:27:35] [INFO   ] [Structure Registry] Registered Large Structure: BadlandsMinePopulator 
[2026-03-19 09:27:35] [INFO   ] [Structure Registry] Registered Large Structure: WarmOceanRuinsPopulator 
[2026-03-19 09:27:35] [INFO   ] [Structure Registry] Registered Large Structure: TrailRuinsPopulator 
[2026-03-19 09:27:35] [INFO   ] [Structure Registry] Registered Small Structure: SmallDungeonPopulator 
[2026-03-19 09:27:35] [INFO   ] [Structure Registry] Registered Small Structure: ShipwreckPopulator 
[2026-03-19 09:27:35] [INFO   ] [Structure Registry] Registered Small Structure: BuriedTreasurePopulator 
[2026-03-19 09:27:35] [INFO   ] [Structure Registry] Registered Small Structure: RuinedPortalPopulator 
[2026-03-19 09:27:35] [INFO   ] [Structure Registry] Registered Small Structure: IglooPopulator 
[2026-03-19 09:27:35] [INFO   ] [Structure Registry] Registered Small Structure: DesertWellPopulator 
[2026-03-19 09:27:35] [INFO   ] [Structure Registry] Registered Small Structure: WitchHutPopulator 
[2026-03-19 09:27:37] [INFO   ] Creating TW instance: world - 8157096416607632898 
[2026-03-19 09:27:37] [INFO   ]  Detected world: world, commencing injection...  
[2026-03-19 09:27:37] [INFO   ] Creating TW instance: world - 8157096416607632898 
[2026-03-19 09:27:37] [INFO   ] NMSChunkGenerator Delegate is of type CustomChunkGenerator 
[2026-03-19 09:27:37] [INFO   ] Post injection: getChunkSource().getChunkGenerator() is of type NMSChunkGenerator 
[2026-03-19 09:27:37] [INFO   ]  Injection success! Proceeding with generation. 
[2026-03-19 09:27:37] [INFO   ]  world loaded. 
[2026-03-19 09:33:55] [INFO   ] Will spawn stronghold at: CoordPair[x=1256, z=634] 
[2026-03-19 09:33:56] [INFO   ] Registered: org.terraform.structure.mineshaft.ShaftRoomPopulator at -9960 9 9543 in a room of size 13x15 
[2026-03-19 09:33:56] [INFO   ] Registered: org.terraform.structure.mineshaft.ShaftRoomPopulator at -9921 9 9597 in a room of size 14x13 
[2026-03-19 09:33:56] [INFO   ] Registered: org.terraform.structure.mineshaft.CaveSpiderDenPopulator at -9860 9 9558 in a room of size 14x13 
[2026-03-19 09:33:56] [INFO   ] Registered: org.terraform.structure.mineshaft.CaveSpiderDenPopulator at -9967 9 9573 in a room of size 15x14 
[2026-03-19 09:33:56] [INFO   ] Registered: org.terraform.structure.mineshaft.SmeltingHallPopulator at -9863 9 9501 in a room of size 13x15 
[2026-03-19 09:33:56] [INFO   ] Registered: org.terraform.structure.mineshaft.SmeltingHallPopulator at -9909 9 9567 in a room of size 15x15 
[2026-03-19 09:33:56] [INFO   ] Registered: org.terraform.structure.mineshaft.ShaftRoomPopulator at -9862 9 9541 in a room of size 15x14 
[2026-03-19 09:33:56] [INFO   ] Registered: org.terraform.structure.mineshaft.ShaftRoomPopulator at -9874 9 9467 in a room of size 15x15 
[2026-03-19 09:33:56] [INFO   ] Registered: org.terraform.structure.mineshaft.CaveSpiderDenPopulator at -9904 9 9607 in a room of size 14x14 
[2026-03-19 09:33:56] [INFO   ] Registered: org.terraform.structure.mineshaft.CaveSpiderDenPopulator at -9899 24 9480 in a room of size 15x14 
[2026-03-19 09:33:56] [INFO   ] Registered: org.terraform.structure.mineshaft.ShaftTopPopulator at -9921 24 9597 in a room of size 14x5 
[2026-03-19 09:33:56] [INFO   ] Registered: org.terraform.structure.mineshaft.ShaftTopPopulator at -9862 24 9541 in a room of size 15x5 
[2026-03-19 09:33:56] [INFO   ] Registered: org.terraform.structure.mineshaft.CaveSpiderDenPopulator at -9947 24 9526 in a room of size 14x14 
[2026-03-19 09:33:56] [INFO   ] Registered: org.terraform.structure.mineshaft.CaveSpiderDenPopulator at -9879 24 9519 in a room of size 13x14 
[2026-03-19 09:33:56] [INFO   ] Registered: org.terraform.structure.mineshaft.CaveSpiderDenPopulator at -9950 24 9583 in a room of size 14x15 
[2026-03-19 09:33:56] [INFO   ] Registered: org.terraform.structure.mineshaft.ShaftTopPopulator at -9874 24 9467 in a room of size 15x6 
[2026-03-19 09:33:56] [INFO   ] Registered: org.terraform.structure.mineshaft.SmeltingHallPopulator at -9907 24 9463 in a room of size 13x15 
[2026-03-19 09:33:56] [INFO   ] Registered: org.terraform.structure.mineshaft.CaveSpiderDenPopulator at -9881 24 9582 in a room of size 14x15 
[2026-03-19 09:33:56] [INFO   ] Registered: org.terraform.structure.mineshaft.ShaftTopPopulator at -9960 24 9543 in a room of size 13x5 
[2026-03-19 09:33:56] [INFO   ] Registered: org.terraform.structure.mineshaft.SmeltingHallPopulator at -9984 24 9608 in a room of size 13x13 
[2026-03-19 09:33:56] [INFO   ] Registered: org.terraform.structure.mineshaft.SmeltingHallPopulator at -9967 24 9558 in a room of size 15x15 
[2026-03-19 11:15:52] [INFO   ]  Custom Logger Initialized 
[2026-03-19 11:15:52] [INFO   ] [NOTICE] TerraformGenerator will suppress the server's watchdog while generating chunks to prevent unnecessary stacktrace warnings. Unless you specifically need thewatchdog now (to take aikar timings or debug lag), you don't need to take any action. 
[2026-03-19 11:15:52] [INFO   ] It is recommended to pregenerate to reduce lag problems. 
[2026-03-19 11:15:52] [INFO   ] Watchdog Thread hooked. 
[2026-03-19 11:15:52] [INFO   ]  bStats Metrics enabled. 
[2026-03-19 11:15:52] [INFO   ]  Detected version: v1_21_R7, packName: v1_21_R7 
[2026-03-19 11:15:52] [INFO   ] Unfreezing biome registry... 
[2026-03-19 11:15:52] [INFO   ] Registered custom biome: muddy_bog 
[2026-03-19 11:15:52] [INFO   ] Registered custom biome: cherry_grove 
[2026-03-19 11:15:52] [INFO   ] Registered custom biome: scarlet_forest 
[2026-03-19 11:15:52] [INFO   ] Registered custom biome: crystalline_cluster 
[2026-03-19 11:15:52] [INFO   ] Freezing biome registry 
[2026-03-19 11:15:52] [INFO   ] [Structure Registry] Registered Large Structure: VillageHousePopulator 
[2026-03-19 11:15:52] [INFO   ] [Structure Registry] Registered Large Structure: VillagePopulator 
[2026-03-19 11:15:52] [INFO   ] [Structure Registry] Registered Large Structure: OutpostPopulator 
[2026-03-19 11:15:52] [INFO   ] [Structure Registry] Registered Large Structure: PyramidPopulator 
[2026-03-19 11:15:52] [INFO   ] [Structure Registry] Registered Large Structure: MonumentPopulator 
[2026-03-19 11:15:52] [INFO   ] [Structure Registry] Registered Large Structure: StrongholdPopulator 
[2026-03-19 11:15:52] [INFO   ] [Structure Registry] Registered Large Structure: MansionPopulator 
[2026-03-19 11:15:52] [INFO   ] [Structure Registry] Registered Large Structure: AncientCityPopulator 
[2026-03-19 11:15:52] [INFO   ] [Structure Registry] Registered Large Structure: TrialChamberPopulator 
[2026-03-19 11:15:52] [INFO   ] [Structure Registry] Registered Large Structure: LargeCavePopulator 
[2026-03-19 11:15:52] [INFO   ] [Structure Registry] Registered Large Structure: MineshaftPopulator 
[2026-03-19 11:15:52] [INFO   ] [Structure Registry] Registered Large Structure: CatacombsPopulator 
[2026-03-19 11:15:52] [INFO   ] [Structure Registry] Registered Large Structure: BadlandsMinePopulator 
[2026-03-19 11:15:52] [INFO   ] [Structure Registry] Registered Large Structure: WarmOceanRuinsPopulator 
[2026-03-19 11:15:52] [INFO   ] [Structure Registry] Registered Large Structure: TrailRuinsPopulator 
[2026-03-19 11:15:52] [INFO   ] [Structure Registry] Registered Small Structure: SmallDungeonPopulator 
[2026-03-19 11:15:52] [INFO   ] [Structure Registry] Registered Small Structure: ShipwreckPopulator 
[2026-03-19 11:15:52] [INFO   ] [Structure Registry] Registered Small Structure: BuriedTreasurePopulator 
[2026-03-19 11:15:52] [INFO   ] [Structure Registry] Registered Small Structure: RuinedPortalPopulator 
[2026-03-19 11:15:52] [INFO   ] [Structure Registry] Registered Small Structure: IglooPopulator 
[2026-03-19 11:15:52] [INFO   ] [Structure Registry] Registered Small Structure: DesertWellPopulator 
[2026-03-19 11:15:52] [INFO   ] [Structure Registry] Registered Small Structure: WitchHutPopulator 
[2026-03-19 11:15:54] [INFO   ] Creating TW instance: world - 8157096416607632898 
[2026-03-19 11:15:54] [INFO   ]  Detected world: world, commencing injection...  
[2026-03-19 11:15:54] [INFO   ] Creating TW instance: world - 8157096416607632898 
[2026-03-19 11:15:54] [INFO   ] NMSChunkGenerator Delegate is of type CustomChunkGenerator 
[2026-03-19 11:15:54] [INFO   ] Post injection: getChunkSource().getChunkGenerator() is of type NMSChunkGenerator 
[2026-03-19 11:15:54] [INFO   ]  Injection success! Proceeding with generation. 
[2026-03-19 11:15:54] [INFO   ]  world loaded. 
[2026-03-19 11:16:45] [INFO   ] Will spawn stronghold at: CoordPair[x=1256, z=634] 
[2026-03-19 11:16:46] [INFO   ] Spawning CaveFluidClusterPopulator at -10000,-15,-10000 
[2026-03-19 11:16:46] [INFO   ] Spawning MossyCavePopulator at -10000,51,-9999 
[2026-03-19 11:16:46] [INFO   ] Spawning FrozenCavePopulator at -10000,-11,-9989 
[2026-03-19 11:16:46] [INFO   ] Spawning DeepCavePopulator at -9992,-42,-9992 
[2026-03-19 11:16:46] [INFO   ] Large Cave at -9920,114,-9920 has water level > -9 with populator GenericLargeCavePopulator 
[2026-03-19 11:16:49] [INFO   ] Spawning DripstoneClusterCavePopulator at -9984,42,-9984 
[2026-03-19 11:16:50] [INFO   ] Spawning CrystallineClusterCavePopulator at -9976,51,-9976 
[2026-03-19 11:16:52] [INFO   ] Spawning LushClusterCavePopulator at -10048,47,-9984 
[2026-03-19 11:16:59] [INFO   ] Spawning ancient city at: -9920,-10,-10432 
[2026-03-19 11:16:59] [INFO   ] Registered: org.terraform.structure.ancientcity.AncientCityAltarPopulator at -9944 -10 -10438 in a room of size 17x24 
[2026-03-19 11:16:59] [INFO   ] Registered: org.terraform.structure.ancientcity.AncientCityRuinsPlatform at -9975 -10 -10398 in a room of size 17x17 
[2026-03-19 11:16:59] [INFO   ] Registered: org.terraform.structure.ancientcity.AncientCitySchematicPlatform at -9947 -10 -10476 in a room of size 22x16 
[2026-03-19 11:16:59] [INFO   ] Registered: org.terraform.structure.ancientcity.AncientCitySchematicPlatform at -9874 -10 -10423 in a room of size 20x25 
[2026-03-19 11:16:59] [INFO   ] Registered: org.terraform.structure.ancientcity.AncientCitySchematicPlatform at -9867 -10 -10390 in a room of size 19x26 
[2026-03-19 11:16:59] [INFO   ] Registered: org.terraform.structure.ancientcity.AncientCityRuinsPlatform at -9955 -10 -10492 in a room of size 22x16 
[2026-03-19 11:16:59] [INFO   ] Registered: org.terraform.structure.ancientcity.AncientCityRuinsPlatform at -9870 -10 -10470 in a room of size 18x23 
[2026-03-19 11:16:59] [INFO   ] Registered: org.terraform.structure.ancientcity.AncientCitySchematicPlatform at -9946 -10 -10410 in a room of size 22x24 
[2026-03-19 11:16:59] [INFO   ] Registered: org.terraform.structure.ancientcity.AncientCitySchematicPlatform at -9980 -10 -10454 in a room of size 23x21 
[2026-03-19 11:16:59] [INFO   ] Registered: org.terraform.structure.ancientcity.AncientCitySchematicPlatform at -9888 -10 -10386 in a room of size 22x26 
[2026-03-19 11:16:59] [INFO   ] Registered: org.terraform.structure.ancientcity.AncientCitySchematicPlatform at -9976 -10 -10427 in a room of size 23x24 
[2026-03-19 11:16:59] [INFO   ] Registered: org.terraform.structure.ancientcity.AncientCityCenterPlatformPopulator at -9912 -10 -10424 in a room of size 46x46 
[2026-03-19 11:16:59] [INFO   ] Registered: org.terraform.structure.ancientcity.AncientCitySchematicPlatform at -9922 -10 -10468 in a room of size 18x17 
[2026-03-19 11:17:06] [INFO   ] Large Schematic 
[2026-03-19 11:17:07] [INFO   ] Large Schematic 
[2026-03-19 11:17:09] [INFO   ] Generating org.terraform.structure.ancientcity.AncientCityPopulator at chunk: -620,-652 
[2026-03-19 11:17:09] [INFO   ] Medium Schematic 
[2026-03-19 11:17:11] [INFO   ] -588,-652 will spawn a vanilla structure, with tryGenerateStructure == true 
[2026-03-19 11:17:12] [INFO   ] Generating org.terraform.structure.trialchamber.TrialChamberPopulator at chunk: -588,-652 
[2026-03-19 11:17:13] [INFO   ] Large Cave at -8896,23,-10432 has water level > -14 with populator MushroomCavePopulator 
[2026-03-19 11:17:15] [INFO   ] Large Schematic 
[2026-03-19 11:17:15] [INFO   ] Medium Schematic 
[2026-03-19 11:17:16] [INFO   ] Generating org.terraform.structure.small.ruinedportal.RuinedPortalPopulator at chunk: -588,-650 
[2026-03-19 11:17:21] [INFO   ] Generating org.terraform.structure.caves.LargeCavePopulator at chunk: -620,-620 
[2026-03-19 11:17:35] [INFO   ] Registered: org.terraform.structure.mineshaft.SmeltingHallPopulator at -9368 14 -9845 in a room of size 13x13 
[2026-03-19 11:17:35] [INFO   ] Registered: org.terraform.structure.mineshaft.SmeltingHallPopulator at -9404 14 -9939 in a room of size 14x15 
[2026-03-19 11:17:35] [INFO   ] Registered: org.terraform.structure.mineshaft.SmeltingHallPopulator at -9352 14 -9872 in a room of size 15x13 
[2026-03-19 11:17:35] [INFO   ] Registered: org.terraform.structure.mineshaft.SmeltingHallPopulator at -9428 14 -9949 in a room of size 13x14 
[2026-03-19 11:17:35] [INFO   ] Registered: org.terraform.structure.mineshaft.CaveSpiderDenPopulator at -9456 14 -9916 in a room of size 15x15 
[2026-03-19 11:17:35] [INFO   ] Registered: org.terraform.structure.mineshaft.SmeltingHallPopulator at -9365 14 -9930 in a room of size 13x13 
[2026-03-19 11:17:35] [INFO   ] Registered: org.terraform.structure.mineshaft.SmeltingHallPopulator at -9335 14 -9883 in a room of size 14x14 
[2026-03-19 11:17:35] [INFO   ] Registered: org.terraform.structure.mineshaft.CaveSpiderDenPopulator at -9386 14 -9916 in a room of size 15x15 
[2026-03-19 11:17:44] [INFO   ] Generating org.terraform.structure.small.dungeon.SmallDungeonPopulator at chunk: -583,-636 
[2026-03-19 11:17:44] [INFO   ] Spawning Underground Dungeon at -9322,168,-10172 
[2026-03-19 11:17:44] [INFO   ] Generating org.terraform.structure.small.dungeon.SmallDungeonPopulator at chunk: -569,-636 
[2026-03-19 11:17:44] [INFO   ] Spawning Underground Dungeon at -9089,113,-10172 
[2026-03-19 11:18:03] [INFO   ] Generating org.terraform.structure.small.dungeon.SmallDungeonPopulator at chunk: -591,-622 
[2026-03-19 11:18:03] [INFO   ] Spawning Underground Dungeon at -9444,48,-9952 
[2026-03-19 11:18:04] [INFO   ] Minecart with chest at: -9428, 14, -9930 
[2026-03-19 11:18:06] [INFO   ] Minecart with chest at: -9426, 14, -9916 
[2026-03-19 11:18:06] [INFO   ] Minecart with chest at: -9380, 14, -9915 
[2026-03-19 11:18:07] [INFO   ] Generating org.terraform.structure.mineshaft.MineshaftPopulator at chunk: -588,-620 
[2026-03-19 11:18:08] [INFO   ] Minecart with chest at: -9366, 14, -9889 
[2026-03-19 11:18:15] [INFO   ] Generating org.terraform.structure.small.ruinedportal.RuinedPortalPopulator at chunk: -584,-613 
[2026-03-19 11:18:21] [INFO   ] Large Cave at -9920,5,-9408 has water level > -24 with populator GenericLargeCavePopulator 
[2026-03-19 11:18:23] [INFO   ] Registered: org.terraform.structure.mineshaft.ShaftRoomPopulator at -8822 14 -9478 in a room of size 13x13 
[2026-03-19 11:18:23] [INFO   ] Registered: org.terraform.structure.mineshaft.ShaftRoomPopulator at -8958 14 -9349 in a room of size 14x15 
[2026-03-19 11:18:23] [INFO   ] Registered: org.terraform.structure.mineshaft.CaveSpiderDenPopulator at -8952 14 -9479 in a room of size 15x14 
[2026-03-19 11:18:23] [INFO   ] Registered: org.terraform.structure.mineshaft.SmeltingHallPopulator at -8868 14 -9481 in a room of size 14x15 
[2026-03-19 11:18:23] [INFO   ] Registered: org.terraform.structure.mineshaft.SmeltingHallPopulator at -8894 14 -9457 in a room of size 13x13 
[2026-03-19 11:18:23] [INFO   ] Registered: org.terraform.structure.mineshaft.SmeltingHallPopulator at -8836 14 -9391 in a room of size 13x14 
[2026-03-19 11:18:23] [INFO   ] Registered: org.terraform.structure.mineshaft.CaveSpiderDenPopulator at -8863 14 -9423 in a room of size 14x14 
[2026-03-19 11:18:23] [INFO   ] Registered: org.terraform.structure.mineshaft.CaveSpiderDenPopulator at -8946 14 -9461 in a room of size 15x13 
[2026-03-19 11:18:23] [INFO   ] Registered: org.terraform.structure.mineshaft.ShaftRoomPopulator at -8839 14 -9406 in a room of size 14x14 
[2026-03-19 11:18:23] [INFO   ] Registered: org.terraform.structure.mineshaft.CaveSpiderDenPopulator at -8863 29 -9337 in a room of size 14x15 
[2026-03-19 11:18:23] [INFO   ] Registered: org.terraform.structure.mineshaft.SmeltingHallPopulator at -8878 29 -9425 in a room of size 14x14 
[2026-03-19 11:18:23] [INFO   ] Registered: org.terraform.structure.mineshaft.SmeltingHallPopulator at -8907 29 -9457 in a room of size 14x13 
[2026-03-19 11:18:23] [INFO   ] Registered: org.terraform.structure.mineshaft.SmeltingHallPopulator at -8914 29 -9480 in a room of size 14x13 
[2026-03-19 11:18:23] [INFO   ] Registered: org.terraform.structure.mineshaft.ShaftTopPopulator at -8958 29 -9349 in a room of size 14x6 
[2026-03-19 11:18:23] [INFO   ] Registered: org.terraform.structure.mineshaft.ShaftTopPopulator at -8822 29 -9478 in a room of size 13x6 
[2026-03-19 11:18:23] [INFO   ] Registered: org.terraform.structure.mineshaft.CaveSpiderDenPopulator at -8940 29 -9353 in a room of size 15x15 
[2026-03-19 11:18:23] [INFO   ] Registered: org.terraform.structure.mineshaft.SmeltingHallPopulator at -8966 29 -9333 in a room of size 13x15 
[2026-03-19 11:18:23] [INFO   ] Registered: org.terraform.structure.mineshaft.SmeltingHallPopulator at -8849 29 -9435 in a room of size 15x15 
[2026-03-19 11:18:23] [INFO   ] Registered: org.terraform.structure.mineshaft.ShaftTopPopulator at -8839 29 -9406 in a room of size 14x6 
[2026-03-19 11:18:23] [INFO   ] Registered: org.terraform.structure.mineshaft.SmeltingHallPopulator at -8908 29 -9392 in a room of size 15x13 
[2026-03-19 11:18:23] [INFO   ] Registered: org.terraform.structure.mineshaft.SmeltingHallPopulator at -8962 29 -9396 in a room of size 13x13 
[2026-03-19 11:19:05] [INFO   ]  Custom Logger Initialized 
[2026-03-19 11:19:05] [INFO   ] [NOTICE] TerraformGenerator will suppress the server's watchdog while generating chunks to prevent unnecessary stacktrace warnings. Unless you specifically need thewatchdog now (to take aikar timings or debug lag), you don't need to take any action. 
[2026-03-19 11:19:05] [INFO   ] It is recommended to pregenerate to reduce lag problems. 
[2026-03-19 11:19:05] [INFO   ] Watchdog Thread hooked. 
[2026-03-19 11:19:05] [INFO   ]  bStats Metrics enabled. 
[2026-03-19 11:19:05] [INFO   ]  Detected version: v1_21_R7, packName: v1_21_R7 
[2026-03-19 11:19:05] [INFO   ] Unfreezing biome registry... 
[2026-03-19 11:19:05] [INFO   ] Registered custom biome: muddy_bog 
[2026-03-19 11:19:05] [INFO   ] Registered custom biome: cherry_grove 
[2026-03-19 11:19:05] [INFO   ] Registered custom biome: scarlet_forest 
[2026-03-19 11:19:05] [INFO   ] Registered custom biome: crystalline_cluster 
[2026-03-19 11:19:05] [INFO   ] Freezing biome registry 
[2026-03-19 11:19:05] [INFO   ] [Structure Registry] Registered Large Structure: VillageHousePopulator 
[2026-03-19 11:19:05] [INFO   ] [Structure Registry] Registered Large Structure: VillagePopulator 
[2026-03-19 11:19:05] [INFO   ] [Structure Registry] Registered Large Structure: OutpostPopulator 
[2026-03-19 11:19:05] [INFO   ] [Structure Registry] Registered Large Structure: PyramidPopulator 
[2026-03-19 11:19:05] [INFO   ] [Structure Registry] Registered Large Structure: MonumentPopulator 
[2026-03-19 11:19:05] [INFO   ] [Structure Registry] Registered Large Structure: StrongholdPopulator 
[2026-03-19 11:19:05] [INFO   ] [Structure Registry] Registered Large Structure: MansionPopulator 
[2026-03-19 11:19:05] [INFO   ] [Structure Registry] Registered Large Structure: AncientCityPopulator 
[2026-03-19 11:19:05] [INFO   ] [Structure Registry] Registered Large Structure: TrialChamberPopulator 
[2026-03-19 11:19:05] [INFO   ] [Structure Registry] Registered Large Structure: LargeCavePopulator 
[2026-03-19 11:19:05] [INFO   ] [Structure Registry] Registered Large Structure: MineshaftPopulator 
[2026-03-19 11:19:05] [INFO   ] [Structure Registry] Registered Large Structure: CatacombsPopulator 
[2026-03-19 11:19:05] [INFO   ] [Structure Registry] Registered Large Structure: BadlandsMinePopulator 
[2026-03-19 11:19:05] [INFO   ] [Structure Registry] Registered Large Structure: WarmOceanRuinsPopulator 
[2026-03-19 11:19:05] [INFO   ] [Structure Registry] Registered Large Structure: TrailRuinsPopulator 
[2026-03-19 11:19:05] [INFO   ] [Structure Registry] Registered Small Structure: SmallDungeonPopulator 
[2026-03-19 11:19:05] [INFO   ] [Structure Registry] Registered Small Structure: ShipwreckPopulator 
[2026-03-19 11:19:05] [INFO   ] [Structure Registry] Registered Small Structure: BuriedTreasurePopulator 
[2026-03-19 11:19:05] [INFO   ] [Structure Registry] Registered Small Structure: RuinedPortalPopulator 
[2026-03-19 11:19:05] [INFO   ] [Structure Registry] Registered Small Structure: IglooPopulator 
[2026-03-19 11:19:05] [INFO   ] [Structure Registry] Registered Small Structure: DesertWellPopulator 
[2026-03-19 11:19:05] [INFO   ] [Structure Registry] Registered Small Structure: WitchHutPopulator 
[2026-03-19 11:19:07] [INFO   ] Creating TW instance: world - 8157096416607632898 
[2026-03-19 11:19:07] [INFO   ]  Detected world: world, commencing injection...  
[2026-03-19 11:19:07] [INFO   ] Creating TW instance: world - 8157096416607632898 
[2026-03-19 11:19:07] [INFO   ] NMSChunkGenerator Delegate is of type CustomChunkGenerator 
[2026-03-19 11:19:07] [INFO   ] Post injection: getChunkSource().getChunkGenerator() is of type NMSChunkGenerator 
[2026-03-19 11:19:07] [INFO   ]  Injection success! Proceeding with generation. 
[2026-03-19 11:19:07] [INFO   ]  world loaded. 
[2026-03-19 13:30:47] [INFO   ]  Custom Logger Initialized 
[2026-03-19 13:30:48] [INFO   ] [NOTICE] TerraformGenerator will suppress the server's watchdog while generating chunks to prevent unnecessary stacktrace warnings. Unless you specifically need thewatchdog now (to take aikar timings or debug lag), you don't need to take any action. 
[2026-03-19 13:30:48] [INFO   ] It is recommended to pregenerate to reduce lag problems. 
[2026-03-19 13:30:48] [INFO   ] Watchdog Thread hooked. 
[2026-03-19 13:30:48] [INFO   ]  bStats Metrics enabled. 
[2026-03-19 13:30:48] [INFO   ]  Detected version: v1_21_R7, packName: v1_21_R7 
[2026-03-19 13:30:48] [INFO   ] Unfreezing biome registry... 
[2026-03-19 13:30:48] [INFO   ] Registered custom biome: muddy_bog 
[2026-03-19 13:30:48] [INFO   ] Registered custom biome: cherry_grove 
[2026-03-19 13:30:48] [INFO   ] Registered custom biome: scarlet_forest 
[2026-03-19 13:30:48] [INFO   ] Registered custom biome: crystalline_cluster 
[2026-03-19 13:30:48] [INFO   ] Freezing biome registry 
[2026-03-19 13:30:48] [INFO   ] [Structure Registry] Registered Large Structure: VillageHousePopulator 
[2026-03-19 13:30:48] [INFO   ] [Structure Registry] Registered Large Structure: VillagePopulator 
[2026-03-19 13:30:48] [INFO   ] [Structure Registry] Registered Large Structure: OutpostPopulator 
[2026-03-19 13:30:48] [INFO   ] [Structure Registry] Registered Large Structure: PyramidPopulator 
[2026-03-19 13:30:48] [INFO   ] [Structure Registry] Registered Large Structure: MonumentPopulator 
[2026-03-19 13:30:48] [INFO   ] [Structure Registry] Registered Large Structure: StrongholdPopulator 
[2026-03-19 13:30:48] [INFO   ] [Structure Registry] Registered Large Structure: MansionPopulator 
[2026-03-19 13:30:48] [INFO   ] [Structure Registry] Registered Large Structure: AncientCityPopulator 
[2026-03-19 13:30:48] [INFO   ] [Structure Registry] Registered Large Structure: TrialChamberPopulator 
[2026-03-19 13:30:48] [INFO   ] [Structure Registry] Registered Large Structure: LargeCavePopulator 
[2026-03-19 13:30:48] [INFO   ] [Structure Registry] Registered Large Structure: MineshaftPopulator 
[2026-03-19 13:30:48] [INFO   ] [Structure Registry] Registered Large Structure: CatacombsPopulator 
[2026-03-19 13:30:48] [INFO   ] [Structure Registry] Registered Large Structure: BadlandsMinePopulator 
[2026-03-19 13:30:48] [INFO   ] [Structure Registry] Registered Large Structure: WarmOceanRuinsPopulator 
[2026-03-19 13:30:48] [INFO   ] [Structure Registry] Registered Large Structure: TrailRuinsPopulator 
[2026-03-19 13:30:48] [INFO   ] [Structure Registry] Registered Small Structure: SmallDungeonPopulator 
[2026-03-19 13:30:48] [INFO   ] [Structure Registry] Registered Small Structure: ShipwreckPopulator 
[2026-03-19 13:30:48] [INFO   ] [Structure Registry] Registered Small Structure: BuriedTreasurePopulator 
[2026-03-19 13:30:48] [INFO   ] [Structure Registry] Registered Small Structure: RuinedPortalPopulator 
[2026-03-19 13:30:48] [INFO   ] [Structure Registry] Registered Small Structure: IglooPopulator 
[2026-03-19 13:30:48] [INFO   ] [Structure Registry] Registered Small Structure: DesertWellPopulator 
[2026-03-19 13:30:48] [INFO   ] [Structure Registry] Registered Small Structure: WitchHutPopulator 
[2026-03-19 13:30:49] [INFO   ] Creating TW instance: world - 8157096416607632898 
[2026-03-19 13:30:49] [INFO   ]  Detected world: world, commencing injection...  
[2026-03-19 13:30:49] [INFO   ] Creating TW instance: world - 8157096416607632898 
[2026-03-19 13:30:49] [INFO   ] NMSChunkGenerator Delegate is of type CustomChunkGenerator 
[2026-03-19 13:30:49] [INFO   ] Post injection: getChunkSource().getChunkGenerator() is of type NMSChunkGenerator 
[2026-03-19 13:30:49] [INFO   ]  Injection success! Proceeding with generation. 
[2026-03-19 13:30:50] [INFO   ]  world loaded. 
[2026-03-19 14:20:31] [INFO   ]  Custom Logger Initialized 
[2026-03-19 14:20:31] [INFO   ] [NOTICE] TerraformGenerator will suppress the server's watchdog while generating chunks to prevent unnecessary stacktrace warnings. Unless you specifically need thewatchdog now (to take aikar timings or debug lag), you don't need to take any action. 
[2026-03-19 14:20:31] [INFO   ] It is recommended to pregenerate to reduce lag problems. 
[2026-03-19 14:20:31] [INFO   ] Watchdog Thread hooked. 
[2026-03-19 14:20:31] [INFO   ]  bStats Metrics enabled. 
[2026-03-19 14:20:31] [INFO   ]  Detected version: v1_21_R7, packName: v1_21_R7 
[2026-03-19 14:20:31] [INFO   ] Unfreezing biome registry... 
[2026-03-19 14:20:31] [INFO   ] Registered custom biome: muddy_bog 
[2026-03-19 14:20:31] [INFO   ] Registered custom biome: cherry_grove 
[2026-03-19 14:20:31] [INFO   ] Registered custom biome: scarlet_forest 
[2026-03-19 14:20:31] [INFO   ] Registered custom biome: crystalline_cluster 
[2026-03-19 14:20:31] [INFO   ] Freezing biome registry 
[2026-03-19 14:20:31] [INFO   ] [Structure Registry] Registered Large Structure: VillageHousePopulator 
[2026-03-19 14:20:31] [INFO   ] [Structure Registry] Registered Large Structure: VillagePopulator 
[2026-03-19 14:20:31] [INFO   ] [Structure Registry] Registered Large Structure: OutpostPopulator 
[2026-03-19 14:20:31] [INFO   ] [Structure Registry] Registered Large Structure: PyramidPopulator 
[2026-03-19 14:20:31] [INFO   ] [Structure Registry] Registered Large Structure: MonumentPopulator 
[2026-03-19 14:20:31] [INFO   ] [Structure Registry] Registered Large Structure: StrongholdPopulator 
[2026-03-19 14:20:31] [INFO   ] [Structure Registry] Registered Large Structure: MansionPopulator 
[2026-03-19 14:20:31] [INFO   ] [Structure Registry] Registered Large Structure: AncientCityPopulator 
[2026-03-19 14:20:31] [INFO   ] [Structure Registry] Registered Large Structure: TrialChamberPopulator 
[2026-03-19 14:20:31] [INFO   ] [Structure Registry] Registered Large Structure: LargeCavePopulator 
[2026-03-19 14:20:31] [INFO   ] [Structure Registry] Registered Large Structure: MineshaftPopulator 
[2026-03-19 14:20:31] [INFO   ] [Structure Registry] Registered Large Structure: CatacombsPopulator 
[2026-03-19 14:20:31] [INFO   ] [Structure Registry] Registered Large Structure: BadlandsMinePopulator 
[2026-03-19 14:20:31] [INFO   ] [Structure Registry] Registered Large Structure: WarmOceanRuinsPopulator 
[2026-03-19 14:20:31] [INFO   ] [Structure Registry] Registered Large Structure: TrailRuinsPopulator 
[2026-03-19 14:20:31] [INFO   ] [Structure Registry] Registered Small Structure: SmallDungeonPopulator 
[2026-03-19 14:20:31] [INFO   ] [Structure Registry] Registered Small Structure: ShipwreckPopulator 
[2026-03-19 14:20:31] [INFO   ] [Structure Registry] Registered Small Structure: BuriedTreasurePopulator 
[2026-03-19 14:20:31] [INFO   ] [Structure Registry] Registered Small Structure: RuinedPortalPopulator 
[2026-03-19 14:20:31] [INFO   ] [Structure Registry] Registered Small Structure: IglooPopulator 
[2026-03-19 14:20:31] [INFO   ] [Structure Registry] Registered Small Structure: DesertWellPopulator 
[2026-03-19 14:20:31] [INFO   ] [Structure Registry] Registered Small Structure: WitchHutPopulator 
[2026-03-19 14:20:34] [INFO   ] Creating TW instance: world - 8157096416607632898 
[2026-03-19 14:20:34] [INFO   ]  Detected world: world, commencing injection...  
[2026-03-19 14:20:34] [INFO   ] Creating TW instance: world - 8157096416607632898 
[2026-03-19 14:20:34] [INFO   ] NMSChunkGenerator Delegate is of type CustomChunkGenerator 
[2026-03-19 14:20:34] [INFO   ] Post injection: getChunkSource().getChunkGenerator() is of type NMSChunkGenerator 
[2026-03-19 14:20:34] [INFO   ]  Injection success! Proceeding with generation. 
[2026-03-19 14:20:34] [INFO   ]  world loaded. 
[2026-03-19 14:45:28] [INFO   ]  Custom Logger Initialized 
[2026-03-19 14:45:29] [INFO   ] [NOTICE] TerraformGenerator will suppress the server's watchdog while generating chunks to prevent unnecessary stacktrace warnings. Unless you specifically need thewatchdog now (to take aikar timings or debug lag), you don't need to take any action. 
[2026-03-19 14:45:29] [INFO   ] It is recommended to pregenerate to reduce lag problems. 
[2026-03-19 14:45:29] [INFO   ] Watchdog Thread hooked. 
[2026-03-19 14:45:29] [INFO   ]  bStats Metrics enabled. 
[2026-03-19 14:45:29] [INFO   ]  Detected version: v1_21_R7, packName: v1_21_R7 
[2026-03-19 14:45:29] [INFO   ] Unfreezing biome registry... 
[2026-03-19 14:45:29] [INFO   ] Registered custom biome: muddy_bog 
[2026-03-19 14:45:29] [INFO   ] Registered custom biome: cherry_grove 
[2026-03-19 14:45:29] [INFO   ] Registered custom biome: scarlet_forest 
[2026-03-19 14:45:29] [INFO   ] Registered custom biome: crystalline_cluster 
[2026-03-19 14:45:29] [INFO   ] Freezing biome registry 
[2026-03-19 14:45:29] [INFO   ] [Structure Registry] Registered Large Structure: VillageHousePopulator 
[2026-03-19 14:45:29] [INFO   ] [Structure Registry] Registered Large Structure: VillagePopulator 
[2026-03-19 14:45:29] [INFO   ] [Structure Registry] Registered Large Structure: OutpostPopulator 
[2026-03-19 14:45:29] [INFO   ] [Structure Registry] Registered Large Structure: PyramidPopulator 
[2026-03-19 14:45:29] [INFO   ] [Structure Registry] Registered Large Structure: MonumentPopulator 
[2026-03-19 14:45:29] [INFO   ] [Structure Registry] Registered Large Structure: StrongholdPopulator 
[2026-03-19 14:45:29] [INFO   ] [Structure Registry] Registered Large Structure: MansionPopulator 
[2026-03-19 14:45:29] [INFO   ] [Structure Registry] Registered Large Structure: AncientCityPopulator 
[2026-03-19 14:45:29] [INFO   ] [Structure Registry] Registered Large Structure: TrialChamberPopulator 
[2026-03-19 14:45:29] [INFO   ] [Structure Registry] Registered Large Structure: LargeCavePopulator 
[2026-03-19 14:45:29] [INFO   ] [Structure Registry] Registered Large Structure: MineshaftPopulator 
[2026-03-19 14:45:29] [INFO   ] [Structure Registry] Registered Large Structure: CatacombsPopulator 
[2026-03-19 14:45:29] [INFO   ] [Structure Registry] Registered Large Structure: BadlandsMinePopulator 
[2026-03-19 14:45:29] [INFO   ] [Structure Registry] Registered Large Structure: WarmOceanRuinsPopulator 
[2026-03-19 14:45:29] [INFO   ] [Structure Registry] Registered Large Structure: TrailRuinsPopulator 
[2026-03-19 14:45:29] [INFO   ] [Structure Registry] Registered Small Structure: SmallDungeonPopulator 
[2026-03-19 14:45:29] [INFO   ] [Structure Registry] Registered Small Structure: ShipwreckPopulator 
[2026-03-19 14:45:29] [INFO   ] [Structure Registry] Registered Small Structure: BuriedTreasurePopulator 
[2026-03-19 14:45:29] [INFO   ] [Structure Registry] Registered Small Structure: RuinedPortalPopulator 
[2026-03-19 14:45:29] [INFO   ] [Structure Registry] Registered Small Structure: IglooPopulator 
[2026-03-19 14:45:29] [INFO   ] [Structure Registry] Registered Small Structure: DesertWellPopulator 
[2026-03-19 14:45:29] [INFO   ] [Structure Registry] Registered Small Structure: WitchHutPopulator 
[2026-03-19 14:45:33] [INFO   ] Creating TW instance: world - 8157096416607632898 
[2026-03-19 14:45:33] [INFO   ]  Detected world: world, commencing injection...  
[2026-03-19 14:45:33] [INFO   ] Creating TW instance: world - 8157096416607632898 
[2026-03-19 14:45:33] [INFO   ] NMSChunkGenerator Delegate is of type CustomChunkGenerator 
[2026-03-19 14:45:33] [INFO   ] Post injection: getChunkSource().getChunkGenerator() is of type NMSChunkGenerator 
[2026-03-19 14:45:33] [INFO   ]  Injection success! Proceeding with generation. 
[2026-03-19 14:45:33] [INFO   ]  world loaded. 
[2026-03-19 14:51:15] [INFO   ]  Custom Logger Initialized 
[2026-03-19 14:51:15] [INFO   ] [NOTICE] TerraformGenerator will suppress the server's watchdog while generating chunks to prevent unnecessary stacktrace warnings. Unless you specifically need thewatchdog now (to take aikar timings or debug lag), you don't need to take any action. 
[2026-03-19 14:51:15] [INFO   ] It is recommended to pregenerate to reduce lag problems. 
[2026-03-19 14:51:15] [INFO   ] Watchdog Thread hooked. 
[2026-03-19 14:51:15] [INFO   ]  bStats Metrics enabled. 
[2026-03-19 14:51:16] [INFO   ]  Detected version: v1_21_R7, packName: v1_21_R7 
[2026-03-19 14:51:16] [INFO   ] Unfreezing biome registry... 
[2026-03-19 14:51:16] [INFO   ] Registered custom biome: muddy_bog 
[2026-03-19 14:51:16] [INFO   ] Registered custom biome: cherry_grove 
[2026-03-19 14:51:16] [INFO   ] Registered custom biome: scarlet_forest 
[2026-03-19 14:51:16] [INFO   ] Registered custom biome: crystalline_cluster 
[2026-03-19 14:51:16] [INFO   ] Freezing biome registry 
[2026-03-19 14:51:16] [INFO   ] [Structure Registry] Registered Large Structure: VillageHousePopulator 
[2026-03-19 14:51:16] [INFO   ] [Structure Registry] Registered Large Structure: VillagePopulator 
[2026-03-19 14:51:16] [INFO   ] [Structure Registry] Registered Large Structure: OutpostPopulator 
[2026-03-19 14:51:16] [INFO   ] [Structure Registry] Registered Large Structure: PyramidPopulator 
[2026-03-19 14:51:16] [INFO   ] [Structure Registry] Registered Large Structure: MonumentPopulator 
[2026-03-19 14:51:16] [INFO   ] [Structure Registry] Registered Large Structure: StrongholdPopulator 
[2026-03-19 14:51:16] [INFO   ] [Structure Registry] Registered Large Structure: MansionPopulator 
[2026-03-19 14:51:16] [INFO   ] [Structure Registry] Registered Large Structure: AncientCityPopulator 
[2026-03-19 14:51:16] [INFO   ] [Structure Registry] Registered Large Structure: TrialChamberPopulator 
[2026-03-19 14:51:16] [INFO   ] [Structure Registry] Registered Large Structure: LargeCavePopulator 
[2026-03-19 14:51:16] [INFO   ] [Structure Registry] Registered Large Structure: MineshaftPopulator 
[2026-03-19 14:51:16] [INFO   ] [Structure Registry] Registered Large Structure: CatacombsPopulator 
[2026-03-19 14:51:16] [INFO   ] [Structure Registry] Registered Large Structure: BadlandsMinePopulator 
[2026-03-19 14:51:16] [INFO   ] [Structure Registry] Registered Large Structure: WarmOceanRuinsPopulator 
[2026-03-19 14:51:16] [INFO   ] [Structure Registry] Registered Large Structure: TrailRuinsPopulator 
[2026-03-19 14:51:16] [INFO   ] [Structure Registry] Registered Small Structure: SmallDungeonPopulator 
[2026-03-19 14:51:16] [INFO   ] [Structure Registry] Registered Small Structure: ShipwreckPopulator 
[2026-03-19 14:51:16] [INFO   ] [Structure Registry] Registered Small Structure: BuriedTreasurePopulator 
[2026-03-19 14:51:16] [INFO   ] [Structure Registry] Registered Small Structure: RuinedPortalPopulator 
[2026-03-19 14:51:16] [INFO   ] [Structure Registry] Registered Small Structure: IglooPopulator 
[2026-03-19 14:51:16] [INFO   ] [Structure Registry] Registered Small Structure: DesertWellPopulator 
[2026-03-19 14:51:16] [INFO   ] [Structure Registry] Registered Small Structure: WitchHutPopulator 
[2026-03-19 14:51:20] [INFO   ] Creating TW instance: world - 8157096416607632898 
[2026-03-19 14:51:20] [INFO   ]  Detected world: world, commencing injection...  
[2026-03-19 14:51:20] [INFO   ] Creating TW instance: world - 8157096416607632898 
[2026-03-19 14:51:20] [INFO   ] NMSChunkGenerator Delegate is of type CustomChunkGenerator 
[2026-03-19 14:51:20] [INFO   ] Post injection: getChunkSource().getChunkGenerator() is of type NMSChunkGenerator 
[2026-03-19 14:51:20] [INFO   ]  Injection success! Proceeding with generation. 
[2026-03-19 14:51:20] [INFO   ]  world loaded. 
[2026-03-19 15:04:44] [INFO   ]  Custom Logger Initialized 
[2026-03-19 15:04:45] [INFO   ] [NOTICE] TerraformGenerator will suppress the server's watchdog while generating chunks to prevent unnecessary stacktrace warnings. Unless you specifically need thewatchdog now (to take aikar timings or debug lag), you don't need to take any action. 
[2026-03-19 15:04:45] [INFO   ] It is recommended to pregenerate to reduce lag problems. 
[2026-03-19 15:04:45] [INFO   ] Watchdog Thread hooked. 
[2026-03-19 15:04:45] [INFO   ]  bStats Metrics enabled. 
[2026-03-19 15:04:45] [INFO   ]  Detected version: v1_21_R7, packName: v1_21_R7 
[2026-03-19 15:04:45] [INFO   ] Unfreezing biome registry... 
[2026-03-19 15:04:45] [INFO   ] Registered custom biome: muddy_bog 
[2026-03-19 15:04:45] [INFO   ] Registered custom biome: cherry_grove 
[2026-03-19 15:04:45] [INFO   ] Registered custom biome: scarlet_forest 
[2026-03-19 15:04:45] [INFO   ] Registered custom biome: crystalline_cluster 
[2026-03-19 15:04:45] [INFO   ] Freezing biome registry 
[2026-03-19 15:04:45] [INFO   ] [Structure Registry] Registered Large Structure: VillageHousePopulator 
[2026-03-19 15:04:45] [INFO   ] [Structure Registry] Registered Large Structure: VillagePopulator 
[2026-03-19 15:04:45] [INFO   ] [Structure Registry] Registered Large Structure: OutpostPopulator 
[2026-03-19 15:04:45] [INFO   ] [Structure Registry] Registered Large Structure: PyramidPopulator 
[2026-03-19 15:04:45] [INFO   ] [Structure Registry] Registered Large Structure: MonumentPopulator 
[2026-03-19 15:04:45] [INFO   ] [Structure Registry] Registered Large Structure: StrongholdPopulator 
[2026-03-19 15:04:45] [INFO   ] [Structure Registry] Registered Large Structure: MansionPopulator 
[2026-03-19 15:04:45] [INFO   ] [Structure Registry] Registered Large Structure: AncientCityPopulator 
[2026-03-19 15:04:45] [INFO   ] [Structure Registry] Registered Large Structure: TrialChamberPopulator 
[2026-03-19 15:04:45] [INFO   ] [Structure Registry] Registered Large Structure: LargeCavePopulator 
[2026-03-19 15:04:45] [INFO   ] [Structure Registry] Registered Large Structure: MineshaftPopulator 
[2026-03-19 15:04:45] [INFO   ] [Structure Registry] Registered Large Structure: CatacombsPopulator 
[2026-03-19 15:04:45] [INFO   ] [Structure Registry] Registered Large Structure: BadlandsMinePopulator 
[2026-03-19 15:04:45] [INFO   ] [Structure Registry] Registered Large Structure: WarmOceanRuinsPopulator 
[2026-03-19 15:04:45] [INFO   ] [Structure Registry] Registered Large Structure: TrailRuinsPopulator 
[2026-03-19 15:04:45] [INFO   ] [Structure Registry] Registered Small Structure: SmallDungeonPopulator 
[2026-03-19 15:04:45] [INFO   ] [Structure Registry] Registered Small Structure: ShipwreckPopulator 
[2026-03-19 15:04:45] [INFO   ] [Structure Registry] Registered Small Structure: BuriedTreasurePopulator 
[2026-03-19 15:04:45] [INFO   ] [Structure Registry] Registered Small Structure: RuinedPortalPopulator 
[2026-03-19 15:04:45] [INFO   ] [Structure Registry] Registered Small Structure: IglooPopulator 
[2026-03-19 15:04:45] [INFO   ] [Structure Registry] Registered Small Structure: DesertWellPopulator 
[2026-03-19 15:04:45] [INFO   ] [Structure Registry] Registered Small Structure: WitchHutPopulator 
[2026-03-19 15:04:48] [INFO   ] Creating TW instance: world - 8157096416607632898 
[2026-03-19 15:04:48] [INFO   ]  Detected world: world, commencing injection...  
[2026-03-19 15:04:48] [INFO   ] Creating TW instance: world - 8157096416607632898 
[2026-03-19 15:04:48] [INFO   ] NMSChunkGenerator Delegate is of type CustomChunkGenerator 
[2026-03-19 15:04:48] [INFO   ] Post injection: getChunkSource().getChunkGenerator() is of type NMSChunkGenerator 
[2026-03-19 15:04:48] [INFO   ]  Injection success! Proceeding with generation. 
[2026-03-19 15:04:49] [INFO   ]  world loaded. 
[2026-03-19 15:08:01] [INFO   ] Will spawn stronghold at: CoordPair[x=1256, z=634] 
[2026-03-19 15:08:03] [INFO   ] Registered: org.terraform.structure.mineshaft.ShaftRoomPopulator at -9336 2 10070 in a room of size 13x15 
[2026-03-19 15:08:03] [INFO   ] Registered: org.terraform.structure.mineshaft.ShaftRoomPopulator at -9479 2 10040 in a room of size 15x15 
[2026-03-19 15:08:03] [INFO   ] Registered: org.terraform.structure.mineshaft.SmeltingHallPopulator at -9367 2 10033 in a room of size 14x15 
[2026-03-19 15:08:03] [INFO   ] Registered: org.terraform.structure.mineshaft.ShaftRoomPopulator at -9454 2 10097 in a room of size 14x15 
[2026-03-19 15:08:03] [INFO   ] Registered: org.terraform.structure.mineshaft.ShaftRoomPopulator at -9459 2 9990 in a room of size 15x15 
[2026-03-19 15:08:03] [INFO   ] Registered: org.terraform.structure.mineshaft.SmeltingHallPopulator at -9396 2 10046 in a room of size 14x13 
[2026-03-19 15:08:03] [INFO   ] Registered: org.terraform.structure.mineshaft.ShaftRoomPopulator at -9377 2 10102 in a room of size 14x14 
[2026-03-19 15:08:03] [INFO   ] Registered: org.terraform.structure.mineshaft.ShaftRoomPopulator at -9410 2 10093 in a room of size 14x15 
[2026-03-19 15:08:03] [INFO   ] Registered: org.terraform.structure.mineshaft.ShaftTopPopulator at -9410 17 10093 in a room of size 14x6 
[2026-03-19 15:08:03] [INFO   ] Registered: org.terraform.structure.mineshaft.ShaftTopPopulator at -9479 17 10040 in a room of size 15x6 
[2026-03-19 15:08:03] [INFO   ] Registered: org.terraform.structure.mineshaft.ShaftTopPopulator at -9454 17 10097 in a room of size 14x5 
[2026-03-19 15:08:03] [INFO   ] Registered: org.terraform.structure.mineshaft.CaveSpiderDenPopulator at -9391 17 10025 in a room of size 15x14 
[2026-03-19 15:08:03] [INFO   ] Registered: org.terraform.structure.mineshaft.CaveSpiderDenPopulator at -9392 17 10087 in a room of size 14x15 
[2026-03-19 15:08:03] [INFO   ] Registered: org.terraform.structure.mineshaft.ShaftTopPopulator at -9336 17 10070 in a room of size 13x6 
[2026-03-19 15:08:03] [INFO   ] Registered: org.terraform.structure.mineshaft.CaveSpiderDenPopulator at -9455 17 10088 in a room of size 13x14 
[2026-03-19 15:08:03] [INFO   ] Registered: org.terraform.structure.mineshaft.ShaftTopPopulator at -9377 17 10102 in a room of size 14x7 
[2026-03-19 15:08:03] [INFO   ] Registered: org.terraform.structure.mineshaft.SmeltingHallPopulator at -9343 17 10101 in a room of size 13x13 
[2026-03-19 15:08:03] [INFO   ] Registered: org.terraform.structure.mineshaft.CaveSpiderDenPopulator at -9411 17 10013 in a room of size 14x14 
[2026-03-19 15:08:03] [INFO   ] Registered: org.terraform.structure.mineshaft.CaveSpiderDenPopulator at -9361 17 9973 in a room of size 15x13 
[2026-03-19 15:08:03] [INFO   ] Registered: org.terraform.structure.mineshaft.ShaftTopPopulator at -9459 17 9990 in a room of size 15x5 
[2026-03-19 15:08:03] [INFO   ] Registered: org.terraform.structure.mineshaft.CaveSpiderDenPopulator at -9467 17 9980 in a room of size 13x13 
[2026-03-19 15:08:03] [INFO   ] Registered: org.terraform.structure.mineshaft.SmeltingHallPopulator at -9455 17 10037 in a room of size 15x14 
[2026-03-19 15:35:00] [INFO   ] Registered: org.terraform.structure.mineshaft.SmeltingHallPopulator at -643 13 -5319 in a room of size 13x15 
[2026-03-19 15:35:00] [INFO   ] Registered: org.terraform.structure.mineshaft.SmeltingHallPopulator at -684 13 -5313 in a room of size 14x15 
[2026-03-19 15:35:00] [INFO   ] Registered: org.terraform.structure.mineshaft.CaveSpiderDenPopulator at -688 13 -5284 in a room of size 15x14 
[2026-03-19 15:35:00] [INFO   ] Registered: org.terraform.structure.mineshaft.SmeltingHallPopulator at -667 13 -5277 in a room of size 14x14 
[2026-03-19 15:35:00] [INFO   ] Registered: org.terraform.structure.mineshaft.SmeltingHallPopulator at -721 13 -5380 in a room of size 15x14 
[2026-03-19 15:35:00] [INFO   ] Registered: org.terraform.structure.mineshaft.CaveSpiderDenPopulator at -764 13 -5238 in a room of size 14x15 
[2026-03-19 15:35:00] [INFO   ] Registered: org.terraform.structure.mineshaft.CaveSpiderDenPopulator at -643 13 -5370 in a room of size 13x14 
[2026-03-19 15:35:00] [INFO   ] Registered: org.terraform.structure.mineshaft.CaveSpiderDenPopulator at -730 13 -5240 in a room of size 15x15 
[2026-03-19 15:35:00] [INFO   ] Registered: org.terraform.structure.mineshaft.CaveSpiderDenPopulator at -674 13 -5387 in a room of size 14x15 
[2026-03-19 15:35:00] [INFO   ] Registered: org.terraform.structure.mineshaft.SmeltingHallPopulator at -751 13 -5349 in a room of size 13x13 
[2026-03-19 15:35:03] [INFO   ] Spawning ancient city at: -1216,-17,-4800 
[2026-03-19 15:35:03] [INFO   ] Registered: org.terraform.structure.ancientcity.AncientCityAltarPopulator at -1175 -17 -4806 in a room of size 17x22 
[2026-03-19 15:35:03] [INFO   ] Registered: org.terraform.structure.ancientcity.AncientCitySchematicPlatform at -1246 -17 -4827 in a room of size 24x18 
[2026-03-19 15:35:03] [INFO   ] Registered: org.terraform.structure.ancientcity.AncientCityLargePillarRoomPopulator at -1245 -17 -4757 in a room of size 17x16 
[2026-03-19 15:35:03] [INFO   ] Registered: org.terraform.structure.ancientcity.AncientCityRuinsPlatform at -1270 -17 -4772 in a room of size 23x19 
[2026-03-19 15:35:03] [INFO   ] Registered: org.terraform.structure.ancientcity.AncientCitySchematicPlatform at -1240 -17 -4782 in a room of size 19x16 
[2026-03-19 15:35:03] [INFO   ] Registered: org.terraform.structure.ancientcity.AncientCitySchematicPlatform at -1157 -17 -4853 in a room of size 24x26 
[2026-03-19 15:35:03] [INFO   ] Registered: org.terraform.structure.ancientcity.AncientCityAltarPopulator at -1158 -17 -4747 in a room of size 21x18 
[2026-03-19 15:35:03] [INFO   ] Registered: org.terraform.structure.ancientcity.AncientCitySchematicPlatform at -1226 -17 -4829 in a room of size 17x23 
[2026-03-19 15:35:03] [INFO   ] Registered: org.terraform.structure.ancientcity.AncientCityLargePillarRoomPopulator at -1209 -17 -4854 in a room of size 20x19 
[2026-03-19 15:35:03] [INFO   ] Registered: org.terraform.structure.ancientcity.AncientCityLargePillarRoomPopulator at -1217 -17 -4752 in a room of size 17x20 
[2026-03-19 15:35:03] [INFO   ] Registered: org.terraform.structure.ancientcity.AncientCityCenterPlatformPopulator at -1208 -17 -4792 in a room of size 46x46 
[2026-03-19 15:35:03] [INFO   ] Registered: org.terraform.structure.ancientcity.AncientCityLargePillarRoomPopulator at -1200 -17 -4740 in a room of size 17x19 
[2026-03-19 15:35:05] [INFO   ] Spawning MossyCavePopulator at -768,67,-5184 
[2026-03-19 15:35:05] [INFO   ] Spawning DeepCavePopulator at -768,-47,-5184 
[2026-03-19 15:35:06] [INFO   ] Spawning LushClusterCavePopulator at -768,20,-4864 
[2026-03-19 15:35:06] [INFO   ] Spawning CaveFluidClusterPopulator at -760,28,-5200 
[2026-03-19 15:35:07] [INFO   ] Spawning CrystallineClusterCavePopulator at -774,-27,-4816 
[2026-03-19 15:35:09] [INFO   ] Spawning DripstoneClusterCavePopulator at -704,15,-5120 
[2026-03-19 15:35:25] [INFO   ] Registered: org.terraform.structure.mineshaft.CaveSpiderDenPopulator at 23343 1 8987 in a room of size 14x15 
[2026-03-19 15:35:25] [INFO   ] Registered: org.terraform.structure.mineshaft.CaveSpiderDenPopulator at 23404 1 8981 in a room of size 14x15 
[2026-03-19 15:35:25] [INFO   ] Registered: org.terraform.structure.mineshaft.CaveSpiderDenPopulator at 23415 1 9058 in a room of size 15x14 
[2026-03-19 15:35:25] [INFO   ] Registered: org.terraform.structure.mineshaft.CaveSpiderDenPopulator at 23358 1 9052 in a room of size 13x15 
[2026-03-19 15:35:25] [INFO   ] Registered: org.terraform.structure.mineshaft.CaveSpiderDenPopulator at 23326 1 8982 in a room of size 13x13 
[2026-03-19 15:35:25] [INFO   ] Registered: org.terraform.structure.mineshaft.CaveSpiderDenPopulator at 23357 1 8967 in a room of size 15x14 
[2026-03-19 15:35:25] [INFO   ] Registered: org.terraform.structure.mineshaft.SmeltingHallPopulator at 23435 1 9037 in a room of size 14x13 
[2026-03-19 15:35:25] [INFO   ] Registered: org.terraform.structure.mineshaft.CaveSpiderDenPopulator at 23423 1 8958 in a room of size 15x14 
[2026-03-19 15:35:25] [INFO   ] Registered: org.terraform.structure.mineshaft.CaveSpiderDenPopulator at 23365 1 9093 in a room of size 15x14 
[2026-03-19 15:35:34] [INFO   ] 3124,3124 will spawn a vanilla structure, with tryGenerateStructure == true 
[2026-03-19 15:35:36] [INFO   ] Generating org.terraform.structure.trialchamber.TrialChamberPopulator at chunk: 3124,3124 
[2026-03-19 15:35:42] [INFO   ] Spawning FrozenCavePopulator at 49920,20,50067 
[2026-03-19 15:35:50] [INFO   ] Spawning ancient city at: 50496,-12,49984 
[2026-03-19 15:35:50] [INFO   ] Registered: org.terraform.structure.ancientcity.AncientCitySchematicPlatform at 50547 -12 50022 in a room of size 17x21 
[2026-03-19 15:35:50] [INFO   ] Registered: org.terraform.structure.ancientcity.AncientCitySchematicPlatform at 50469 -12 50039 in a room of size 24x26 
[2026-03-19 15:35:50] [INFO   ] Registered: org.terraform.structure.ancientcity.AncientCitySchematicPlatform at 50505 -12 49944 in a room of size 20x19 
[2026-03-19 15:35:50] [INFO   ] Registered: org.terraform.structure.ancientcity.AncientCityLargePillarRoomPopulator at 50436 -12 49964 in a room of size 20x20 
[2026-03-19 15:35:50] [INFO   ] Registered: org.terraform.structure.ancientcity.AncientCitySchematicPlatform at 50555 -12 49982 in a room of size 24x22 
[2026-03-19 15:35:50] [INFO   ] Registered: org.terraform.structure.ancientcity.AncientCityAltarPopulator at 50453 -12 49935 in a room of size 21x22 
[2026-03-19 15:35:50] [INFO   ] Registered: org.terraform.structure.ancientcity.AncientCitySchematicPlatform at 50459 -12 50001 in a room of size 23x23 
[2026-03-19 15:35:50] [INFO   ] Registered: org.terraform.structure.ancientcity.AncientCityAltarPopulator at 50509 -12 50034 in a room of size 23x19 
[2026-03-19 15:35:50] [INFO   ] Registered: org.terraform.structure.ancientcity.AncientCitySchematicPlatform at 50551 -12 49959 in a room of size 24x18 
[2026-03-19 15:35:50] [INFO   ] Registered: org.terraform.structure.ancientcity.AncientCityCenterPlatformPopulator at 50504 -12 49992 in a room of size 46x46 
[2026-03-19 15:35:50] [INFO   ] Registered: org.terraform.structure.ancientcity.AncientCitySchematicPlatform at 50548 -12 49929 in a room of size 25x22 
[2026-03-19 15:35:50] [INFO   ] Large Cave at 49984,20,50496 has water level > -23 with populator MushroomCavePopulator 
[2026-03-19 15:36:11] [INFO   ] Registered: org.terraform.structure.mineshaft.ShaftRoomPopulator at 50461 25 49419 in a room of size 13x14 
[2026-03-19 15:36:11] [INFO   ] Registered: org.terraform.structure.mineshaft.ShaftRoomPopulator at 50489 25 49543 in a room of size 15x13 
[2026-03-19 15:36:11] [INFO   ] Registered: org.terraform.structure.mineshaft.SmeltingHallPopulator at 50542 25 49527 in a room of size 15x14 
[2026-03-19 15:36:11] [INFO   ] Registered: org.terraform.structure.mineshaft.SmeltingHallPopulator at 50435 25 49531 in a room of size 14x13 
[2026-03-19 15:36:11] [INFO   ] Registered: org.terraform.structure.mineshaft.CaveSpiderDenPopulator at 50449 25 49455 in a room of size 15x13 
[2026-03-19 15:36:11] [INFO   ] Registered: org.terraform.structure.mineshaft.ShaftRoomPopulator at 50529 25 49540 in a room of size 15x13 
[2026-03-19 15:36:11] [INFO   ] Registered: org.terraform.structure.mineshaft.SmeltingHallPopulator at 50445 25 49425 in a room of size 15x13 
[2026-03-19 15:36:11] [INFO   ] Registered: org.terraform.structure.mineshaft.CaveSpiderDenPopulator at 50527 25 49456 in a room of size 15x13 
[2026-03-19 15:36:11] [INFO   ] Registered: org.terraform.structure.mineshaft.ShaftRoomPopulator at 50472 25 49505 in a room of size 13x13 
[2026-03-19 15:36:11] [INFO   ] Registered: org.terraform.structure.mineshaft.ShaftTopPopulator at 50489 40 49543 in a room of size 15x5 
[2026-03-19 15:36:11] [INFO   ] Registered: org.terraform.structure.mineshaft.ShaftTopPopulator at 50461 40 49419 in a room of size 13x6 
[2026-03-19 15:36:11] [INFO   ] Registered: org.terraform.structure.mineshaft.SmeltingHallPopulator at 50482 40 49409 in a room of size 15x15 
[2026-03-19 15:36:11] [INFO   ] Registered: org.terraform.structure.mineshaft.SmeltingHallPopulator at 50528 40 49501 in a room of size 14x14 
[2026-03-19 15:36:11] [INFO   ] Registered: org.terraform.structure.mineshaft.CaveSpiderDenPopulator at 50515 40 49468 in a room of size 13x15 
[2026-03-19 15:36:11] [INFO   ] Registered: org.terraform.structure.mineshaft.ShaftTopPopulator at 50472 40 49505 in a room of size 13x7 
[2026-03-19 15:36:11] [INFO   ] Registered: org.terraform.structure.mineshaft.CaveSpiderDenPopulator at 50455 40 49429 in a room of size 15x15 
[2026-03-19 15:36:11] [INFO   ] Registered: org.terraform.structure.mineshaft.CaveSpiderDenPopulator at 50429 40 49472 in a room of size 13x14 
[2026-03-19 15:36:11] [INFO   ] Registered: org.terraform.structure.mineshaft.CaveSpiderDenPopulator at 50548 40 49524 in a room of size 14x15 
[2026-03-19 15:36:11] [INFO   ] Registered: org.terraform.structure.mineshaft.CaveSpiderDenPopulator at 50534 40 49518 in a room of size 13x14 
[2026-03-19 15:36:11] [INFO   ] Registered: org.terraform.structure.mineshaft.CaveSpiderDenPopulator at 50497 40 49529 in a room of size 13x15 
[2026-03-19 15:36:11] [INFO   ] Registered: org.terraform.structure.mineshaft.ShaftTopPopulator at 50529 40 49540 in a room of size 15x5 
[2026-03-19 15:36:15] [INFO   ] Generating org.terraform.structure.small.dungeon.SmallDungeonPopulator at chunk: 3142,3115 
[2026-03-19 15:36:15] [INFO   ] Spawning Underground Dungeon at 50285,84,49850 
[2026-03-19 15:38:46] [INFO   ] Generating org.terraform.structure.small.dungeon.SmallDungeonPopulator at chunk: 3110,3129 
[2026-03-19 15:38:46] [INFO   ] Spawning Underground Dungeon at 49766,24,50069 
[2026-03-19 15:38:54] [INFO   ] Spawning Creaking Heart at 49672,75,49927 
[2026-03-20 02:25:36] [INFO   ]  Custom Logger Initialized 
[2026-03-20 02:25:37] [INFO   ] [NOTICE] TerraformGenerator will suppress the server's watchdog while generating chunks to prevent unnecessary stacktrace warnings. Unless you specifically need thewatchdog now (to take aikar timings or debug lag), you don't need to take any action. 
[2026-03-20 02:25:37] [INFO   ] It is recommended to pregenerate to reduce lag problems. 
[2026-03-20 02:25:37] [INFO   ] Watchdog Thread hooked. 
[2026-03-20 02:25:37] [INFO   ]  bStats Metrics enabled. 
[2026-03-20 02:25:37] [INFO   ]  Detected version: v1_21_R7, packName: v1_21_R7 
[2026-03-20 02:25:37] [INFO   ] Unfreezing biome registry... 
[2026-03-20 02:25:37] [INFO   ] Registered custom biome: muddy_bog 
[2026-03-20 02:25:37] [INFO   ] Registered custom biome: cherry_grove 
[2026-03-20 02:25:37] [INFO   ] Registered custom biome: scarlet_forest 
[2026-03-20 02:25:37] [INFO   ] Registered custom biome: crystalline_cluster 
[2026-03-20 02:25:37] [INFO   ] Freezing biome registry 
[2026-03-20 02:25:37] [INFO   ] [Structure Registry] Registered Large Structure: VillageHousePopulator 
[2026-03-20 02:25:37] [INFO   ] [Structure Registry] Registered Large Structure: VillagePopulator 
[2026-03-20 02:25:37] [INFO   ] [Structure Registry] Registered Large Structure: OutpostPopulator 
[2026-03-20 02:25:37] [INFO   ] [Structure Registry] Registered Large Structure: PyramidPopulator 
[2026-03-20 02:25:37] [INFO   ] [Structure Registry] Registered Large Structure: MonumentPopulator 
[2026-03-20 02:25:37] [INFO   ] [Structure Registry] Registered Large Structure: StrongholdPopulator 
[2026-03-20 02:25:37] [INFO   ] [Structure Registry] Registered Large Structure: MansionPopulator 
[2026-03-20 02:25:37] [INFO   ] [Structure Registry] Registered Large Structure: AncientCityPopulator 
[2026-03-20 02:25:37] [INFO   ] [Structure Registry] Registered Large Structure: TrialChamberPopulator 
[2026-03-20 02:25:37] [INFO   ] [Structure Registry] Registered Large Structure: LargeCavePopulator 
[2026-03-20 02:25:37] [INFO   ] [Structure Registry] Registered Large Structure: MineshaftPopulator 
[2026-03-20 02:25:37] [INFO   ] [Structure Registry] Registered Large Structure: CatacombsPopulator 
[2026-03-20 02:25:37] [INFO   ] [Structure Registry] Registered Large Structure: BadlandsMinePopulator 
[2026-03-20 02:25:37] [INFO   ] [Structure Registry] Registered Large Structure: WarmOceanRuinsPopulator 
[2026-03-20 02:25:37] [INFO   ] [Structure Registry] Registered Large Structure: TrailRuinsPopulator 
[2026-03-20 02:25:37] [INFO   ] [Structure Registry] Registered Small Structure: SmallDungeonPopulator 
[2026-03-20 02:25:37] [INFO   ] [Structure Registry] Registered Small Structure: ShipwreckPopulator 
[2026-03-20 02:25:37] [INFO   ] [Structure Registry] Registered Small Structure: BuriedTreasurePopulator 
[2026-03-20 02:25:37] [INFO   ] [Structure Registry] Registered Small Structure: RuinedPortalPopulator 
[2026-03-20 02:25:37] [INFO   ] [Structure Registry] Registered Small Structure: IglooPopulator 
[2026-03-20 02:25:37] [INFO   ] [Structure Registry] Registered Small Structure: DesertWellPopulator 
[2026-03-20 02:25:37] [INFO   ] [Structure Registry] Registered Small Structure: WitchHutPopulator 
[2026-03-20 02:25:40] [INFO   ] Creating TW instance: world - 8157096416607632898 
[2026-03-20 02:25:40] [INFO   ]  Detected world: world, commencing injection...  
[2026-03-20 02:25:40] [INFO   ] Creating TW instance: world - 8157096416607632898 
[2026-03-20 02:25:40] [INFO   ] NMSChunkGenerator Delegate is of type CustomChunkGenerator 
[2026-03-20 02:25:40] [INFO   ] Post injection: getChunkSource().getChunkGenerator() is of type NMSChunkGenerator 
[2026-03-20 02:25:40] [INFO   ]  Injection success! Proceeding with generation. 
[2026-03-20 02:25:40] [INFO   ]  world loaded. 
[2026-03-20 04:03:24] [INFO   ]  Custom Logger Initialized 
[2026-03-20 04:03:25] [INFO   ] [NOTICE] TerraformGenerator will suppress the server's watchdog while generating chunks to prevent unnecessary stacktrace warnings. Unless you specifically need thewatchdog now (to take aikar timings or debug lag), you don't need to take any action. 
[2026-03-20 04:03:25] [INFO   ] It is recommended to pregenerate to reduce lag problems. 
[2026-03-20 04:03:25] [INFO   ] Watchdog Thread hooked. 
[2026-03-20 04:03:25] [INFO   ]  bStats Metrics enabled. 
[2026-03-20 04:03:25] [INFO   ]  Detected version: v1_21_R7, packName: v1_21_R7 
[2026-03-20 04:03:25] [INFO   ] Unfreezing biome registry... 
[2026-03-20 04:03:25] [INFO   ] Registered custom biome: muddy_bog 
[2026-03-20 04:03:25] [INFO   ] Registered custom biome: cherry_grove 
[2026-03-20 04:03:25] [INFO   ] Registered custom biome: scarlet_forest 
[2026-03-20 04:03:25] [INFO   ] Registered custom biome: crystalline_cluster 
[2026-03-20 04:03:25] [INFO   ] Freezing biome registry 
[2026-03-20 04:03:25] [INFO   ] [Structure Registry] Registered Large Structure: VillageHousePopulator 
[2026-03-20 04:03:25] [INFO   ] [Structure Registry] Registered Large Structure: VillagePopulator 
[2026-03-20 04:03:25] [INFO   ] [Structure Registry] Registered Large Structure: OutpostPopulator 
[2026-03-20 04:03:25] [INFO   ] [Structure Registry] Registered Large Structure: PyramidPopulator 
[2026-03-20 04:03:25] [INFO   ] [Structure Registry] Registered Large Structure: MonumentPopulator 
[2026-03-20 04:03:25] [INFO   ] [Structure Registry] Registered Large Structure: StrongholdPopulator 
[2026-03-20 04:03:25] [INFO   ] [Structure Registry] Registered Large Structure: MansionPopulator 
[2026-03-20 04:03:25] [INFO   ] [Structure Registry] Registered Large Structure: AncientCityPopulator 
[2026-03-20 04:03:25] [INFO   ] [Structure Registry] Registered Large Structure: TrialChamberPopulator 
[2026-03-20 04:03:25] [INFO   ] [Structure Registry] Registered Large Structure: LargeCavePopulator 
[2026-03-20 04:03:25] [INFO   ] [Structure Registry] Registered Large Structure: MineshaftPopulator 
[2026-03-20 04:03:25] [INFO   ] [Structure Registry] Registered Large Structure: CatacombsPopulator 
[2026-03-20 04:03:25] [INFO   ] [Structure Registry] Registered Large Structure: BadlandsMinePopulator 
[2026-03-20 04:03:25] [INFO   ] [Structure Registry] Registered Large Structure: WarmOceanRuinsPopulator 
[2026-03-20 04:03:25] [INFO   ] [Structure Registry] Registered Large Structure: TrailRuinsPopulator 
[2026-03-20 04:03:25] [INFO   ] [Structure Registry] Registered Small Structure: SmallDungeonPopulator 
[2026-03-20 04:03:25] [INFO   ] [Structure Registry] Registered Small Structure: ShipwreckPopulator 
[2026-03-20 04:03:25] [INFO   ] [Structure Registry] Registered Small Structure: BuriedTreasurePopulator 
[2026-03-20 04:03:25] [INFO   ] [Structure Registry] Registered Small Structure: RuinedPortalPopulator 
[2026-03-20 04:03:25] [INFO   ] [Structure Registry] Registered Small Structure: IglooPopulator 
[2026-03-20 04:03:25] [INFO   ] [Structure Registry] Registered Small Structure: DesertWellPopulator 
[2026-03-20 04:03:25] [INFO   ] [Structure Registry] Registered Small Structure: WitchHutPopulator 
[2026-03-20 04:03:28] [INFO   ] Creating TW instance: world - 8157096416607632898 
[2026-03-20 04:03:28] [INFO   ]  Detected world: world, commencing injection...  
[2026-03-20 04:03:28] [INFO   ] Creating TW instance: world - 8157096416607632898 
[2026-03-20 04:03:28] [INFO   ] NMSChunkGenerator Delegate is of type CustomChunkGenerator 
[2026-03-20 04:03:28] [INFO   ] Post injection: getChunkSource().getChunkGenerator() is of type NMSChunkGenerator 
[2026-03-20 04:03:28] [INFO   ]  Injection success! Proceeding with generation. 
[2026-03-20 04:03:28] [INFO   ]  world loaded. 
[2026-03-20 05:09:17] [INFO   ]  Custom Logger Initialized 
[2026-03-20 05:09:17] [INFO   ] [NOTICE] TerraformGenerator will suppress the server's watchdog while generating chunks to prevent unnecessary stacktrace warnings. Unless you specifically need thewatchdog now (to take aikar timings or debug lag), you don't need to take any action. 
[2026-03-20 05:09:17] [INFO   ] It is recommended to pregenerate to reduce lag problems. 
[2026-03-20 05:09:17] [INFO   ] Watchdog Thread hooked. 
[2026-03-20 05:09:17] [INFO   ]  bStats Metrics enabled. 
[2026-03-20 05:09:17] [INFO   ]  Detected version: v1_21_R7, packName: v1_21_R7 
[2026-03-20 05:09:17] [INFO   ] Unfreezing biome registry... 
[2026-03-20 05:09:17] [INFO   ] Registered custom biome: muddy_bog 
[2026-03-20 05:09:17] [INFO   ] Registered custom biome: cherry_grove 
[2026-03-20 05:09:17] [INFO   ] Registered custom biome: scarlet_forest 
[2026-03-20 05:09:17] [INFO   ] Registered custom biome: crystalline_cluster 
[2026-03-20 05:09:17] [INFO   ] Freezing biome registry 
[2026-03-20 05:09:17] [INFO   ] [Structure Registry] Registered Large Structure: VillageHousePopulator 
[2026-03-20 05:09:17] [INFO   ] [Structure Registry] Registered Large Structure: VillagePopulator 
[2026-03-20 05:09:17] [INFO   ] [Structure Registry] Registered Large Structure: OutpostPopulator 
[2026-03-20 05:09:17] [INFO   ] [Structure Registry] Registered Large Structure: PyramidPopulator 
[2026-03-20 05:09:17] [INFO   ] [Structure Registry] Registered Large Structure: MonumentPopulator 
[2026-03-20 05:09:17] [INFO   ] [Structure Registry] Registered Large Structure: StrongholdPopulator 
[2026-03-20 05:09:17] [INFO   ] [Structure Registry] Registered Large Structure: MansionPopulator 
[2026-03-20 05:09:17] [INFO   ] [Structure Registry] Registered Large Structure: AncientCityPopulator 
[2026-03-20 05:09:17] [INFO   ] [Structure Registry] Registered Large Structure: TrialChamberPopulator 
[2026-03-20 05:09:17] [INFO   ] [Structure Registry] Registered Large Structure: LargeCavePopulator 
[2026-03-20 05:09:17] [INFO   ] [Structure Registry] Registered Large Structure: MineshaftPopulator 
[2026-03-20 05:09:17] [INFO   ] [Structure Registry] Registered Large Structure: CatacombsPopulator 
[2026-03-20 05:09:17] [INFO   ] [Structure Registry] Registered Large Structure: BadlandsMinePopulator 
[2026-03-20 05:09:17] [INFO   ] [Structure Registry] Registered Large Structure: WarmOceanRuinsPopulator 
[2026-03-20 05:09:17] [INFO   ] [Structure Registry] Registered Large Structure: TrailRuinsPopulator 
[2026-03-20 05:09:17] [INFO   ] [Structure Registry] Registered Small Structure: SmallDungeonPopulator 
[2026-03-20 05:09:17] [INFO   ] [Structure Registry] Registered Small Structure: ShipwreckPopulator 
[2026-03-20 05:09:17] [INFO   ] [Structure Registry] Registered Small Structure: BuriedTreasurePopulator 
[2026-03-20 05:09:17] [INFO   ] [Structure Registry] Registered Small Structure: RuinedPortalPopulator 
[2026-03-20 05:09:17] [INFO   ] [Structure Registry] Registered Small Structure: IglooPopulator 
[2026-03-20 05:09:17] [INFO   ] [Structure Registry] Registered Small Structure: DesertWellPopulator 
[2026-03-20 05:09:17] [INFO   ] [Structure Registry] Registered Small Structure: WitchHutPopulator 
[2026-03-20 05:09:20] [INFO   ] Creating TW instance: world - 8157096416607632898 
[2026-03-20 05:09:20] [INFO   ]  Detected world: world, commencing injection...  
[2026-03-20 05:09:20] [INFO   ] Creating TW instance: world - 8157096416607632898 
[2026-03-20 05:09:20] [INFO   ] NMSChunkGenerator Delegate is of type CustomChunkGenerator 
[2026-03-20 05:09:20] [INFO   ] Post injection: getChunkSource().getChunkGenerator() is of type NMSChunkGenerator 
[2026-03-20 05:09:20] [INFO   ]  Injection success! Proceeding with generation. 
[2026-03-20 05:09:20] [INFO   ]  world loaded. 
[2026-03-20 06:30:24] [INFO   ]  Custom Logger Initialized 
[2026-03-20 06:30:24] [INFO   ] [NOTICE] TerraformGenerator will suppress the server's watchdog while generating chunks to prevent unnecessary stacktrace warnings. Unless you specifically need thewatchdog now (to take aikar timings or debug lag), you don't need to take any action. 
[2026-03-20 06:30:24] [INFO   ] It is recommended to pregenerate to reduce lag problems. 
[2026-03-20 06:30:24] [INFO   ] Watchdog Thread hooked. 
[2026-03-20 06:30:24] [INFO   ]  bStats Metrics enabled. 
[2026-03-20 06:30:24] [INFO   ]  Detected version: v1_21_R7, packName: v1_21_R7 
[2026-03-20 06:30:24] [INFO   ] Unfreezing biome registry... 
[2026-03-20 06:30:24] [INFO   ] Registered custom biome: muddy_bog 
[2026-03-20 06:30:24] [INFO   ] Registered custom biome: cherry_grove 
[2026-03-20 06:30:24] [INFO   ] Registered custom biome: scarlet_forest 
[2026-03-20 06:30:24] [INFO   ] Registered custom biome: crystalline_cluster 
[2026-03-20 06:30:24] [INFO   ] Freezing biome registry 
[2026-03-20 06:30:24] [INFO   ] [Structure Registry] Registered Large Structure: VillageHousePopulator 
[2026-03-20 06:30:24] [INFO   ] [Structure Registry] Registered Large Structure: VillagePopulator 
[2026-03-20 06:30:24] [INFO   ] [Structure Registry] Registered Large Structure: OutpostPopulator 
[2026-03-20 06:30:24] [INFO   ] [Structure Registry] Registered Large Structure: PyramidPopulator 
[2026-03-20 06:30:24] [INFO   ] [Structure Registry] Registered Large Structure: MonumentPopulator 
[2026-03-20 06:30:24] [INFO   ] [Structure Registry] Registered Large Structure: StrongholdPopulator 
[2026-03-20 06:30:24] [INFO   ] [Structure Registry] Registered Large Structure: MansionPopulator 
[2026-03-20 06:30:24] [INFO   ] [Structure Registry] Registered Large Structure: AncientCityPopulator 
[2026-03-20 06:30:24] [INFO   ] [Structure Registry] Registered Large Structure: TrialChamberPopulator 
[2026-03-20 06:30:24] [INFO   ] [Structure Registry] Registered Large Structure: LargeCavePopulator 
[2026-03-20 06:30:24] [INFO   ] [Structure Registry] Registered Large Structure: MineshaftPopulator 
[2026-03-20 06:30:24] [INFO   ] [Structure Registry] Registered Large Structure: CatacombsPopulator 
[2026-03-20 06:30:24] [INFO   ] [Structure Registry] Registered Large Structure: BadlandsMinePopulator 
[2026-03-20 06:30:24] [INFO   ] [Structure Registry] Registered Large Structure: WarmOceanRuinsPopulator 
[2026-03-20 06:30:24] [INFO   ] [Structure Registry] Registered Large Structure: TrailRuinsPopulator 
[2026-03-20 06:30:24] [INFO   ] [Structure Registry] Registered Small Structure: SmallDungeonPopulator 
[2026-03-20 06:30:24] [INFO   ] [Structure Registry] Registered Small Structure: ShipwreckPopulator 
[2026-03-20 06:30:24] [INFO   ] [Structure Registry] Registered Small Structure: BuriedTreasurePopulator 
[2026-03-20 06:30:24] [INFO   ] [Structure Registry] Registered Small Structure: RuinedPortalPopulator 
[2026-03-20 06:30:24] [INFO   ] [Structure Registry] Registered Small Structure: IglooPopulator 
[2026-03-20 06:30:24] [INFO   ] [Structure Registry] Registered Small Structure: DesertWellPopulator 
[2026-03-20 06:30:24] [INFO   ] [Structure Registry] Registered Small Structure: WitchHutPopulator 
[2026-03-20 06:30:27] [INFO   ] Creating TW instance: world - 8157096416607632898 
[2026-03-20 06:30:27] [INFO   ]  Detected world: world, commencing injection...  
[2026-03-20 06:30:27] [INFO   ] Creating TW instance: world - 8157096416607632898 
[2026-03-20 06:30:27] [INFO   ] NMSChunkGenerator Delegate is of type CustomChunkGenerator 
[2026-03-20 06:30:27] [INFO   ] Post injection: getChunkSource().getChunkGenerator() is of type NMSChunkGenerator 
[2026-03-20 06:30:27] [INFO   ]  Injection success! Proceeding with generation. 
[2026-03-20 06:30:27] [INFO   ]  world loaded. 
[2026-03-20 06:35:39] [INFO   ]  Custom Logger Initialized 
[2026-03-20 06:35:39] [INFO   ] [NOTICE] TerraformGenerator will suppress the server's watchdog while generating chunks to prevent unnecessary stacktrace warnings. Unless you specifically need thewatchdog now (to take aikar timings or debug lag), you don't need to take any action. 
[2026-03-20 06:35:39] [INFO   ] It is recommended to pregenerate to reduce lag problems. 
[2026-03-20 06:35:39] [INFO   ] Watchdog Thread hooked. 
[2026-03-20 06:35:39] [INFO   ]  bStats Metrics enabled. 
[2026-03-20 06:35:40] [INFO   ]  Detected version: v1_21_R7, packName: v1_21_R7 
[2026-03-20 06:35:40] [INFO   ] Unfreezing biome registry... 
[2026-03-20 06:35:40] [INFO   ] Registered custom biome: muddy_bog 
[2026-03-20 06:35:40] [INFO   ] Registered custom biome: cherry_grove 
[2026-03-20 06:35:40] [INFO   ] Registered custom biome: scarlet_forest 
[2026-03-20 06:35:40] [INFO   ] Registered custom biome: crystalline_cluster 
[2026-03-20 06:35:40] [INFO   ] Freezing biome registry 
[2026-03-20 06:35:40] [INFO   ] [Structure Registry] Registered Large Structure: VillageHousePopulator 
[2026-03-20 06:35:40] [INFO   ] [Structure Registry] Registered Large Structure: VillagePopulator 
[2026-03-20 06:35:40] [INFO   ] [Structure Registry] Registered Large Structure: OutpostPopulator 
[2026-03-20 06:35:40] [INFO   ] [Structure Registry] Registered Large Structure: PyramidPopulator 
[2026-03-20 06:35:40] [INFO   ] [Structure Registry] Registered Large Structure: MonumentPopulator 
[2026-03-20 06:35:40] [INFO   ] [Structure Registry] Registered Large Structure: StrongholdPopulator 
[2026-03-20 06:35:40] [INFO   ] [Structure Registry] Registered Large Structure: MansionPopulator 
[2026-03-20 06:35:40] [INFO   ] [Structure Registry] Registered Large Structure: AncientCityPopulator 
[2026-03-20 06:35:40] [INFO   ] [Structure Registry] Registered Large Structure: TrialChamberPopulator 
[2026-03-20 06:35:40] [INFO   ] [Structure Registry] Registered Large Structure: LargeCavePopulator 
[2026-03-20 06:35:40] [INFO   ] [Structure Registry] Registered Large Structure: MineshaftPopulator 
[2026-03-20 06:35:40] [INFO   ] [Structure Registry] Registered Large Structure: CatacombsPopulator 
[2026-03-20 06:35:40] [INFO   ] [Structure Registry] Registered Large Structure: BadlandsMinePopulator 
[2026-03-20 06:35:40] [INFO   ] [Structure Registry] Registered Large Structure: WarmOceanRuinsPopulator 
[2026-03-20 06:35:40] [INFO   ] [Structure Registry] Registered Large Structure: TrailRuinsPopulator 
[2026-03-20 06:35:40] [INFO   ] [Structure Registry] Registered Small Structure: SmallDungeonPopulator 
[2026-03-20 06:35:40] [INFO   ] [Structure Registry] Registered Small Structure: ShipwreckPopulator 
[2026-03-20 06:35:40] [INFO   ] [Structure Registry] Registered Small Structure: BuriedTreasurePopulator 
[2026-03-20 06:35:40] [INFO   ] [Structure Registry] Registered Small Structure: RuinedPortalPopulator 
[2026-03-20 06:35:40] [INFO   ] [Structure Registry] Registered Small Structure: IglooPopulator 
[2026-03-20 06:35:40] [INFO   ] [Structure Registry] Registered Small Structure: DesertWellPopulator 
[2026-03-20 06:35:40] [INFO   ] [Structure Registry] Registered Small Structure: WitchHutPopulator 
[2026-03-20 06:35:43] [INFO   ] Creating TW instance: world - 8157096416607632898 
[2026-03-20 06:35:43] [INFO   ]  Detected world: world, commencing injection...  
[2026-03-20 06:35:43] [INFO   ] Creating TW instance: world - 8157096416607632898 
[2026-03-20 06:35:43] [INFO   ] NMSChunkGenerator Delegate is of type CustomChunkGenerator 
[2026-03-20 06:35:43] [INFO   ] Post injection: getChunkSource().getChunkGenerator() is of type NMSChunkGenerator 
[2026-03-20 06:35:43] [INFO   ]  Injection success! Proceeding with generation. 
[2026-03-20 06:35:43] [INFO   ]  world loaded. 
[2026-03-20 06:51:01] [INFO   ] Will spawn stronghold at: CoordPair[x=1256, z=634] 
[2026-03-20 06:51:01] [INFO   ] Registered: org.terraform.structure.mineshaft.ShaftRoomPopulator at 50527 -5 49456 in a room of size 15x13 
[2026-03-20 06:51:01] [INFO   ] Registered: org.terraform.structure.mineshaft.SmeltingHallPopulator at 50472 -5 49505 in a room of size 13x13 
[2026-03-20 06:51:01] [INFO   ] Registered: org.terraform.structure.mineshaft.SmeltingHallPopulator at 50529 -5 49540 in a room of size 15x13 
[2026-03-20 06:51:01] [INFO   ] Registered: org.terraform.structure.mineshaft.SmeltingHallPopulator at 50449 -5 49455 in a room of size 15x13 
[2026-03-20 06:51:01] [INFO   ] Registered: org.terraform.structure.mineshaft.CaveSpiderDenPopulator at 50435 -5 49531 in a room of size 14x13 
[2026-03-20 06:51:01] [INFO   ] Registered: org.terraform.structure.mineshaft.SmeltingHallPopulator at 50461 -5 49419 in a room of size 13x14 
[2026-03-20 06:51:01] [INFO   ] Registered: org.terraform.structure.mineshaft.SmeltingHallPopulator at 50445 -5 49425 in a room of size 15x13 
[2026-03-20 06:51:01] [INFO   ] Registered: org.terraform.structure.mineshaft.SmeltingHallPopulator at 50489 -5 49543 in a room of size 15x13 
[2026-03-20 06:51:01] [INFO   ] Registered: org.terraform.structure.mineshaft.SmeltingHallPopulator at 50542 -5 49527 in a room of size 15x14 
[2026-03-20 06:51:01] [INFO   ] Registered: org.terraform.structure.mineshaft.CaveSpiderDenPopulator at 50548 10 49524 in a room of size 14x15 
[2026-03-20 06:51:01] [INFO   ] Registered: org.terraform.structure.mineshaft.SmeltingHallPopulator at 50515 10 49468 in a room of size 13x15 
[2026-03-20 06:51:01] [INFO   ] Registered: org.terraform.structure.mineshaft.CaveSpiderDenPopulator at 50497 10 49529 in a room of size 13x15 
[2026-03-20 06:51:01] [INFO   ] Registered: org.terraform.structure.mineshaft.SmeltingHallPopulator at 50455 10 49429 in a room of size 15x15 
[2026-03-20 06:51:01] [INFO   ] Registered: org.terraform.structure.mineshaft.SmeltingHallPopulator at 50429 10 49472 in a room of size 13x14 
[2026-03-20 06:51:01] [INFO   ] Registered: org.terraform.structure.mineshaft.SmeltingHallPopulator at 50482 10 49409 in a room of size 15x15 
[2026-03-20 06:51:01] [INFO   ] Registered: org.terraform.structure.mineshaft.ShaftTopPopulator at 50527 10 49456 in a room of size 15x7 
[2026-03-20 06:51:01] [INFO   ] Registered: org.terraform.structure.mineshaft.CaveSpiderDenPopulator at 50534 10 49518 in a room of size 13x14 
[2026-03-20 06:51:01] [INFO   ] Registered: org.terraform.structure.mineshaft.CaveSpiderDenPopulator at 50528 10 49501 in a room of size 14x14 
[2026-03-20 06:51:11] [INFO   ] Spawning MossyCavePopulator at 50256,-21,49618 
[2026-03-20 06:51:11] [INFO   ] Spawning DeepCavePopulator at 50256,-35,49624 
[2026-03-20 07:05:59] [INFO   ] Spawning ancient city at: 50496,-15,49984 
[2026-03-20 07:05:59] [INFO   ] Registered: org.terraform.structure.ancientcity.AncientCityCenterPlatformPopulator at 50504 -15 49992 in a room of size 46x46 
[2026-03-20 07:05:59] [INFO   ] Registered: org.terraform.structure.ancientcity.AncientCityAltarPopulator at 50543 -15 50002 in a room of size 18x17 
[2026-03-20 07:05:59] [INFO   ] Registered: org.terraform.structure.ancientcity.AncientCitySchematicPlatform at 50510 -15 49927 in a room of size 23x16 
[2026-03-20 07:05:59] [INFO   ] Registered: org.terraform.structure.ancientcity.AncientCitySchematicPlatform at 50447 -15 49955 in a room of size 20x22 
[2026-03-20 07:05:59] [INFO   ] Registered: org.terraform.structure.ancientcity.AncientCitySchematicPlatform at 50454 -15 50029 in a room of size 25x18 
[2026-03-20 07:05:59] [INFO   ] Registered: org.terraform.structure.ancientcity.AncientCitySchematicPlatform at 50556 -15 49973 in a room of size 21x17 
[2026-03-20 07:05:59] [INFO   ] Registered: org.terraform.structure.ancientcity.AncientCitySchematicPlatform at 50479 -15 49934 in a room of size 20x24 
[2026-03-20 07:05:59] [INFO   ] Registered: org.terraform.structure.ancientcity.AncientCityAltarPopulator at 50534 -15 49935 in a room of size 18x23 
[2026-03-20 07:05:59] [INFO   ] Registered: org.terraform.structure.ancientcity.AncientCitySchematicPlatform at 50489 -15 50039 in a room of size 22x20 
[2026-03-20 07:05:59] [INFO   ] Registered: org.terraform.structure.ancientcity.AncientCitySchematicPlatform at 50504 -15 49953 in a room of size 23x24 
[2026-03-20 07:05:59] [INFO   ] Registered: org.terraform.structure.ancientcity.AncientCityAltarPopulator at 50457 -15 49998 in a room of size 18x17 
[2026-03-20 07:05:59] [INFO   ] Registered: org.terraform.structure.ancientcity.AncientCityAltarPopulator at 50451 -15 49925 in a room of size 25x18 
[2026-03-20 07:06:04] [INFO   ] Spawning DripstoneClusterCavePopulator at 50304,-30,49792 
[2026-03-20 07:06:04] [INFO   ] Spawning FrozenCavePopulator at 50307,106,49887 
[2026-03-20 07:06:04] [INFO   ] Spawning CrystallineClusterCavePopulator at 50310,18,49880 
[2026-03-20 07:06:04] [INFO   ] Spawning LushClusterCavePopulator at 50304,-19,49920 
[2026-03-20 07:07:46] [INFO   ] Spawning CaveFluidClusterPopulator at 50320,-21,49840 
[2026-03-20 08:45:24] [INFO   ]  Custom Logger Initialized 
[2026-03-20 08:45:24] [INFO   ] [NOTICE] TerraformGenerator will suppress the server's watchdog while generating chunks to prevent unnecessary stacktrace warnings. Unless you specifically need thewatchdog now (to take aikar timings or debug lag), you don't need to take any action. 
[2026-03-20 08:45:24] [INFO   ] It is recommended to pregenerate to reduce lag problems. 
[2026-03-20 08:45:24] [INFO   ] Watchdog Thread hooked. 
[2026-03-20 08:45:24] [INFO   ]  bStats Metrics enabled. 
[2026-03-20 08:45:24] [INFO   ]  Detected version: v1_21_R7, packName: v1_21_R7 
[2026-03-20 08:45:24] [INFO   ] Unfreezing biome registry... 
[2026-03-20 08:45:24] [INFO   ] Registered custom biome: muddy_bog 
[2026-03-20 08:45:24] [INFO   ] Registered custom biome: cherry_grove 
[2026-03-20 08:45:24] [INFO   ] Registered custom biome: scarlet_forest 
[2026-03-20 08:45:24] [INFO   ] Registered custom biome: crystalline_cluster 
[2026-03-20 08:45:24] [INFO   ] Freezing biome registry 
[2026-03-20 08:45:24] [INFO   ] [Structure Registry] Registered Large Structure: VillageHousePopulator 
[2026-03-20 08:45:24] [INFO   ] [Structure Registry] Registered Large Structure: VillagePopulator 
[2026-03-20 08:45:24] [INFO   ] [Structure Registry] Registered Large Structure: OutpostPopulator 
[2026-03-20 08:45:24] [INFO   ] [Structure Registry] Registered Large Structure: PyramidPopulator 
[2026-03-20 08:45:24] [INFO   ] [Structure Registry] Registered Large Structure: MonumentPopulator 
[2026-03-20 08:45:24] [INFO   ] [Structure Registry] Registered Large Structure: StrongholdPopulator 
[2026-03-20 08:45:24] [INFO   ] [Structure Registry] Registered Large Structure: MansionPopulator 
[2026-03-20 08:45:24] [INFO   ] [Structure Registry] Registered Large Structure: AncientCityPopulator 
[2026-03-20 08:45:24] [INFO   ] [Structure Registry] Registered Large Structure: TrialChamberPopulator 
[2026-03-20 08:45:24] [INFO   ] [Structure Registry] Registered Large Structure: LargeCavePopulator 
[2026-03-20 08:45:24] [INFO   ] [Structure Registry] Registered Large Structure: MineshaftPopulator 
[2026-03-20 08:45:24] [INFO   ] [Structure Registry] Registered Large Structure: CatacombsPopulator 
[2026-03-20 08:45:24] [INFO   ] [Structure Registry] Registered Large Structure: BadlandsMinePopulator 
[2026-03-20 08:45:24] [INFO   ] [Structure Registry] Registered Large Structure: WarmOceanRuinsPopulator 
[2026-03-20 08:45:24] [INFO   ] [Structure Registry] Registered Large Structure: TrailRuinsPopulator 
[2026-03-20 08:45:24] [INFO   ] [Structure Registry] Registered Small Structure: SmallDungeonPopulator 
[2026-03-20 08:45:24] [INFO   ] [Structure Registry] Registered Small Structure: ShipwreckPopulator 
[2026-03-20 08:45:24] [INFO   ] [Structure Registry] Registered Small Structure: BuriedTreasurePopulator 
[2026-03-20 08:45:24] [INFO   ] [Structure Registry] Registered Small Structure: RuinedPortalPopulator 
[2026-03-20 08:45:24] [INFO   ] [Structure Registry] Registered Small Structure: IglooPopulator 
[2026-03-20 08:45:24] [INFO   ] [Structure Registry] Registered Small Structure: DesertWellPopulator 
[2026-03-20 08:45:24] [INFO   ] [Structure Registry] Registered Small Structure: WitchHutPopulator 
[2026-03-20 08:45:27] [INFO   ] Creating TW instance: world - 8157096416607632898 
[2026-03-20 08:45:27] [INFO   ]  Detected world: world, commencing injection...  
[2026-03-20 08:45:27] [INFO   ] Creating TW instance: world - 8157096416607632898 
[2026-03-20 08:45:27] [INFO   ] NMSChunkGenerator Delegate is of type CustomChunkGenerator 
[2026-03-20 08:45:27] [INFO   ] Post injection: getChunkSource().getChunkGenerator() is of type NMSChunkGenerator 
[2026-03-20 08:45:27] [INFO   ]  Injection success! Proceeding with generation. 
[2026-03-20 08:45:27] [INFO   ]  world loaded. 
[2026-03-20 08:52:33] [INFO   ] Will spawn stronghold at: CoordPair[x=1256, z=634] 
[2026-03-20 08:54:06] [INFO   ] Registered: org.terraform.structure.mineshaft.ShaftRoomPopulator at 50529 2 49540 in a room of size 15x13 
[2026-03-20 08:54:06] [INFO   ] Registered: org.terraform.structure.mineshaft.SmeltingHallPopulator at 50435 2 49531 in a room of size 14x13 
[2026-03-20 08:54:06] [INFO   ] Registered: org.terraform.structure.mineshaft.CaveSpiderDenPopulator at 50489 2 49543 in a room of size 15x13 
[2026-03-20 08:54:06] [INFO   ] Registered: org.terraform.structure.mineshaft.ShaftRoomPopulator at 50461 2 49419 in a room of size 13x14 
[2026-03-20 08:54:06] [INFO   ] Registered: org.terraform.structure.mineshaft.ShaftRoomPopulator at 50527 2 49456 in a room of size 15x13 
[2026-03-20 08:54:06] [INFO   ] Registered: org.terraform.structure.mineshaft.CaveSpiderDenPopulator at 50472 2 49505 in a room of size 13x13 
[2026-03-20 08:54:06] [INFO   ] Registered: org.terraform.structure.mineshaft.CaveSpiderDenPopulator at 50542 2 49527 in a room of size 15x14 
[2026-03-20 08:54:06] [INFO   ] Registered: org.terraform.structure.mineshaft.SmeltingHallPopulator at 50449 2 49455 in a room of size 15x13 
[2026-03-20 08:54:06] [INFO   ] Registered: org.terraform.structure.mineshaft.ShaftRoomPopulator at 50445 2 49425 in a room of size 15x13 
[2026-03-20 08:54:06] [INFO   ] Registered: org.terraform.structure.mineshaft.SmeltingHallPopulator at 50534 17 49518 in a room of size 13x14 
[2026-03-20 08:54:06] [INFO   ] Registered: org.terraform.structure.mineshaft.ShaftTopPopulator at 50461 17 49419 in a room of size 13x6 
[2026-03-20 08:54:06] [INFO   ] Registered: org.terraform.structure.mineshaft.SmeltingHallPopulator at 50497 17 49529 in a room of size 13x15 
[2026-03-20 08:54:06] [INFO   ] Registered: org.terraform.structure.mineshaft.ShaftTopPopulator at 50529 17 49540 in a room of size 15x5 
[2026-03-20 08:54:06] [INFO   ] Registered: org.terraform.structure.mineshaft.SmeltingHallPopulator at 50515 17 49468 in a room of size 13x15 
[2026-03-20 08:54:06] [INFO   ] Registered: org.terraform.structure.mineshaft.ShaftTopPopulator at 50445 17 49425 in a room of size 15x5 
[2026-03-20 08:54:06] [INFO   ] Registered: org.terraform.structure.mineshaft.CaveSpiderDenPopulator at 50528 17 49501 in a room of size 14x14 
[2026-03-20 08:54:06] [INFO   ] Registered: org.terraform.structure.mineshaft.SmeltingHallPopulator at 50548 17 49524 in a room of size 14x15 
[2026-03-20 08:54:06] [INFO   ] Registered: org.terraform.structure.mineshaft.SmeltingHallPopulator at 50429 17 49472 in a room of size 13x14 
[2026-03-20 08:54:06] [INFO   ] Registered: org.terraform.structure.mineshaft.CaveSpiderDenPopulator at 50482 17 49409 in a room of size 15x15 
[2026-03-20 08:54:06] [INFO   ] Registered: org.terraform.structure.mineshaft.ShaftTopPopulator at 50527 17 49456 in a room of size 15x7 
[2026-03-20 08:54:08] [INFO   ] Spawning ancient city at: 50496,-12,49984 
[2026-03-20 08:54:08] [INFO   ] Registered: org.terraform.structure.ancientcity.AncientCityCenterPlatformPopulator at 50504 -12 49992 in a room of size 46x46 
[2026-03-20 08:54:08] [INFO   ] Registered: org.terraform.structure.ancientcity.AncientCitySchematicPlatform at 50505 -12 49944 in a room of size 20x19 
[2026-03-20 08:54:08] [INFO   ] Registered: org.terraform.structure.ancientcity.AncientCityLargePillarRoomPopulator at 50436 -12 49964 in a room of size 20x20 
[2026-03-20 08:54:08] [INFO   ] Registered: org.terraform.structure.ancientcity.AncientCitySchematicPlatform at 50551 -12 49959 in a room of size 24x18 
[2026-03-20 08:54:08] [INFO   ] Registered: org.terraform.structure.ancientcity.AncientCitySchematicPlatform at 50547 -12 50022 in a room of size 17x21 
[2026-03-20 08:54:08] [INFO   ] Registered: org.terraform.structure.ancientcity.AncientCitySchematicPlatform at 50555 -12 49982 in a room of size 24x22 
[2026-03-20 08:54:08] [INFO   ] Registered: org.terraform.structure.ancientcity.AncientCityAltarPopulator at 50509 -12 50034 in a room of size 23x19 
[2026-03-20 08:54:08] [INFO   ] Registered: org.terraform.structure.ancientcity.AncientCitySchematicPlatform at 50459 -12 50001 in a room of size 23x23 
[2026-03-20 08:54:08] [INFO   ] Registered: org.terraform.structure.ancientcity.AncientCitySchematicPlatform at 50469 -12 50039 in a room of size 24x26 
[2026-03-20 08:54:08] [INFO   ] Registered: org.terraform.structure.ancientcity.AncientCitySchematicPlatform at 50548 -12 49929 in a room of size 25x22 
[2026-03-20 08:54:08] [INFO   ] Registered: org.terraform.structure.ancientcity.AncientCityAltarPopulator at 50453 -12 49935 in a room of size 21x22 
[2026-03-20 08:54:09] [INFO   ] Spawning MossyCavePopulator at 50258,-3,49584 
[2026-03-20 08:54:09] [INFO   ] Spawning DeepCavePopulator at 50267,-33,49592 
[2026-03-20 08:54:09] [INFO   ] Spawning CaveFluidClusterPopulator at 50360,-31,49640 
[2026-03-20 08:54:10] [INFO   ] Spawning FrozenCavePopulator at 50352,116,49899 
[2026-03-20 08:54:20] [INFO   ] Spawning DripstoneClusterCavePopulator at 50368,-19,49728 
[2026-03-20 08:54:20] [INFO   ] Spawning LushClusterCavePopulator at 50368,149,49984 
[2026-03-20 09:04:34] [INFO   ]  Custom Logger Initialized 
[2026-03-20 09:04:34] [INFO   ] [NOTICE] TerraformGenerator will suppress the server's watchdog while generating chunks to prevent unnecessary stacktrace warnings. Unless you specifically need thewatchdog now (to take aikar timings or debug lag), you don't need to take any action. 
[2026-03-20 09:04:34] [INFO   ] It is recommended to pregenerate to reduce lag problems. 
[2026-03-20 09:04:34] [INFO   ] Watchdog Thread hooked. 
[2026-03-20 09:04:34] [INFO   ]  bStats Metrics enabled. 
[2026-03-20 09:04:34] [INFO   ]  Detected version: v1_21_R7, packName: v1_21_R7 
[2026-03-20 09:04:34] [INFO   ] Unfreezing biome registry... 
[2026-03-20 09:04:34] [INFO   ] Registered custom biome: muddy_bog 
[2026-03-20 09:04:34] [INFO   ] Registered custom biome: cherry_grove 
[2026-03-20 09:04:34] [INFO   ] Registered custom biome: scarlet_forest 
[2026-03-20 09:04:34] [INFO   ] Registered custom biome: crystalline_cluster 
[2026-03-20 09:04:34] [INFO   ] Freezing biome registry 
[2026-03-20 09:04:34] [INFO   ] [Structure Registry] Registered Large Structure: VillageHousePopulator 
[2026-03-20 09:04:34] [INFO   ] [Structure Registry] Registered Large Structure: VillagePopulator 
[2026-03-20 09:04:34] [INFO   ] [Structure Registry] Registered Large Structure: OutpostPopulator 
[2026-03-20 09:04:34] [INFO   ] [Structure Registry] Registered Large Structure: PyramidPopulator 
[2026-03-20 09:04:34] [INFO   ] [Structure Registry] Registered Large Structure: MonumentPopulator 
[2026-03-20 09:04:34] [INFO   ] [Structure Registry] Registered Large Structure: StrongholdPopulator 
[2026-03-20 09:04:34] [INFO   ] [Structure Registry] Registered Large Structure: MansionPopulator 
[2026-03-20 09:04:34] [INFO   ] [Structure Registry] Registered Large Structure: AncientCityPopulator 
[2026-03-20 09:04:34] [INFO   ] [Structure Registry] Registered Large Structure: TrialChamberPopulator 
[2026-03-20 09:04:34] [INFO   ] [Structure Registry] Registered Large Structure: LargeCavePopulator 
[2026-03-20 09:04:34] [INFO   ] [Structure Registry] Registered Large Structure: MineshaftPopulator 
[2026-03-20 09:04:34] [INFO   ] [Structure Registry] Registered Large Structure: CatacombsPopulator 
[2026-03-20 09:04:34] [INFO   ] [Structure Registry] Registered Large Structure: BadlandsMinePopulator 
[2026-03-20 09:04:34] [INFO   ] [Structure Registry] Registered Large Structure: WarmOceanRuinsPopulator 
[2026-03-20 09:04:34] [INFO   ] [Structure Registry] Registered Large Structure: TrailRuinsPopulator 
[2026-03-20 09:04:34] [INFO   ] [Structure Registry] Registered Small Structure: SmallDungeonPopulator 
[2026-03-20 09:04:34] [INFO   ] [Structure Registry] Registered Small Structure: ShipwreckPopulator 
[2026-03-20 09:04:34] [INFO   ] [Structure Registry] Registered Small Structure: BuriedTreasurePopulator 
[2026-03-20 09:04:34] [INFO   ] [Structure Registry] Registered Small Structure: RuinedPortalPopulator 
[2026-03-20 09:04:34] [INFO   ] [Structure Registry] Registered Small Structure: IglooPopulator 
[2026-03-20 09:04:34] [INFO   ] [Structure Registry] Registered Small Structure: DesertWellPopulator 
[2026-03-20 09:04:34] [INFO   ] [Structure Registry] Registered Small Structure: WitchHutPopulator 
[2026-03-20 09:04:37] [INFO   ] Creating TW instance: world - 8157096416607632898 
[2026-03-20 09:04:37] [INFO   ]  Detected world: world, commencing injection...  
[2026-03-20 09:04:37] [INFO   ] Creating TW instance: world - 8157096416607632898 
[2026-03-20 09:04:37] [INFO   ] NMSChunkGenerator Delegate is of type CustomChunkGenerator 
[2026-03-20 09:04:37] [INFO   ] Post injection: getChunkSource().getChunkGenerator() is of type NMSChunkGenerator 
[2026-03-20 09:04:37] [INFO   ]  Injection success! Proceeding with generation. 
[2026-03-20 09:04:37] [INFO   ]  world loaded. 
[2026-03-20 09:11:27] [INFO   ] Will spawn stronghold at: CoordPair[x=1256, z=634] 
[2026-03-20 09:21:54] [INFO   ] Large Cave at 49472,17,49984 has water level > -24 with populator MushroomCavePopulator 
[2026-03-20 09:21:55] [INFO   ] Spawning Creaking Heart at 49658,74,49892 
[2026-03-20 09:21:55] [INFO   ] Spawning MossyCavePopulator at 49648,19,49664 
[2026-03-20 09:21:55] [INFO   ] Spawning DeepCavePopulator at 49648,-50,49664 
[2026-03-20 09:21:55] [INFO   ] Spawning FrozenCavePopulator at 49651,13,49648 
[2026-03-20 09:21:57] [INFO   ] Spawning CaveFluidClusterPopulator at 49640,-4,49720 
[2026-03-20 09:21:59] [INFO   ] Spawning CrystallineClusterCavePopulator at 49622,27,49622 
[2026-03-20 09:21:59] [INFO   ] Generating org.terraform.structure.small.dungeon.SmallDungeonPopulator at chunk: 3114,3094 
[2026-03-20 09:21:59] [INFO   ] Spawning Underground Dungeon at 49837,31,49514 
[2026-03-20 09:22:00] [INFO   ] Spawning DripstoneClusterCavePopulator at 49600,-5,49664 
[2026-03-20 09:22:00] [INFO   ] Spawning LushClusterCavePopulator at 49792,21,49472 
[2026-03-20 09:22:05] [INFO   ] Generating org.terraform.structure.small.dungeon.SmallDungeonPopulator at chunk: 3095,3096 
[2026-03-20 09:22:05] [INFO   ] Spawning Underground Dungeon at 49529,23,49538 
[2026-03-20 09:22:09] [INFO   ] Generating org.terraform.structure.village.VillagePopulator at chunk: 3092,3092 
[2026-03-20 09:22:09] [INFO   ] Spawning plains village at 49472,50,49472 
[2026-03-20 09:22:09] [INFO   ] Registered: org.terraform.structure.village.plains.PlainsVillageAnimalPenPopulator at 49473 0 49445 in a room of size 20x17 
[2026-03-20 09:22:09] [INFO   ] Registered: org.terraform.structure.village.plains.PlainsVillageTownhallPopulator at 49472 71 49472 in a room of size 24x24 
[2026-03-20 09:22:10] [INFO   ] Spawning farmhouse at 49472,70,49472 with rotation of EAST 
[2026-03-20 09:22:10] [INFO   ] Registered: org.terraform.structure.village.plains.PlainsVillageForgePopulator at 49496 0 49460 in a room of size 18x15 
[2026-03-20 09:22:10] [INFO   ] Registered: org.terraform.structure.village.plains.PlainsVillageTemplePopulator at 49494 0 49495 in a room of size 15x15 
[2026-03-20 09:22:10] [INFO   ] Registered: org.terraform.structure.village.plains.PlainsVillageStandardHousePopulator at 49495 0 49476 in a room of size 17x17 
[2026-03-20 09:22:10] [INFO   ] Registered: org.terraform.structure.village.plains.PlainsVillageStandardHousePopulator at 49475 0 49494 in a room of size 16x18 
[2026-03-20 09:22:11] [INFO   ] Generating org.terraform.structure.small.dungeon.SmallDungeonPopulator at chunk: 3088,3092 
[2026-03-20 09:22:11] [INFO   ] Spawning Underground Dungeon at 49409,53,49478 
[2026-03-20 09:22:20] [INFO   ] 3092,3060 will spawn a vanilla structure, with tryGenerateStructure == true 
[2026-03-20 09:22:24] [INFO   ] Large Cave at 48960,11,49472 has water level > -17 with populator MushroomCavePopulator 
[2026-03-20 09:22:35] [INFO   ] Generating org.terraform.structure.village.VillagePopulator at chunk: 3060,3060 
[2026-03-20 09:22:35] [INFO   ] Spawning plains village at 48960,50,48960 
[2026-03-20 09:22:35] [INFO   ] Village at 48960.0,53.0,48961.0 may have a weird spawn. 
[2026-03-20 09:22:36] [INFO   ] Registered: org.terraform.structure.village.plains.PlainsVillageStandardHousePopulator at 48982 0 48937 in a room of size 19x19 
[2026-03-20 09:22:36] [INFO   ] Registered: org.terraform.structure.village.plains.PlainsVillageStandardHousePopulator at 48948 0 48938 in a room of size 16x17 
[2026-03-20 09:22:36] [INFO   ] Registered: org.terraform.structure.village.plains.PlainsVillageTemplePopulator at 48910 0 48910 in a room of size 19x16 
[2026-03-20 09:22:36] [INFO   ] Registered: org.terraform.structure.village.plains.PlainsVillageCropFarmPopulator at 48963 0 48938 in a room of size 15x16 
[2026-03-20 09:22:36] [INFO   ] Registered: org.terraform.structure.village.plains.PlainsVillageForgePopulator at 48936 0 48958 in a room of size 15x16 
[2026-03-20 09:22:36] [INFO   ] Registered: org.terraform.structure.village.plains.PlainsVillagePondPopulator at 48936 0 48925 in a room of size 7x7 
[2026-03-20 09:22:36] [INFO   ] Registered: org.terraform.structure.village.plains.PlainsVillageAnimalPenPopulator at 48981 0 48957 in a room of size 15x15 
[2026-03-20 09:22:36] [INFO   ] Registered: org.terraform.structure.village.plains.PlainsVillageFountainPopulator at 48924 0 48935 in a room of size 10x10 
[2026-03-20 09:22:36] [INFO   ] Registered: org.terraform.structure.village.plains.PlainsVillageTownhallPopulator at 48960 53 48961 in a room of size 24x24 
[2026-03-20 09:22:36] [INFO   ] Spawning farmhouse at 48960,55,48961 with rotation of NORTH 
[2026-03-20 09:22:43] [INFO   ] Generating org.terraform.structure.small.dungeon.SmallDungeonPopulator at chunk: 3046,3052 
[2026-03-20 09:22:43] [INFO   ] Spawning Underground Dungeon at 48741,46,48845 
[2026-03-20 09:22:44] [INFO   ] Registered: org.terraform.structure.mineshaft.CaveSpiderDenPopulator at 48396 9 49022 in a room of size 15x15 
[2026-03-20 09:22:44] [INFO   ] Registered: org.terraform.structure.mineshaft.CaveSpiderDenPopulator at 48506 9 48926 in a room of size 13x13 
[2026-03-20 09:22:44] [INFO   ] Registered: org.terraform.structure.mineshaft.CaveSpiderDenPopulator at 48457 9 48996 in a room of size 15x15 
[2026-03-20 09:22:44] [INFO   ] Registered: org.terraform.structure.mineshaft.CaveSpiderDenPopulator at 48468 9 48929 in a room of size 13x15 
[2026-03-20 09:22:44] [INFO   ] Registered: org.terraform.structure.mineshaft.CaveSpiderDenPopulator at 48436 9 48962 in a room of size 14x13 
[2026-03-20 09:22:44] [INFO   ] Registered: org.terraform.structure.mineshaft.CaveSpiderDenPopulator at 48422 9 48971 in a room of size 15x14 
[2026-03-20 09:22:44] [INFO   ] Registered: org.terraform.structure.mineshaft.SmeltingHallPopulator at 48420 9 48999 in a room of size 15x15 
[2026-03-20 09:22:49] [INFO   ] Generating org.terraform.structure.small.WitchHutPopulator at chunk: 3031,3047 
[2026-03-20 09:22:49] [INFO   ] Spawning Swamp Hut at 48510,65,48756 
[2026-03-20 09:22:53] [INFO   ] Registered: org.terraform.structure.mineshaft.ShaftRoomPopulator at 48952 9 48378 in a room of size 14x15 
[2026-03-20 09:22:53] [INFO   ] Registered: org.terraform.structure.mineshaft.CaveSpiderDenPopulator at 49007 9 48409 in a room of size 14x15 
[2026-03-20 09:22:53] [INFO   ] Registered: org.terraform.structure.mineshaft.ShaftRoomPopulator at 48958 9 48485 in a room of size 13x14 
[2026-03-20 09:22:53] [INFO   ] Registered: org.terraform.structure.mineshaft.SmeltingHallPopulator at 48950 9 48459 in a room of size 13x15 
[2026-03-20 09:22:53] [INFO   ] Registered: org.terraform.structure.mineshaft.CaveSpiderDenPopulator at 49023 9 48478 in a room of size 15x15 
[2026-03-20 09:22:53] [INFO   ] Registered: org.terraform.structure.mineshaft.ShaftRoomPopulator at 49016 9 48464 in a room of size 15x13 
[2026-03-20 09:22:53] [INFO   ] Registered: org.terraform.structure.mineshaft.CaveSpiderDenPopulator at 49001 9 48498 in a room of size 13x13 
[2026-03-20 09:22:53] [INFO   ] Registered: org.terraform.structure.mineshaft.SmeltingHallPopulator at 48934 9 48517 in a room of size 14x14 
[2026-03-20 09:22:53] [INFO   ] Registered: org.terraform.structure.mineshaft.SmeltingHallPopulator at 48896 9 48398 in a room of size 14x14 
[2026-03-20 09:22:53] [INFO   ] Registered: org.terraform.structure.mineshaft.ShaftRoomPopulator at 49033 9 48493 in a room of size 15x13 
[2026-03-20 09:22:53] [INFO   ] Registered: org.terraform.structure.mineshaft.SmeltingHallPopulator at 48885 24 48423 in a room of size 15x13 
[2026-03-20 09:22:53] [INFO   ] Registered: org.terraform.structure.mineshaft.ShaftTopPopulator at 49016 24 48464 in a room of size 15x5 
[2026-03-20 09:22:53] [INFO   ] Registered: org.terraform.structure.mineshaft.ShaftTopPopulator at 49033 24 48493 in a room of size 15x7 
[2026-03-20 09:22:53] [INFO   ] Registered: org.terraform.structure.mineshaft.ShaftTopPopulator at 48952 24 48378 in a room of size 14x6 
[2026-03-20 09:22:53] [INFO   ] Registered: org.terraform.structure.mineshaft.ShaftTopPopulator at 48958 24 48485 in a room of size 13x6 
[2026-03-20 09:22:53] [INFO   ] Registered: org.terraform.structure.mineshaft.SmeltingHallPopulator at 48953 24 48436 in a room of size 14x15 
[2026-03-20 09:22:53] [INFO   ] Registered: org.terraform.structure.mineshaft.SmeltingHallPopulator at 48905 24 48386 in a room of size 13x15 
[2026-03-20 09:22:53] [INFO   ] Registered: org.terraform.structure.mineshaft.CaveSpiderDenPopulator at 48930 24 48452 in a room of size 15x13 
[2026-03-20 09:22:53] [INFO   ] Registered: org.terraform.structure.mineshaft.SmeltingHallPopulator at 49020 24 48376 in a room of size 13x13 
[2026-03-20 09:22:53] [INFO   ] Registered: org.terraform.structure.mineshaft.CaveSpiderDenPopulator at 48925 24 48493 in a room of size 13x13 
[2026-03-20 09:22:53] [INFO   ] Registered: org.terraform.structure.mineshaft.SmeltingHallPopulator at 48984 24 48415 in a room of size 13x13 
[2026-03-20 09:22:53] [INFO   ] Registered: org.terraform.structure.mineshaft.SmeltingHallPopulator at 48939 24 48497 in a room of size 13x15 
[2026-03-20 09:23:03] [INFO   ] Generating org.terraform.structure.small.ruinedportal.RuinedPortalPopulator at chunk: 3016,3032 
[2026-03-20 09:23:03] [INFO   ] Generating org.terraform.structure.small.dungeon.SmallDungeonPopulator at chunk: 3018,3029 
[2026-03-20 09:23:03] [INFO   ] Spawning Underground Dungeon at 48297,38,48475 
[2026-03-20 09:23:06] [INFO   ] Large Cave at 47936,23,48448 has water level > -23 with populator MushroomCavePopulator 
[2026-03-20 09:23:10] [INFO   ] Large Cave at 47936,18,48960 has water level > -15 with populator GenericLargeCavePopulator 
[2026-03-20 09:23:12] [INFO   ] Generating org.terraform.structure.small.ruinedportal.RuinedPortalPopulator at chunk: 3001,3030 
[2026-03-20 09:23:15] [INFO   ] Generating org.terraform.structure.caves.LargeCavePopulator at chunk: 2996,3028 
[2026-03-20 09:23:29] [INFO   ] Large Cave at 47936,101,47936 has water level > -15 with populator MushroomCavePopulator 
[2026-03-20 09:23:37] [INFO   ] Registered: org.terraform.structure.mineshaft.SmeltingHallPopulator at 47410 1 47984 in a room of size 13x13 
[2026-03-20 09:23:37] [INFO   ] Registered: org.terraform.structure.mineshaft.SmeltingHallPopulator at 47436 1 47926 in a room of size 14x13 
[2026-03-20 09:23:37] [INFO   ] Registered: org.terraform.structure.mineshaft.CaveSpiderDenPopulator at 47479 1 47911 in a room of size 13x14 
[2026-03-20 09:23:37] [INFO   ] Registered: org.terraform.structure.mineshaft.SmeltingHallPopulator at 47397 1 47908 in a room of size 14x13 
[2026-03-20 09:23:37] [INFO   ] Registered: org.terraform.structure.mineshaft.CaveSpiderDenPopulator at 47445 1 48008 in a room of size 13x14 
[2026-03-20 09:23:37] [INFO   ] Registered: org.terraform.structure.mineshaft.SmeltingHallPopulator at 47452 1 47978 in a room of size 13x14 
[2026-03-20 09:23:37] [INFO   ] Registered: org.terraform.structure.mineshaft.CaveSpiderDenPopulator at 47424 1 47946 in a room of size 14x13 
[2026-03-20 09:23:37] [INFO   ] Registered: org.terraform.structure.mineshaft.CaveSpiderDenPopulator at 47454 1 47954 in a room of size 13x14 
[2026-03-20 09:23:37] [INFO   ] Registered: org.terraform.structure.mineshaft.CaveSpiderDenPopulator at 47485 1 47885 in a room of size 14x14 
[2026-03-20 09:23:37] [INFO   ] Registered: org.terraform.structure.mineshaft.SmeltingHallPopulator at 47455 1 47879 in a room of size 13x14 
[2026-03-20 09:23:46] [INFO   ] Generating org.terraform.structure.small.shipwreck.ShipwreckPopulator at chunk: 2959,3003 
[2026-03-20 09:23:46] [INFO   ] Spawning shipwreck at 47344, 46, 48063 with rotation of NORTH 
[2026-03-20 09:23:47] [INFO   ] Minecart with chest at: 47397, 1, 47971 
[2026-03-20 09:23:49] [INFO   ] Minecart with chest at: 47397, 1, 47925 
[2026-03-20 09:23:49] [INFO   ] Generating org.terraform.structure.mineshaft.MineshaftPopulator at chunk: 2964,2996 
[2026-03-20 09:24:10] [INFO   ] 2932,2964 will spawn a vanilla structure, with tryGenerateStructure == true 
[2026-03-20 09:24:13] [INFO   ] Generating org.terraform.structure.small.dungeon.SmallDungeonPopulator at chunk: 2924,2986 
[2026-03-20 09:24:13] [INFO   ] Spawning Underground Dungeon at 46787,91,47780 
[2026-03-20 09:24:26] [INFO   ] Large Cave at 46400,22,47424 has water level > -15 with populator LargeLushCavePopulator 
[2026-03-20 09:24:30] [INFO   ] 2900,2996 will spawn a vanilla structure, with tryGenerateStructure == true 
[2026-03-20 09:24:32] [INFO   ] Generating org.terraform.structure.trialchamber.TrialChamberPopulator at chunk: 2932,2964 
[2026-03-20 09:24:39] [INFO   ] Generating org.terraform.structure.villagehouse.VillageHousePopulator at chunk: 2932,2996 
[2026-03-20 09:24:39] [INFO   ] Spawning farmhouse at 46912,76,47936 with rotation of SOUTH 
[2026-03-20 09:24:56] [INFO   ] Generating org.terraform.structure.small.igloo.IglooPopulator at chunk: 2974,2991 
[2026-03-20 09:24:56] [INFO   ] Placing igloo of size 5 
[2026-03-20 09:24:59] [INFO   ] Generating org.terraform.structure.small.shipwreck.ShipwreckPopulator at chunk: 2965,3020 
[2026-03-20 09:24:59] [INFO   ] Spawning shipwreck at 47452, 43, 48328 with rotation of WEST 
[2026-03-20 09:25:09] [INFO   ] Generating org.terraform.structure.small.dungeon.SmallDungeonPopulator at chunk: 2979,3027 
[2026-03-20 09:25:09] [INFO   ] Spawning Underground Dungeon at 47678,42,48447 
[2026-03-20 09:25:16] [INFO   ] Large Cave at 49984,20,50496 has water level > -23 with populator MushroomCavePopulator 
[2026-03-20 09:25:19] [INFO   ] Spawning ancient city at: 50496,-16,49984 
[2026-03-20 09:25:19] [INFO   ] Registered: org.terraform.structure.ancientcity.AncientCityCenterPlatformPopulator at 50504 -16 49992 in a room of size 46x46 
[2026-03-20 09:25:19] [INFO   ] Registered: org.terraform.structure.ancientcity.AncientCityAltarPopulator at 50555 -16 49947 in a room of size 26x23 
[2026-03-20 09:25:19] [INFO   ] Registered: org.terraform.structure.ancientcity.AncientCitySchematicPlatform at 50542 -16 49991 in a room of size 19x22 
[2026-03-20 09:25:19] [INFO   ] Registered: org.terraform.structure.ancientcity.AncientCityLargePillarRoomPopulator at 50494 -16 49957 in a room of size 17x19 
[2026-03-20 09:25:19] [INFO   ] Registered: org.terraform.structure.ancientcity.AncientCitySchematicPlatform at 50529 -16 49936 in a room of size 22x24 
[2026-03-20 09:25:19] [INFO   ] Registered: org.terraform.structure.ancientcity.AncientCityAltarPopulator at 50486 -16 49933 in a room of size 22x25 
[2026-03-20 09:25:19] [INFO   ] Registered: org.terraform.structure.ancientcity.AncientCitySchematicPlatform at 50439 -16 49998 in a room of size 23x17 
[2026-03-20 09:25:19] [INFO   ] Registered: org.terraform.structure.ancientcity.AncientCitySchematicPlatform at 50450 -16 49976 in a room of size 18x20 
[2026-03-20 09:25:19] [INFO   ] Registered: org.terraform.structure.ancientcity.AncientCityAltarPopulator at 50451 -16 50033 in a room of size 23x24 
[2026-03-20 09:25:19] [INFO   ] Registered: org.terraform.structure.ancientcity.AncientCityRuinsPlatform at 50516 -16 50033 in a room of size 20x17 
[2026-03-20 09:25:19] [INFO   ] Registered: org.terraform.structure.ancientcity.AncientCityAltarPopulator at 50458 -16 49936 in a room of size 26x17 
[2026-03-20 09:25:19] [INFO   ] Registered: org.terraform.structure.ancientcity.AncientCityAltarPopulator at 50541 -16 49969 in a room of size 21x16 
[2026-03-20 09:26:19] [INFO   ] Registered: org.terraform.structure.mineshaft.SmeltingHallPopulator at 23415 -9 9058 in a room of size 15x14 
[2026-03-20 09:26:19] [INFO   ] Registered: org.terraform.structure.mineshaft.CaveSpiderDenPopulator at 23358 -9 9052 in a room of size 13x15 
[2026-03-20 09:26:19] [INFO   ] Registered: org.terraform.structure.mineshaft.SmeltingHallPopulator at 23326 -9 8982 in a room of size 13x13 
[2026-03-20 09:26:19] [INFO   ] Registered: org.terraform.structure.mineshaft.CaveSpiderDenPopulator at 23343 -9 8987 in a room of size 14x15 
[2026-03-20 09:26:19] [INFO   ] Registered: org.terraform.structure.mineshaft.CaveSpiderDenPopulator at 23435 -9 9037 in a room of size 14x13 
[2026-03-20 09:26:19] [INFO   ] Registered: org.terraform.structure.mineshaft.SmeltingHallPopulator at 23357 -9 8967 in a room of size 15x14 
[2026-03-20 09:26:19] [INFO   ] Registered: org.terraform.structure.mineshaft.SmeltingHallPopulator at 23404 -9 8981 in a room of size 14x15 
[2026-03-20 09:26:19] [INFO   ] Registered: org.terraform.structure.mineshaft.CaveSpiderDenPopulator at 23365 -9 9093 in a room of size 15x14 
[2026-03-20 09:26:19] [INFO   ] Registered: org.terraform.structure.mineshaft.CaveSpiderDenPopulator at 23423 -9 8958 in a room of size 15x14 
[2026-03-20 09:26:25] [INFO   ] Registered: org.terraform.structure.mineshaft.CaveSpiderDenPopulator at 23921 22 9099 in a room of size 15x15 
[2026-03-20 09:26:25] [INFO   ] Registered: org.terraform.structure.mineshaft.CaveSpiderDenPopulator at 23942 22 9099 in a room of size 13x13 
[2026-03-20 09:26:25] [INFO   ] Registered: org.terraform.structure.mineshaft.CaveSpiderDenPopulator at 23806 22 9021 in a room of size 14x15 
[2026-03-20 09:26:25] [INFO   ] Registered: org.terraform.structure.mineshaft.SmeltingHallPopulator at 23843 22 9007 in a room of size 15x14 
[2026-03-20 09:26:25] [INFO   ] Registered: org.terraform.structure.mineshaft.SmeltingHallPopulator at 23828 22 8986 in a room of size 15x14 
[2026-03-20 09:26:25] [INFO   ] Registered: org.terraform.structure.mineshaft.SmeltingHallPopulator at 23864 22 9040 in a room of size 13x14 
[2026-03-20 09:26:25] [INFO   ] Registered: org.terraform.structure.mineshaft.SmeltingHallPopulator at 23808 22 9051 in a room of size 14x13 
[2026-03-20 09:26:25] [INFO   ] Registered: org.terraform.structure.mineshaft.SmeltingHallPopulator at 23872 22 8950 in a room of size 13x13 
[2026-03-20 09:26:25] [INFO   ] Registered: org.terraform.structure.mineshaft.CaveSpiderDenPopulator at 23888 22 9059 in a room of size 15x15 
[2026-03-20 09:26:25] [INFO   ] Registered: org.terraform.structure.mineshaft.CaveSpiderDenPopulator at 23869 22 9062 in a room of size 13x14 
[2026-03-25 13:23:45] [INFO   ]  Custom Logger Initialized 
[2026-03-25 13:23:45] [INFO   ] [NOTICE] TerraformGenerator will suppress the server's watchdog while generating chunks to prevent unnecessary stacktrace warnings. Unless you specifically need thewatchdog now (to take aikar timings or debug lag), you don't need to take any action. 
[2026-03-25 13:23:45] [INFO   ] It is recommended to pregenerate to reduce lag problems. 
[2026-03-25 13:23:45] [INFO   ] Watchdog Thread hooked. 
[2026-03-25 13:23:45] [INFO   ]  bStats Metrics enabled. 
[2026-03-25 13:23:45] [INFO   ]  Detected version: v1_21_R7, packName: v1_21_R7 
[2026-03-25 13:23:45] [INFO   ] Unfreezing biome registry... 
[2026-03-25 13:23:45] [INFO   ] Registered custom biome: muddy_bog 
[2026-03-25 13:23:45] [INFO   ] Registered custom biome: cherry_grove 
[2026-03-25 13:23:45] [INFO   ] Registered custom biome: scarlet_forest 
[2026-03-25 13:23:45] [INFO   ] Registered custom biome: crystalline_cluster 
[2026-03-25 13:23:45] [INFO   ] Freezing biome registry 
[2026-03-25 13:23:45] [INFO   ] [Structure Registry] Registered Large Structure: VillageHousePopulator 
[2026-03-25 13:23:45] [INFO   ] [Structure Registry] Registered Large Structure: VillagePopulator 
[2026-03-25 13:23:45] [INFO   ] [Structure Registry] Registered Large Structure: OutpostPopulator 
[2026-03-25 13:23:45] [INFO   ] [Structure Registry] Registered Large Structure: PyramidPopulator 
[2026-03-25 13:23:45] [INFO   ] [Structure Registry] Registered Large Structure: MonumentPopulator 
[2026-03-25 13:23:45] [INFO   ] [Structure Registry] Registered Large Structure: StrongholdPopulator 
[2026-03-25 13:23:45] [INFO   ] [Structure Registry] Registered Large Structure: MansionPopulator 
[2026-03-25 13:23:45] [INFO   ] [Structure Registry] Registered Large Structure: AncientCityPopulator 
[2026-03-25 13:23:45] [INFO   ] [Structure Registry] Registered Large Structure: TrialChamberPopulator 
[2026-03-25 13:23:45] [INFO   ] [Structure Registry] Registered Large Structure: LargeCavePopulator 
[2026-03-25 13:23:45] [INFO   ] [Structure Registry] Registered Large Structure: MineshaftPopulator 
[2026-03-25 13:23:45] [INFO   ] [Structure Registry] Registered Large Structure: CatacombsPopulator 
[2026-03-25 13:23:45] [INFO   ] [Structure Registry] Registered Large Structure: BadlandsMinePopulator 
[2026-03-25 13:23:45] [INFO   ] [Structure Registry] Registered Large Structure: WarmOceanRuinsPopulator 
[2026-03-25 13:23:45] [INFO   ] [Structure Registry] Registered Large Structure: TrailRuinsPopulator 
[2026-03-25 13:23:45] [INFO   ] [Structure Registry] Registered Small Structure: SmallDungeonPopulator 
[2026-03-25 13:23:45] [INFO   ] [Structure Registry] Registered Small Structure: ShipwreckPopulator 
[2026-03-25 13:23:45] [INFO   ] [Structure Registry] Registered Small Structure: BuriedTreasurePopulator 
[2026-03-25 13:23:45] [INFO   ] [Structure Registry] Registered Small Structure: RuinedPortalPopulator 
[2026-03-25 13:23:45] [INFO   ] [Structure Registry] Registered Small Structure: IglooPopulator 
[2026-03-25 13:23:45] [INFO   ] [Structure Registry] Registered Small Structure: DesertWellPopulator 
[2026-03-25 13:23:45] [INFO   ] [Structure Registry] Registered Small Structure: WitchHutPopulator 
[2026-03-25 13:23:47] [INFO   ] Creating TW instance: world - 8157096416607632898 
[2026-03-25 13:23:47] [INFO   ]  Detected world: world, commencing injection...  
[2026-03-25 13:23:47] [INFO   ] Creating TW instance: world - 8157096416607632898 
[2026-03-25 13:23:47] [INFO   ] NMSChunkGenerator Delegate is of type CustomChunkGenerator 
[2026-03-25 13:23:47] [INFO   ] Post injection: getChunkSource().getChunkGenerator() is of type NMSChunkGenerator 
[2026-03-25 13:23:47] [INFO   ]  Injection success! Proceeding with generation. 
[2026-03-25 13:23:47] [INFO   ]  world loaded. 
[2026-03-25 13:54:03] [INFO   ]  Custom Logger Initialized 
[2026-03-25 13:54:03] [INFO   ] [NOTICE] TerraformGenerator will suppress the server's watchdog while generating chunks to prevent unnecessary stacktrace warnings. Unless you specifically need thewatchdog now (to take aikar timings or debug lag), you don't need to take any action. 
[2026-03-25 13:54:03] [INFO   ] It is recommended to pregenerate to reduce lag problems. 
[2026-03-25 13:54:03] [INFO   ] Watchdog Thread hooked. 
[2026-03-25 13:54:03] [INFO   ]  bStats Metrics enabled. 
[2026-03-25 13:54:03] [INFO   ]  Detected version: v1_21_R7, packName: v1_21_R7 
[2026-03-25 13:54:03] [INFO   ] Unfreezing biome registry... 
[2026-03-25 13:54:03] [INFO   ] Registered custom biome: muddy_bog 
[2026-03-25 13:54:03] [INFO   ] Registered custom biome: cherry_grove 
[2026-03-25 13:54:03] [INFO   ] Registered custom biome: scarlet_forest 
[2026-03-25 13:54:03] [INFO   ] Registered custom biome: crystalline_cluster 
[2026-03-25 13:54:03] [INFO   ] Freezing biome registry 
[2026-03-25 13:54:03] [INFO   ] [Structure Registry] Registered Large Structure: VillageHousePopulator 
[2026-03-25 13:54:03] [INFO   ] [Structure Registry] Registered Large Structure: VillagePopulator 
[2026-03-25 13:54:03] [INFO   ] [Structure Registry] Registered Large Structure: OutpostPopulator 
[2026-03-25 13:54:03] [INFO   ] [Structure Registry] Registered Large Structure: PyramidPopulator 
[2026-03-25 13:54:03] [INFO   ] [Structure Registry] Registered Large Structure: MonumentPopulator 
[2026-03-25 13:54:03] [INFO   ] [Structure Registry] Registered Large Structure: StrongholdPopulator 
[2026-03-25 13:54:03] [INFO   ] [Structure Registry] Registered Large Structure: MansionPopulator 
[2026-03-25 13:54:03] [INFO   ] [Structure Registry] Registered Large Structure: AncientCityPopulator 
[2026-03-25 13:54:03] [INFO   ] [Structure Registry] Registered Large Structure: TrialChamberPopulator 
[2026-03-25 13:54:03] [INFO   ] [Structure Registry] Registered Large Structure: LargeCavePopulator 
[2026-03-25 13:54:03] [INFO   ] [Structure Registry] Registered Large Structure: MineshaftPopulator 
[2026-03-25 13:54:03] [INFO   ] [Structure Registry] Registered Large Structure: CatacombsPopulator 
[2026-03-25 13:54:03] [INFO   ] [Structure Registry] Registered Large Structure: BadlandsMinePopulator 
[2026-03-25 13:54:03] [INFO   ] [Structure Registry] Registered Large Structure: WarmOceanRuinsPopulator 
[2026-03-25 13:54:03] [INFO   ] [Structure Registry] Registered Large Structure: TrailRuinsPopulator 
[2026-03-25 13:54:03] [INFO   ] [Structure Registry] Registered Small Structure: SmallDungeonPopulator 
[2026-03-25 13:54:03] [INFO   ] [Structure Registry] Registered Small Structure: ShipwreckPopulator 
[2026-03-25 13:54:03] [INFO   ] [Structure Registry] Registered Small Structure: BuriedTreasurePopulator 
[2026-03-25 13:54:03] [INFO   ] [Structure Registry] Registered Small Structure: RuinedPortalPopulator 
[2026-03-25 13:54:03] [INFO   ] [Structure Registry] Registered Small Structure: IglooPopulator 
[2026-03-25 13:54:03] [INFO   ] [Structure Registry] Registered Small Structure: DesertWellPopulator 
[2026-03-25 13:54:03] [INFO   ] [Structure Registry] Registered Small Structure: WitchHutPopulator 
[2026-03-25 13:54:05] [INFO   ] Creating TW instance: world - 8157096416607632898 
[2026-03-25 13:54:05] [INFO   ]  Detected world: world, commencing injection...  
[2026-03-25 13:54:05] [INFO   ] Creating TW instance: world - 8157096416607632898 
[2026-03-25 13:54:05] [INFO   ] NMSChunkGenerator Delegate is of type CustomChunkGenerator 
[2026-03-25 13:54:05] [INFO   ] Post injection: getChunkSource().getChunkGenerator() is of type NMSChunkGenerator 
[2026-03-25 13:54:05] [INFO   ]  Injection success! Proceeding with generation. 
[2026-03-25 13:54:05] [INFO   ]  world loaded. 
[2026-03-25 14:20:04] [INFO   ]  Custom Logger Initialized 
[2026-03-25 14:20:04] [INFO   ] [NOTICE] TerraformGenerator will suppress the server's watchdog while generating chunks to prevent unnecessary stacktrace warnings. Unless you specifically need thewatchdog now (to take aikar timings or debug lag), you don't need to take any action. 
[2026-03-25 14:20:04] [INFO   ] It is recommended to pregenerate to reduce lag problems. 
[2026-03-25 14:20:04] [INFO   ] Watchdog Thread hooked. 
[2026-03-25 14:20:04] [INFO   ]  bStats Metrics enabled. 
[2026-03-25 14:20:04] [INFO   ]  Detected version: v1_21_R7, packName: v1_21_R7 
[2026-03-25 14:20:04] [INFO   ] Unfreezing biome registry... 
[2026-03-25 14:20:04] [INFO   ] Registered custom biome: muddy_bog 
[2026-03-25 14:20:04] [INFO   ] Registered custom biome: cherry_grove 
[2026-03-25 14:20:04] [INFO   ] Registered custom biome: scarlet_forest 
[2026-03-25 14:20:04] [INFO   ] Registered custom biome: crystalline_cluster 
[2026-03-25 14:20:04] [INFO   ] Freezing biome registry 
[2026-03-25 14:20:04] [INFO   ] [Structure Registry] Registered Large Structure: VillageHousePopulator 
[2026-03-25 14:20:04] [INFO   ] [Structure Registry] Registered Large Structure: VillagePopulator 
[2026-03-25 14:20:04] [INFO   ] [Structure Registry] Registered Large Structure: OutpostPopulator 
[2026-03-25 14:20:04] [INFO   ] [Structure Registry] Registered Large Structure: PyramidPopulator 
[2026-03-25 14:20:04] [INFO   ] [Structure Registry] Registered Large Structure: MonumentPopulator 
[2026-03-25 14:20:04] [INFO   ] [Structure Registry] Registered Large Structure: StrongholdPopulator 
[2026-03-25 14:20:04] [INFO   ] [Structure Registry] Registered Large Structure: MansionPopulator 
[2026-03-25 14:20:04] [INFO   ] [Structure Registry] Registered Large Structure: AncientCityPopulator 
[2026-03-25 14:20:04] [INFO   ] [Structure Registry] Registered Large Structure: TrialChamberPopulator 
[2026-03-25 14:20:04] [INFO   ] [Structure Registry] Registered Large Structure: LargeCavePopulator 
[2026-03-25 14:20:04] [INFO   ] [Structure Registry] Registered Large Structure: MineshaftPopulator 
[2026-03-25 14:20:04] [INFO   ] [Structure Registry] Registered Large Structure: CatacombsPopulator 
[2026-03-25 14:20:04] [INFO   ] [Structure Registry] Registered Large Structure: BadlandsMinePopulator 
[2026-03-25 14:20:04] [INFO   ] [Structure Registry] Registered Large Structure: WarmOceanRuinsPopulator 
[2026-03-25 14:20:04] [INFO   ] [Structure Registry] Registered Large Structure: TrailRuinsPopulator 
[2026-03-25 14:20:04] [INFO   ] [Structure Registry] Registered Small Structure: SmallDungeonPopulator 
[2026-03-25 14:20:04] [INFO   ] [Structure Registry] Registered Small Structure: ShipwreckPopulator 
[2026-03-25 14:20:04] [INFO   ] [Structure Registry] Registered Small Structure: BuriedTreasurePopulator 
[2026-03-25 14:20:04] [INFO   ] [Structure Registry] Registered Small Structure: RuinedPortalPopulator 
[2026-03-25 14:20:04] [INFO   ] [Structure Registry] Registered Small Structure: IglooPopulator 
[2026-03-25 14:20:04] [INFO   ] [Structure Registry] Registered Small Structure: DesertWellPopulator 
[2026-03-25 14:20:04] [INFO   ] [Structure Registry] Registered Small Structure: WitchHutPopulator 
[2026-03-25 14:20:06] [INFO   ] Creating TW instance: world - 8157096416607632898 
[2026-03-25 14:20:06] [INFO   ]  Detected world: world, commencing injection...  
[2026-03-25 14:20:06] [INFO   ] Creating TW instance: world - 8157096416607632898 
[2026-03-25 14:20:06] [INFO   ] NMSChunkGenerator Delegate is of type CustomChunkGenerator 
[2026-03-25 14:20:06] [INFO   ] Post injection: getChunkSource().getChunkGenerator() is of type NMSChunkGenerator 
[2026-03-25 14:20:06] [INFO   ]  Injection success! Proceeding with generation. 
[2026-03-25 14:20:06] [INFO   ]  world loaded. 
[2026-03-25 18:23:34] [INFO   ]  Custom Logger Initialized 
[2026-03-25 18:23:34] [INFO   ] [NOTICE] TerraformGenerator will suppress the server's watchdog while generating chunks to prevent unnecessary stacktrace warnings. Unless you specifically need thewatchdog now (to take aikar timings or debug lag), you don't need to take any action. 
[2026-03-25 18:23:34] [INFO   ] It is recommended to pregenerate to reduce lag problems. 
[2026-03-25 18:23:34] [INFO   ] Watchdog Thread hooked. 
[2026-03-25 18:23:34] [INFO   ]  bStats Metrics enabled. 
[2026-03-25 18:23:34] [INFO   ]  Detected version: v1_21_R7, packName: v1_21_R7 
[2026-03-25 18:23:34] [INFO   ] Unfreezing biome registry... 
[2026-03-25 18:23:34] [INFO   ] Registered custom biome: muddy_bog 
[2026-03-25 18:23:34] [INFO   ] Registered custom biome: cherry_grove 
[2026-03-25 18:23:35] [INFO   ] Registered custom biome: scarlet_forest 
[2026-03-25 18:23:35] [INFO   ] Registered custom biome: crystalline_cluster 
[2026-03-25 18:23:35] [INFO   ] Freezing biome registry 
[2026-03-25 18:23:35] [INFO   ] [Structure Registry] Registered Large Structure: VillageHousePopulator 
[2026-03-25 18:23:35] [INFO   ] [Structure Registry] Registered Large Structure: VillagePopulator 
[2026-03-25 18:23:35] [INFO   ] [Structure Registry] Registered Large Structure: OutpostPopulator 
[2026-03-25 18:23:35] [INFO   ] [Structure Registry] Registered Large Structure: PyramidPopulator 
[2026-03-25 18:23:35] [INFO   ] [Structure Registry] Registered Large Structure: MonumentPopulator 
[2026-03-25 18:23:35] [INFO   ] [Structure Registry] Registered Large Structure: StrongholdPopulator 
[2026-03-25 18:23:35] [INFO   ] [Structure Registry] Registered Large Structure: MansionPopulator 
[2026-03-25 18:23:35] [INFO   ] [Structure Registry] Registered Large Structure: AncientCityPopulator 
[2026-03-25 18:23:35] [INFO   ] [Structure Registry] Registered Large Structure: TrialChamberPopulator 
[2026-03-25 18:23:35] [INFO   ] [Structure Registry] Registered Large Structure: LargeCavePopulator 
[2026-03-25 18:23:35] [INFO   ] [Structure Registry] Registered Large Structure: MineshaftPopulator 
[2026-03-25 18:23:35] [INFO   ] [Structure Registry] Registered Large Structure: CatacombsPopulator 
[2026-03-25 18:23:35] [INFO   ] [Structure Registry] Registered Large Structure: BadlandsMinePopulator 
[2026-03-25 18:23:35] [INFO   ] [Structure Registry] Registered Large Structure: WarmOceanRuinsPopulator 
[2026-03-25 18:23:35] [INFO   ] [Structure Registry] Registered Large Structure: TrailRuinsPopulator 
[2026-03-25 18:23:35] [INFO   ] [Structure Registry] Registered Small Structure: SmallDungeonPopulator 
[2026-03-25 18:23:35] [INFO   ] [Structure Registry] Registered Small Structure: ShipwreckPopulator 
[2026-03-25 18:23:35] [INFO   ] [Structure Registry] Registered Small Structure: BuriedTreasurePopulator 
[2026-03-25 18:23:35] [INFO   ] [Structure Registry] Registered Small Structure: RuinedPortalPopulator 
[2026-03-25 18:23:35] [INFO   ] [Structure Registry] Registered Small Structure: IglooPopulator 
[2026-03-25 18:23:35] [INFO   ] [Structure Registry] Registered Small Structure: DesertWellPopulator 
[2026-03-25 18:23:35] [INFO   ] [Structure Registry] Registered Small Structure: WitchHutPopulator 
[2026-03-25 18:23:36] [INFO   ] Creating TW instance: world - 8157096416607632898 
[2026-03-25 18:23:36] [INFO   ]  Detected world: world, commencing injection...  
[2026-03-25 18:23:36] [INFO   ] Creating TW instance: world - 8157096416607632898 
[2026-03-25 18:23:36] [INFO   ] NMSChunkGenerator Delegate is of type CustomChunkGenerator 
[2026-03-25 18:23:36] [INFO   ] Post injection: getChunkSource().getChunkGenerator() is of type NMSChunkGenerator 
[2026-03-25 18:23:36] [INFO   ]  Injection success! Proceeding with generation. 
[2026-03-25 18:23:37] [INFO   ]  world loaded. 
[2026-03-25 18:51:56] [INFO   ]  Custom Logger Initialized 
[2026-03-25 18:51:56] [INFO   ] [NOTICE] TerraformGenerator will suppress the server's watchdog while generating chunks to prevent unnecessary stacktrace warnings. Unless you specifically need thewatchdog now (to take aikar timings or debug lag), you don't need to take any action. 
[2026-03-25 18:51:56] [INFO   ] It is recommended to pregenerate to reduce lag problems. 
[2026-03-25 18:51:56] [INFO   ] Watchdog Thread hooked. 
[2026-03-25 18:51:56] [INFO   ]  bStats Metrics enabled. 
[2026-03-25 18:51:56] [INFO   ]  Detected version: v1_21_R7, packName: v1_21_R7 
[2026-03-25 18:51:56] [INFO   ] Unfreezing biome registry... 
[2026-03-25 18:51:56] [INFO   ] Registered custom biome: muddy_bog 
[2026-03-25 18:51:56] [INFO   ] Registered custom biome: cherry_grove 
[2026-03-25 18:51:56] [INFO   ] Registered custom biome: scarlet_forest 
[2026-03-25 18:51:56] [INFO   ] Registered custom biome: crystalline_cluster 
[2026-03-25 18:51:56] [INFO   ] Freezing biome registry 
[2026-03-25 18:51:56] [INFO   ] [Structure Registry] Registered Large Structure: VillageHousePopulator 
[2026-03-25 18:51:56] [INFO   ] [Structure Registry] Registered Large Structure: VillagePopulator 
[2026-03-25 18:51:56] [INFO   ] [Structure Registry] Registered Large Structure: OutpostPopulator 
[2026-03-25 18:51:56] [INFO   ] [Structure Registry] Registered Large Structure: PyramidPopulator 
[2026-03-25 18:51:56] [INFO   ] [Structure Registry] Registered Large Structure: MonumentPopulator 
[2026-03-25 18:51:56] [INFO   ] [Structure Registry] Registered Large Structure: StrongholdPopulator 
[2026-03-25 18:51:56] [INFO   ] [Structure Registry] Registered Large Structure: MansionPopulator 
[2026-03-25 18:51:56] [INFO   ] [Structure Registry] Registered Large Structure: AncientCityPopulator 
[2026-03-25 18:51:56] [INFO   ] [Structure Registry] Registered Large Structure: TrialChamberPopulator 
[2026-03-25 18:51:56] [INFO   ] [Structure Registry] Registered Large Structure: LargeCavePopulator 
[2026-03-25 18:51:56] [INFO   ] [Structure Registry] Registered Large Structure: MineshaftPopulator 
[2026-03-25 18:51:56] [INFO   ] [Structure Registry] Registered Large Structure: CatacombsPopulator 
[2026-03-25 18:51:56] [INFO   ] [Structure Registry] Registered Large Structure: BadlandsMinePopulator 
[2026-03-25 18:51:56] [INFO   ] [Structure Registry] Registered Large Structure: WarmOceanRuinsPopulator 
[2026-03-25 18:51:56] [INFO   ] [Structure Registry] Registered Large Structure: TrailRuinsPopulator 
[2026-03-25 18:51:56] [INFO   ] [Structure Registry] Registered Small Structure: SmallDungeonPopulator 
[2026-03-25 18:51:56] [INFO   ] [Structure Registry] Registered Small Structure: ShipwreckPopulator 
[2026-03-25 18:51:56] [INFO   ] [Structure Registry] Registered Small Structure: BuriedTreasurePopulator 
[2026-03-25 18:51:56] [INFO   ] [Structure Registry] Registered Small Structure: RuinedPortalPopulator 
[2026-03-25 18:51:56] [INFO   ] [Structure Registry] Registered Small Structure: IglooPopulator 
[2026-03-25 18:51:56] [INFO   ] [Structure Registry] Registered Small Structure: DesertWellPopulator 
[2026-03-25 18:51:56] [INFO   ] [Structure Registry] Registered Small Structure: WitchHutPopulator 
[2026-03-25 18:51:57] [INFO   ] Creating TW instance: world - 8157096416607632898 
[2026-03-25 18:51:57] [INFO   ]  Detected world: world, commencing injection...  
[2026-03-25 18:51:57] [INFO   ] Creating TW instance: world - 8157096416607632898 
[2026-03-25 18:51:57] [INFO   ] NMSChunkGenerator Delegate is of type CustomChunkGenerator 
[2026-03-25 18:51:57] [INFO   ] Post injection: getChunkSource().getChunkGenerator() is of type NMSChunkGenerator 
[2026-03-25 18:51:57] [INFO   ]  Injection success! Proceeding with generation. 
[2026-03-25 18:51:57] [INFO   ]  world loaded. 
[2026-03-25 19:16:52] [INFO   ]  Custom Logger Initialized 
[2026-03-25 19:16:52] [INFO   ] [NOTICE] TerraformGenerator will suppress the server's watchdog while generating chunks to prevent unnecessary stacktrace warnings. Unless you specifically need thewatchdog now (to take aikar timings or debug lag), you don't need to take any action. 
[2026-03-25 19:16:52] [INFO   ] It is recommended to pregenerate to reduce lag problems. 
[2026-03-25 19:16:52] [INFO   ] Watchdog Thread hooked. 
[2026-03-25 19:16:52] [INFO   ]  bStats Metrics enabled. 
[2026-03-25 19:16:52] [INFO   ]  Detected version: v1_21_R7, packName: v1_21_R7 
[2026-03-25 19:16:52] [INFO   ] Unfreezing biome registry... 
[2026-03-25 19:16:52] [INFO   ] Registered custom biome: muddy_bog 
[2026-03-25 19:16:52] [INFO   ] Registered custom biome: cherry_grove 
[2026-03-25 19:16:52] [INFO   ] Registered custom biome: scarlet_forest 
[2026-03-25 19:16:52] [INFO   ] Registered custom biome: crystalline_cluster 
[2026-03-25 19:16:52] [INFO   ] Freezing biome registry 
[2026-03-25 19:16:52] [INFO   ] [Structure Registry] Registered Large Structure: VillageHousePopulator 
[2026-03-25 19:16:52] [INFO   ] [Structure Registry] Registered Large Structure: VillagePopulator 
[2026-03-25 19:16:52] [INFO   ] [Structure Registry] Registered Large Structure: OutpostPopulator 
[2026-03-25 19:16:52] [INFO   ] [Structure Registry] Registered Large Structure: PyramidPopulator 
[2026-03-25 19:16:52] [INFO   ] [Structure Registry] Registered Large Structure: MonumentPopulator 
[2026-03-25 19:16:52] [INFO   ] [Structure Registry] Registered Large Structure: StrongholdPopulator 
[2026-03-25 19:16:52] [INFO   ] [Structure Registry] Registered Large Structure: MansionPopulator 
[2026-03-25 19:16:52] [INFO   ] [Structure Registry] Registered Large Structure: AncientCityPopulator 
[2026-03-25 19:16:52] [INFO   ] [Structure Registry] Registered Large Structure: TrialChamberPopulator 
[2026-03-25 19:16:52] [INFO   ] [Structure Registry] Registered Large Structure: LargeCavePopulator 
[2026-03-25 19:16:52] [INFO   ] [Structure Registry] Registered Large Structure: MineshaftPopulator 
[2026-03-25 19:16:52] [INFO   ] [Structure Registry] Registered Large Structure: CatacombsPopulator 
[2026-03-25 19:16:52] [INFO   ] [Structure Registry] Registered Large Structure: BadlandsMinePopulator 
[2026-03-25 19:16:52] [INFO   ] [Structure Registry] Registered Large Structure: WarmOceanRuinsPopulator 
[2026-03-25 19:16:52] [INFO   ] [Structure Registry] Registered Large Structure: TrailRuinsPopulator 
[2026-03-25 19:16:52] [INFO   ] [Structure Registry] Registered Small Structure: SmallDungeonPopulator 
[2026-03-25 19:16:52] [INFO   ] [Structure Registry] Registered Small Structure: ShipwreckPopulator 
[2026-03-25 19:16:52] [INFO   ] [Structure Registry] Registered Small Structure: BuriedTreasurePopulator 
[2026-03-25 19:16:52] [INFO   ] [Structure Registry] Registered Small Structure: RuinedPortalPopulator 
[2026-03-25 19:16:52] [INFO   ] [Structure Registry] Registered Small Structure: IglooPopulator 
[2026-03-25 19:16:52] [INFO   ] [Structure Registry] Registered Small Structure: DesertWellPopulator 
[2026-03-25 19:16:52] [INFO   ] [Structure Registry] Registered Small Structure: WitchHutPopulator 
[2026-03-25 19:16:54] [INFO   ] Creating TW instance: world - 8157096416607632898 
[2026-03-25 19:16:54] [INFO   ]  Detected world: world, commencing injection...  
[2026-03-25 19:16:54] [INFO   ] Creating TW instance: world - 8157096416607632898 
[2026-03-25 19:16:54] [INFO   ] NMSChunkGenerator Delegate is of type CustomChunkGenerator 
[2026-03-25 19:16:54] [INFO   ] Post injection: getChunkSource().getChunkGenerator() is of type NMSChunkGenerator 
[2026-03-25 19:16:54] [INFO   ]  Injection success! Proceeding with generation. 
[2026-03-25 19:16:54] [INFO   ]  world loaded. 
[2026-03-25 19:23:56] [INFO   ]  Custom Logger Initialized 
[2026-03-25 19:23:56] [INFO   ] [NOTICE] TerraformGenerator will suppress the server's watchdog while generating chunks to prevent unnecessary stacktrace warnings. Unless you specifically need thewatchdog now (to take aikar timings or debug lag), you don't need to take any action. 
[2026-03-25 19:23:56] [INFO   ] It is recommended to pregenerate to reduce lag problems. 
[2026-03-25 19:23:56] [INFO   ] Watchdog Thread hooked. 
[2026-03-25 19:23:56] [INFO   ]  bStats Metrics enabled. 
[2026-03-25 19:23:56] [INFO   ]  Detected version: v1_21_R7, packName: v1_21_R7 
[2026-03-25 19:23:56] [INFO   ] Unfreezing biome registry... 
[2026-03-25 19:23:56] [INFO   ] Registered custom biome: muddy_bog 
[2026-03-25 19:23:56] [INFO   ] Registered custom biome: cherry_grove 
[2026-03-25 19:23:56] [INFO   ] Registered custom biome: scarlet_forest 
[2026-03-25 19:23:56] [INFO   ] Registered custom biome: crystalline_cluster 
[2026-03-25 19:23:56] [INFO   ] Freezing biome registry 
[2026-03-25 19:23:56] [INFO   ] [Structure Registry] Registered Large Structure: VillageHousePopulator 
[2026-03-25 19:23:56] [INFO   ] [Structure Registry] Registered Large Structure: VillagePopulator 
[2026-03-25 19:23:56] [INFO   ] [Structure Registry] Registered Large Structure: OutpostPopulator 
[2026-03-25 19:23:56] [INFO   ] [Structure Registry] Registered Large Structure: PyramidPopulator 
[2026-03-25 19:23:56] [INFO   ] [Structure Registry] Registered Large Structure: MonumentPopulator 
[2026-03-25 19:23:56] [INFO   ] [Structure Registry] Registered Large Structure: StrongholdPopulator 
[2026-03-25 19:23:56] [INFO   ] [Structure Registry] Registered Large Structure: MansionPopulator 
[2026-03-25 19:23:56] [INFO   ] [Structure Registry] Registered Large Structure: AncientCityPopulator 
[2026-03-25 19:23:56] [INFO   ] [Structure Registry] Registered Large Structure: TrialChamberPopulator 
[2026-03-25 19:23:56] [INFO   ] [Structure Registry] Registered Large Structure: LargeCavePopulator 
[2026-03-25 19:23:56] [INFO   ] [Structure Registry] Registered Large Structure: MineshaftPopulator 
[2026-03-25 19:23:56] [INFO   ] [Structure Registry] Registered Large Structure: CatacombsPopulator 
[2026-03-25 19:23:56] [INFO   ] [Structure Registry] Registered Large Structure: BadlandsMinePopulator 
[2026-03-25 19:23:56] [INFO   ] [Structure Registry] Registered Large Structure: WarmOceanRuinsPopulator 
[2026-03-25 19:23:56] [INFO   ] [Structure Registry] Registered Large Structure: TrailRuinsPopulator 
[2026-03-25 19:23:56] [INFO   ] [Structure Registry] Registered Small Structure: SmallDungeonPopulator 
[2026-03-25 19:23:56] [INFO   ] [Structure Registry] Registered Small Structure: ShipwreckPopulator 
[2026-03-25 19:23:56] [INFO   ] [Structure Registry] Registered Small Structure: BuriedTreasurePopulator 
[2026-03-25 19:23:56] [INFO   ] [Structure Registry] Registered Small Structure: RuinedPortalPopulator 
[2026-03-25 19:23:56] [INFO   ] [Structure Registry] Registered Small Structure: IglooPopulator 
[2026-03-25 19:23:56] [INFO   ] [Structure Registry] Registered Small Structure: DesertWellPopulator 
[2026-03-25 19:23:56] [INFO   ] [Structure Registry] Registered Small Structure: WitchHutPopulator 
[2026-03-25 19:23:58] [INFO   ] Creating TW instance: world - 8157096416607632898 
[2026-03-25 19:23:58] [INFO   ]  Detected world: world, commencing injection...  
[2026-03-25 19:23:58] [INFO   ] Creating TW instance: world - 8157096416607632898 
[2026-03-25 19:23:58] [INFO   ] NMSChunkGenerator Delegate is of type CustomChunkGenerator 
[2026-03-25 19:23:58] [INFO   ] Post injection: getChunkSource().getChunkGenerator() is of type NMSChunkGenerator 
[2026-03-25 19:23:58] [INFO   ]  Injection success! Proceeding with generation. 
[2026-03-25 19:23:58] [INFO   ]  world loaded. 
[2026-03-26 09:21:37] [INFO   ]  Custom Logger Initialized 
[2026-03-26 09:21:37] [INFO   ] [NOTICE] TerraformGenerator will suppress the server's watchdog while generating chunks to prevent unnecessary stacktrace warnings. Unless you specifically need thewatchdog now (to take aikar timings or debug lag), you don't need to take any action. 
[2026-03-26 09:21:37] [INFO   ] It is recommended to pregenerate to reduce lag problems. 
[2026-03-26 09:21:37] [INFO   ] Watchdog Thread hooked. 
[2026-03-26 09:21:37] [INFO   ]  bStats Metrics enabled. 
[2026-03-26 09:21:37] [INFO   ]  Detected version: v1_21_R7, packName: v1_21_R7 
[2026-03-26 09:21:37] [INFO   ] Unfreezing biome registry... 
[2026-03-26 09:21:37] [INFO   ] Registered custom biome: muddy_bog 
[2026-03-26 09:21:37] [INFO   ] Registered custom biome: cherry_grove 
[2026-03-26 09:21:37] [INFO   ] Registered custom biome: scarlet_forest 
[2026-03-26 09:21:37] [INFO   ] Registered custom biome: crystalline_cluster 
[2026-03-26 09:21:37] [INFO   ] Freezing biome registry 
[2026-03-26 09:21:37] [INFO   ] [Structure Registry] Registered Large Structure: VillageHousePopulator 
[2026-03-26 09:21:37] [INFO   ] [Structure Registry] Registered Large Structure: VillagePopulator 
[2026-03-26 09:21:37] [INFO   ] [Structure Registry] Registered Large Structure: OutpostPopulator 
[2026-03-26 09:21:37] [INFO   ] [Structure Registry] Registered Large Structure: PyramidPopulator 
[2026-03-26 09:21:37] [INFO   ] [Structure Registry] Registered Large Structure: MonumentPopulator 
[2026-03-26 09:21:37] [INFO   ] [Structure Registry] Registered Large Structure: StrongholdPopulator 
[2026-03-26 09:21:37] [INFO   ] [Structure Registry] Registered Large Structure: MansionPopulator 
[2026-03-26 09:21:37] [INFO   ] [Structure Registry] Registered Large Structure: AncientCityPopulator 
[2026-03-26 09:21:37] [INFO   ] [Structure Registry] Registered Large Structure: TrialChamberPopulator 
[2026-03-26 09:21:37] [INFO   ] [Structure Registry] Registered Large Structure: LargeCavePopulator 
[2026-03-26 09:21:37] [INFO   ] [Structure Registry] Registered Large Structure: MineshaftPopulator 
[2026-03-26 09:21:37] [INFO   ] [Structure Registry] Registered Large Structure: CatacombsPopulator 
[2026-03-26 09:21:37] [INFO   ] [Structure Registry] Registered Large Structure: BadlandsMinePopulator 
[2026-03-26 09:21:37] [INFO   ] [Structure Registry] Registered Large Structure: WarmOceanRuinsPopulator 
[2026-03-26 09:21:37] [INFO   ] [Structure Registry] Registered Large Structure: TrailRuinsPopulator 
[2026-03-26 09:21:37] [INFO   ] [Structure Registry] Registered Small Structure: SmallDungeonPopulator 
[2026-03-26 09:21:37] [INFO   ] [Structure Registry] Registered Small Structure: ShipwreckPopulator 
[2026-03-26 09:21:37] [INFO   ] [Structure Registry] Registered Small Structure: BuriedTreasurePopulator 
[2026-03-26 09:21:37] [INFO   ] [Structure Registry] Registered Small Structure: RuinedPortalPopulator 
[2026-03-26 09:21:37] [INFO   ] [Structure Registry] Registered Small Structure: IglooPopulator 
[2026-03-26 09:21:37] [INFO   ] [Structure Registry] Registered Small Structure: DesertWellPopulator 
[2026-03-26 09:21:37] [INFO   ] [Structure Registry] Registered Small Structure: WitchHutPopulator 
[2026-03-26 09:21:39] [INFO   ] Creating TW instance: world - 8157096416607632898 
[2026-03-26 09:21:39] [INFO   ]  Detected world: world, commencing injection...  
[2026-03-26 09:21:39] [INFO   ] Creating TW instance: world - 8157096416607632898 
[2026-03-26 09:21:39] [INFO   ] NMSChunkGenerator Delegate is of type CustomChunkGenerator 
[2026-03-26 09:21:39] [INFO   ] Post injection: getChunkSource().getChunkGenerator() is of type NMSChunkGenerator 
[2026-03-26 09:21:39] [INFO   ]  Injection success! Proceeding with generation. 
[2026-03-26 09:21:39] [INFO   ]  world loaded. 
[2026-03-26 10:09:24] [INFO   ]  Custom Logger Initialized 
[2026-03-26 10:09:24] [INFO   ] [NOTICE] TerraformGenerator will suppress the server's watchdog while generating chunks to prevent unnecessary stacktrace warnings. Unless you specifically need thewatchdog now (to take aikar timings or debug lag), you don't need to take any action. 
[2026-03-26 10:09:24] [INFO   ] It is recommended to pregenerate to reduce lag problems. 
[2026-03-26 10:09:24] [INFO   ] Watchdog Thread hooked. 
[2026-03-26 10:09:24] [INFO   ]  bStats Metrics enabled. 
[2026-03-26 10:09:25] [INFO   ]  Detected version: v1_21_R7, packName: v1_21_R7 
[2026-03-26 10:09:25] [INFO   ] Unfreezing biome registry... 
[2026-03-26 10:09:25] [INFO   ] Registered custom biome: muddy_bog 
[2026-03-26 10:09:25] [INFO   ] Registered custom biome: cherry_grove 
[2026-03-26 10:09:25] [INFO   ] Registered custom biome: scarlet_forest 
[2026-03-26 10:09:25] [INFO   ] Registered custom biome: crystalline_cluster 
[2026-03-26 10:09:25] [INFO   ] Freezing biome registry 
[2026-03-26 10:09:25] [INFO   ] [Structure Registry] Registered Large Structure: VillageHousePopulator 
[2026-03-26 10:09:25] [INFO   ] [Structure Registry] Registered Large Structure: VillagePopulator 
[2026-03-26 10:09:25] [INFO   ] [Structure Registry] Registered Large Structure: OutpostPopulator 
[2026-03-26 10:09:25] [INFO   ] [Structure Registry] Registered Large Structure: PyramidPopulator 
[2026-03-26 10:09:25] [INFO   ] [Structure Registry] Registered Large Structure: MonumentPopulator 
[2026-03-26 10:09:25] [INFO   ] [Structure Registry] Registered Large Structure: StrongholdPopulator 
[2026-03-26 10:09:25] [INFO   ] [Structure Registry] Registered Large Structure: MansionPopulator 
[2026-03-26 10:09:25] [INFO   ] [Structure Registry] Registered Large Structure: AncientCityPopulator 
[2026-03-26 10:09:25] [INFO   ] [Structure Registry] Registered Large Structure: TrialChamberPopulator 
[2026-03-26 10:09:25] [INFO   ] [Structure Registry] Registered Large Structure: LargeCavePopulator 
[2026-03-26 10:09:25] [INFO   ] [Structure Registry] Registered Large Structure: MineshaftPopulator 
[2026-03-26 10:09:25] [INFO   ] [Structure Registry] Registered Large Structure: CatacombsPopulator 
[2026-03-26 10:09:25] [INFO   ] [Structure Registry] Registered Large Structure: BadlandsMinePopulator 
[2026-03-26 10:09:25] [INFO   ] [Structure Registry] Registered Large Structure: WarmOceanRuinsPopulator 
[2026-03-26 10:09:25] [INFO   ] [Structure Registry] Registered Large Structure: TrailRuinsPopulator 
[2026-03-26 10:09:25] [INFO   ] [Structure Registry] Registered Small Structure: SmallDungeonPopulator 
[2026-03-26 10:09:25] [INFO   ] [Structure Registry] Registered Small Structure: ShipwreckPopulator 
[2026-03-26 10:09:25] [INFO   ] [Structure Registry] Registered Small Structure: BuriedTreasurePopulator 
[2026-03-26 10:09:25] [INFO   ] [Structure Registry] Registered Small Structure: RuinedPortalPopulator 
[2026-03-26 10:09:25] [INFO   ] [Structure Registry] Registered Small Structure: IglooPopulator 
[2026-03-26 10:09:25] [INFO   ] [Structure Registry] Registered Small Structure: DesertWellPopulator 
[2026-03-26 10:09:25] [INFO   ] [Structure Registry] Registered Small Structure: WitchHutPopulator 
[2026-03-26 10:09:27] [INFO   ] Creating TW instance: world - 8157096416607632898 
[2026-03-26 10:09:27] [INFO   ]  Detected world: world, commencing injection...  
[2026-03-26 10:09:27] [INFO   ] Creating TW instance: world - 8157096416607632898 
[2026-03-26 10:09:27] [INFO   ] NMSChunkGenerator Delegate is of type CustomChunkGenerator 
[2026-03-26 10:09:27] [INFO   ] Post injection: getChunkSource().getChunkGenerator() is of type NMSChunkGenerator 
[2026-03-26 10:09:27] [INFO   ]  Injection success! Proceeding with generation. 
[2026-03-26 10:09:27] [INFO   ]  world loaded. 
